[{"model": "sessions.session", "pk": "6m1f7tr3nuo731130mmi5qa4fj1e8doa", "fields": {"session_data": ".eJxVjbkOwjAQRP_FNbZ87tqU9HxDtLbXhEOJlKNC_DuJlAK6kea9mbfoaF36bp156u5VnAU3Cimil4wWpEeMkjwnWaKJ0HwxAEacfrVM5cnD7tYHDbdRlXFYpntWO6KOdlbXsfLrcrB_Az3N_Wa7kowBMs6BC7bkkLllSskWRmbvtd7Ora7a4ZYQLBqkbGP1UENsTny-mypAAg:1mgmJN:721LDKqGG5AHXNLIGNDn1xewdXnxnRbk4nnN1zhU7mI", "expire_date": "2021-11-13T11:14:09.943Z"}}, {"model": "sessions.session", "pk": "7g6hxvnk5ehugfr945ejrrg0axupqoop", "fields": {"session_data": ".eJxVzDkOwjAURdG9uMaW8x1PlPSsIfqDTQIokTJUiL1DpBRQv3veS3W4rX23LWXuBlFnxRSsC6Xo5CDrNgpoxJp1QgIrHLMnq06_jJAfZdyt3HG8TYancZ0HMntijnUx10nK83K0fwc9Lv1Xx-AjlSoWK4VYgwVqsgNKSYATtd5DmwqDBR85J0mBvUOGCNhArlW9PxKUQSI:1mPPNP:K2AZTskTCyxdcYAZ05IOeK3HQbBUEcMarWFS9p63cww", "expire_date": "2021-09-26T13:18:31.150Z"}}, {"model": "sessions.session", "pk": "8hf5neauu5hp7hh7s5o206pmm1oza5p6", "fields": {"session_data": ".eJxVjbkOwjAQRP_FNbZ87tqU9HxDtLbXhEOJlKNC_DuJlAK6kea9mbfoaF36bp156u5VnAU3Cimil4wWpEeMkjwnWaKJ0HwxAEacfrVM5cnD7tYHDbdRlXFYpntWO6KOdlbXsfLrcrB_Az3N_Wa7kowBMs6BC7bkkLllSskWRmbvtd7Ora7a4ZYQLBqkbGP1UENsTny-mypAAg:1mPhHk:A8L73sP-3c619hs101Ws-FzR9QceGYlfB1JLVwWbhCQ", "expire_date": "2021-09-27T08:25:52.184Z"}}, {"model": "sessions.session", "pk": "eurct6wb7tvmx84vdz7bvq2x8k1bnkxy", "fields": {"session_data": ".eJxVjbkOwjAQRP_FNbZ87tqU9HxDtLbXhEOJlKNC_DuJlAK6kea9mbfoaF36bp156u5VnAU3Cimil4wWpEeMkjwnWaKJ0HwxAEacfrVM5cnD7tYHDbdRlXFYpntWO6KOdlbXsfLrcrB_Az3N_Wa7kowBMs6BC7bkkLllSskWRmbvtd7Ora7a4ZYQLBqkbGP1UENsTny-mypAAg:1mYrwX:YOvr8sYfy39ywf0AtKPhQY2YYqZ6fjicLCh8UIcIKTY", "expire_date": "2021-10-22T15:37:53.629Z"}}, {"model": "sessions.session", "pk": "glk4uaxjkas50zazjbvekv0q1wbmauw3", "fields": {"session_data": ".eJxVzDkOwjAURdG9uMaW8x1PlPSsIfqDTQIokTJUiL1DpBRQv3veS3W4rX23LWXuBlFnxRSsC6Xo5CDrNgpoxJp1QgIrHLMnq06_jJAfZdyt3HG8TYancZ0HMntijnUx10nK83K0fwc9Lv1Xx-AjlSoWK4VYgwVqsgNKSYATtd5DmwqDBR85J0mBvUOGCNhArlW9PxKUQSI:1mQ5a6:sae4Dcn9kRG7Qgi9Rih5SgPOC0y9uEVYFQcYCFK8tDg", "expire_date": "2021-09-28T10:22:26.150Z"}}, {"model": "sessions.session", "pk": "hfmypfp4k0uvwcbp85rtyvfl82kc9vh6", "fields": {"session_data": ".eJxVzDkOwjAURdG9uMaW8x1PlPSsIfqDTQIokTJUiL1DpBRQv3veS3W4rX23LWXuBlFnxRSsC6Xo5CDrNgpoxJp1QgIrHLMnq06_jJAfZdyt3HG8TYancZ0HMntijnUx10nK83K0fwc9Lv1Xx-AjlSoWK4VYgwVqsgNKSYATtd5DmwqDBR85J0mBvUOGCNhArlW9PxKUQSI:1mdvGw:LlpAHuWsRFbdflXCoN8TEdnQEvdeSplfy_KYcX7Kn2M", "expire_date": "2021-11-05T14:11:50.154Z"}}, {"model": "sites.site", "pk": 1, "fields": {"domain": "example.com", "name": "example.com"}}, {"model": "wagtailcore.site", "pk": 1, "fields": {"hostname": "localhost", "port": 80, "site_name": "", "root_page": 2, "is_default_site": true}}, {"model": "wagtailcore.collection", "pk": 1, "fields": {"path": "0001", "depth": 1, "numchild": 0, "name": "Root"}}, {"model": "wagtailcore.groupcollectionpermission", "pk": 1, "fields": {"group": 1, "collection": 1, "permission": 1}}, {"model": "wagtailcore.groupcollectionpermission", "pk": 2, "fields": {"group": 2, "collection": 1, "permission": 1}}, {"model": "wagtailcore.groupcollectionpermission", "pk": 3, "fields": {"group": 1, "collection": 1, "permission": 2}}, {"model": "wagtailcore.groupcollectionpermission", "pk": 4, "fields": {"group": 2, "collection": 1, "permission": 2}}, {"model": "wagtailcore.groupcollectionpermission", "pk": 5, "fields": {"group": 1, "collection": 1, "permission": 6}}, {"model": "wagtailcore.groupcollectionpermission", "pk": 6, "fields": {"group": 2, "collection": 1, "permission": 6}}, {"model": "wagtailcore.groupcollectionpermission", "pk": 7, "fields": {"group": 1, "collection": 1, "permission": 7}}, {"model": "wagtailcore.groupcollectionpermission", "pk": 8, "fields": {"group": 2, "collection": 1, "permission": 7}}, {"model": "wagtailcore.groupcollectionpermission", "pk": 9, "fields": {"group": 1, "collection": 1, "permission": 9}}, {"model": "wagtailcore.groupcollectionpermission", "pk": 10, "fields": {"group": 2, "collection": 1, "permission": 9}}, {"model": "wagtailcore.locale", "pk": 1, "fields": {"language_code": "en"}}, {"model": "wagtailcore.page", "pk": 1, "fields": {"path": "0001", "depth": 1, "numchild": 1, "translation_key": "9032faf0-a708-40a5-8e50-c2e187b7ff62", "locale": 1, "title": "Root", "draft_title": "Root", "slug": "root", "content_type": 1, "live": true, "has_unpublished_changes": false, "url_path": "/", "owner": null, "seo_title": "", "show_in_menus": false, "search_description": "", "go_live_at": null, "expire_at": null, "expired": false, "locked": false, "locked_at": null, "locked_by": null, "first_published_at": null, "last_published_at": null, "latest_revision_created_at": null, "live_revision": null, "alias_of": null}}, {"model": "wagtailcore.page", "pk": 2, "fields": {"path": "00010001", "depth": 2, "numchild": 0, "translation_key": "50da78f6-d01b-42c2-b644-39202870cc70", "locale": 1, "title": "Welcome to your new Wagtail site!", "draft_title": "Welcome to your new Wagtail site!", "slug": "home", "content_type": 1, "live": true, "has_unpublished_changes": false, "url_path": "/home/", "owner": null, "seo_title": "", "show_in_menus": false, "search_description": "", "go_live_at": null, "expire_at": null, "expired": false, "locked": false, "locked_at": null, "locked_by": null, "first_published_at": null, "last_published_at": null, "latest_revision_created_at": null, "live_revision": null, "alias_of": null}}, {"model": "wagtailcore.grouppagepermission", "pk": 1, "fields": {"group": 1, "page": 1, "permission_type": "add"}}, {"model": "wagtailcore.grouppagepermission", "pk": 2, "fields": {"group": 1, "page": 1, "permission_type": "edit"}}, {"model": "wagtailcore.grouppagepermission", "pk": 3, "fields": {"group": 1, "page": 1, "permission_type": "publish"}}, {"model": "wagtailcore.grouppagepermission", "pk": 4, "fields": {"group": 2, "page": 1, "permission_type": "add"}}, {"model": "wagtailcore.grouppagepermission", "pk": 5, "fields": {"group": 2, "page": 1, "permission_type": "edit"}}, {"model": "wagtailcore.grouppagepermission", "pk": 6, "fields": {"group": 1, "page": 1, "permission_type": "lock"}}, {"model": "wagtailcore.grouppagepermission", "pk": 7, "fields": {"group": 1, "page": 1, "permission_type": "unlock"}}, {"model": "wagtailcore.workflowpage", "pk": 1, "fields": {"workflow": 1}}, {"model": "wagtailcore.workflowtask", "pk": 1, "fields": {"sort_order": 0, "workflow": 1, "task": 1}}, {"model": "wagtailcore.task", "pk": 1, "fields": {"name": "Moderators approval", "content_type": 3, "active": true}}, {"model": "wagtailcore.workflow", "pk": 1, "fields": {"name": "Moderators approval", "active": true}}, {"model": "wagtailcore.groupapprovaltask", "pk": 1, "fields": {"groups": [1]}}, {"model": "durin.client", "pk": 1, "fields": {"name": "API", "token_ttl": "30 00:00:00", "throttle_rate": ""}}, {"model": "durin.authtoken", "pk": 3, "fields": {"token": "89aa49f099b2a2e0b76b43e9fddc6a05893f6e0ee6165592e78c835854d07a3e", "user": "67e6e51a-7014-49f4-b4c3-e703f4bb839e", "client": 1, "created": "2021-09-13T09:37:20.096Z", "expiry": "2021-10-13T09:37:20.092Z"}}, {"model": "durin.authtoken", "pk": 4, "fields": {"token": "74884cbdb24065cf7f404052bfbcd8158869064cfe38da46eb3d0f8cc13ba25a", "user": "cb6036ee-8329-47d2-aaf9-8ab20dc795b0", "client": 1, "created": "2021-09-16T13:41:37.556Z", "expiry": "2021-10-16T13:41:37.556Z"}}, {"model": "durin.authtoken", "pk": 5, "fields": {"token": "2410cbb1742ab031e4d98d3d6d79d59842f17e2232d2c2fe77cbb760dc01a055", "user": "865cfa51-0cea-4842-a315-75137c11aeab", "client": 1, "created": "2021-10-22T14:55:52.124Z", "expiry": "2021-11-21T14:55:52.123Z"}}, {"model": "durin.authtoken", "pk": 6, "fields": {"token": "27237c787aa9dcb6de7c03bf71230583d2cdc8cc146864f98623cc7e0e6e4a69", "user": "efa59874-e726-4778-a4e9-c8186f4c1661", "client": 1, "created": "2021-10-22T15:54:37.607Z", "expiry": "2021-11-21T15:54:37.606Z"}}, {"model": "durin.authtoken", "pk": 7, "fields": {"token": "1a52cd18eb342f3f3b00411c10e2161a51fe3161e5d0ae8ebfda1bd46f379d99", "user": "2de5f7a9-929a-4f6e-9a71-ff91694c167d", "client": 1, "created": "2021-10-28T12:27:48.535Z", "expiry": "2021-11-27T12:27:48.533Z"}}, {"model": "durin.authtoken", "pk": 8, "fields": {"token": "3be161d72b8fcc34a4ee8730976c2c9e82b27e8bd63c5ec30918d1c0c568dc65", "user": "d7e2f682-7e38-4093-aaa1-f5e5f35367c4", "client": 1, "created": "2021-10-28T12:42:45.272Z", "expiry": "2021-11-27T12:42:45.272Z"}}, {"model": "durin.authtoken", "pk": 9, "fields": {"token": "355438c7c6560a83a3dd381f1097377e2504a95bafd5e7175b7b287679a61e1a", "user": "09a033ba-6c35-4ac8-a3a4-169900e9191a", "client": 1, "created": "2021-11-02T06:23:45.284Z", "expiry": "2021-12-02T06:23:45.284Z"}}, {"model": "fcm_django.fcmdevice", "pk": 1, "fields": {"name": "AGENT-APP", "active": true, "user": "09a033ba-6c35-4ac8-a3a4-169900e9191a", "date_created": "2021-09-13T12:45:31.743Z", "device_id": null, "registration_id": "eFDSl20WTOmzc-NuyiV3BT:APA91bEaXuwIUZqNk46TJsqvl418fcpkeVV42WLDloznwo3wJCLeJoysv9JR92XcCrZ1hIbRIOZgh9IWQhopUsLpfUy1J8dTe-JqBTysmYe2LGkJBbJsihMLH5RAOV5vFXkT-F8xoJuK", "type": "android"}}, {"model": "backoffice.servicefee", "pk": "e7091b41-10f6-4db5-a030-870a51498979", "fields": {"service": "PLATFORM", "fee": 1, "added_on": "2021-08-21T15:36:22.152Z", "updated_on": "2021-08-21T15:36:22.152Z"}}, {"model": "backoffice.coupon", "pk": "060e0e4e-5a30-4064-9933-bc3c589fe1c0", "fields": {"code": "TESTER", "discount": 10, "valid_from": "2021-09-25T15:36:45Z", "valid_until": "2021-09-30T15:36:47Z", "is_active": true, "added_on": "2021-09-25T15:36:54.223Z", "updated_on": "2021-09-25T15:36:54.223Z"}}, {"model": "bookings.trip", "pk": "2e5aba19-858e-4655-93cd-89c039b05634", "fields": {"vehicle": null, "status": "IN-QUEUE", "estimated_total_weight": "0.00", "estimated_total_volume": "0.00", "num_of_helpers": 0, "estimated_distance": "10.09", "scheduled_date": "2021-10-12T10:30:00.664Z", "vehicle_category_size": "2289b857-d77a-4043-9f01-096f1e7415da", "is_completed": false, "completed_on": null, "added_on": "2021-10-12T07:26:00.263Z", "updated_on": "2021-10-12T07:26:00.263Z", "vehicle_features": []}}, {"model": "bookings.trip", "pk": "54d340de-1b15-47b6-90c1-f17dda7f7d1f", "fields": {"vehicle": "ed546f20-000c-41e7-b25f-f1d1526125bd", "status": "MATCHED", "estimated_total_weight": "0.00", "estimated_total_volume": "0.00", "num_of_helpers": 0, "estimated_distance": "13.58", "scheduled_date": "2021-10-22T15:14:15.576Z", "vehicle_category_size": "2289b857-d77a-4043-9f01-096f1e7415da", "is_completed": false, "completed_on": null, "added_on": "2021-10-22T16:51:34.141Z", "updated_on": "2021-10-25T13:59:22.052Z", "vehicle_features": []}}, {"model": "bookings.trip", "pk": "702cc4b5-329c-4e7a-9057-b233fdc52a52", "fields": {"vehicle": null, "status": "COMPLETED", "estimated_total_weight": "1.00", "estimated_total_volume": "1.00", "num_of_helpers": 3, "estimated_distance": "1.00", "scheduled_date": "2021-09-16T12:15:00.109Z", "vehicle_category_size": "5e21e7f3-86e5-4995-b4d0-6bb601c9b81e", "is_completed": false, "completed_on": "2021-09-16T18:18:39.829Z", "added_on": "2021-09-15T18:12:31.345Z", "updated_on": "2021-09-16T18:18:39.829Z", "vehicle_features": []}}, {"model": "bookings.trip", "pk": "73e5ee1f-423a-4de9-be0a-59d1d8347672", "fields": {"vehicle": "c448f6db-299e-4674-87b8-7e6be24fdd44", "status": "COMPLETED", "estimated_total_weight": "1.00", "estimated_total_volume": "1.00", "num_of_helpers": 1, "estimated_distance": "1.00", "scheduled_date": "2021-09-15T11:30:24.949Z", "vehicle_category_size": "5e21e7f3-86e5-4995-b4d0-6bb601c9b81e", "is_completed": false, "completed_on": "2021-09-16T18:19:22.655Z", "added_on": "2021-09-15T11:31:43.316Z", "updated_on": "2021-11-01T13:17:37.943Z", "vehicle_features": []}}, {"model": "bookings.trip", "pk": "7e472086-b5a2-4688-b41b-30bcbd4a9479", "fields": {"vehicle": null, "status": "COMPLETED", "estimated_total_weight": "1.00", "estimated_total_volume": "1.00", "num_of_helpers": 1, "estimated_distance": "1.00", "scheduled_date": "2021-09-18T12:30:00Z", "vehicle_category_size": "2289b857-d77a-4043-9f01-096f1e7415da", "is_completed": false, "completed_on": "2021-10-03T17:14:36.553Z", "added_on": "2021-09-17T17:33:16.795Z", "updated_on": "2021-10-03T17:14:36.554Z", "vehicle_features": []}}, {"model": "bookings.trip", "pk": "be30c4c4-a5eb-4d28-ae4f-8c92c5e881b4", "fields": {"vehicle": null, "status": "IN-QUEUE", "estimated_total_weight": "0.00", "estimated_total_volume": "0.00", "num_of_helpers": 0, "estimated_distance": "0.00", "scheduled_date": "2021-10-29T21:13:30.031Z", "vehicle_category_size": "62d2bfa9-e94c-4274-9005-abe97affdcad", "is_completed": false, "completed_on": null, "added_on": "2021-10-29T21:17:31.652Z", "updated_on": "2021-10-29T21:17:31.652Z", "vehicle_features": []}}, {"model": "bookings.trip", "pk": "bec10cd9-3b7d-4361-96dd-5678c029bf4c", "fields": {"vehicle": "c448f6db-299e-4674-87b8-7e6be24fdd44", "status": "MATCHED", "estimated_total_weight": "1.00", "estimated_total_volume": "1.00", "num_of_helpers": 0, "estimated_distance": "1.00", "scheduled_date": "2021-09-14T15:31:08.476Z", "vehicle_category_size": "5e21e7f3-86e5-4995-b4d0-6bb601c9b81e", "is_completed": false, "completed_on": null, "added_on": "2021-09-14T15:40:56.107Z", "updated_on": "2021-10-12T11:22:14.100Z", "vehicle_features": []}}, {"model": "bookings.trip", "pk": "c28fd98e-de00-40bb-9074-ae2e1e53cedb", "fields": {"vehicle": null, "status": "IN-TRANSIT", "estimated_total_weight": "1.00", "estimated_total_volume": "1.00", "num_of_helpers": 4, "estimated_distance": "1.00", "scheduled_date": "2021-09-16T12:00:00.604Z", "vehicle_category_size": "5e21e7f3-86e5-4995-b4d0-6bb601c9b81e", "is_completed": false, "completed_on": null, "added_on": "2021-09-15T17:59:17.596Z", "updated_on": "2021-10-03T17:16:17.100Z", "vehicle_features": []}}, {"model": "bookings.trip", "pk": "c4935ed1-a07e-47c3-bac5-4d38ef8b50b9", "fields": {"vehicle": null, "status": "IN-TRANSIT", "estimated_total_weight": "1.00", "estimated_total_volume": "1.00", "num_of_helpers": 0, "estimated_distance": "1.00", "scheduled_date": "2021-09-14T14:43:40.062Z", "vehicle_category_size": "5e21e7f3-86e5-4995-b4d0-6bb601c9b81e", "is_completed": false, "completed_on": null, "added_on": "2021-09-14T14:44:28.809Z", "updated_on": "2021-10-03T16:38:47.289Z", "vehicle_features": []}}, {"model": "bookings.trip", "pk": "f92a27f5-ffab-42c6-9e2b-a9c937d0897a", "fields": {"vehicle": null, "status": "IN-TRANSIT", "estimated_total_weight": "1.00", "estimated_total_volume": "1.00", "num_of_helpers": 0, "estimated_distance": "1.00", "scheduled_date": "2021-09-13T08:32:48.156Z", "vehicle_category_size": "5e21e7f3-86e5-4995-b4d0-6bb601c9b81e", "is_completed": false, "completed_on": null, "added_on": "2021-09-13T08:38:14.771Z", "updated_on": "2021-09-20T14:43:49.851Z", "vehicle_features": []}}, {"model": "bookings.order", "pk": "0677aabb-7ee3-4a6d-bc69-6e350013c00b", "fields": {"customer": "09a033ba-6c35-4ac8-a3a4-169900e9191a", "trip": null, "type": "EXPRESS-PERSONAL", "channel": "WEB", "source": "d525fcb2-9497-4c4d-8cf1-9f45b846cb24", "source_storeys": 0, "destination": "3dc1eff1-b3b2-48bd-adc8-fe3d15fe05ac", "destination_storeys": 0, "vehicle_category_size": "5e21e7f3-86e5-4995-b4d0-6bb601c9b81e", "scheduled_date": "2021-09-16T10:00:00.013Z", "estimated_weight": "1.00", "estimated_volume": "1.00", "estimated_distance": "1.00", "num_of_helpers": 3, "num_of_bedrooms": 0, "shrink_wraps": 0, "bubble_wraps": 0, "packing_boxes": 1, "delivery_adhesive": 0, "insurance_tracker_number": null, "status": "INITIATED", "is_completed": false, "completed_on": null, "created_by": "09a033ba-6c35-4ac8-a3a4-169900e9191a", "referrer": null, "organisation_branch": null, "created_on": "2021-09-16T07:52:04.233Z", "updated_on": "2021-09-16T07:52:04.233Z", "stopovers": []}}, {"model": "bookings.order", "pk": "0b0a9fb8-cf6a-4c71-9ab2-4239854b5298", "fields": {"customer": "efa59874-e726-4778-a4e9-c8186f4c1661", "trip": null, "type": "EXPRESS-PERSONAL", "channel": "WEB", "source": "f35c32be-d709-4651-add3-f4ecd888b9df", "source_storeys": 1, "destination": "00ba1401-4450-419f-9995-43f50617b698", "destination_storeys": 1, "vehicle_category_size": "5e21e7f3-86e5-4995-b4d0-6bb601c9b81e", "scheduled_date": "2021-09-16T12:45:00.917Z", "estimated_weight": "1.00", "estimated_volume": "1.00", "estimated_distance": "1.00", "num_of_helpers": 1, "num_of_bedrooms": 0, "shrink_wraps": 1, "bubble_wraps": 1, "packing_boxes": 1, "delivery_adhesive": 0, "insurance_tracker_number": null, "status": "INITIATED", "is_completed": false, "completed_on": null, "created_by": "09a033ba-6c35-4ac8-a3a4-169900e9191a", "referrer": null, "organisation_branch": null, "created_on": "2021-09-15T12:37:56.499Z", "updated_on": "2021-09-15T12:37:56.499Z", "stopovers": []}}, {"model": "bookings.order", "pk": "0b928165-9a92-4cbb-9064-6a39b2328232", "fields": {"customer": "865cfa51-0cea-4842-a315-75137c11aeab", "trip": null, "type": "EXPRESS-PERSONAL", "channel": "PHONE", "source": "011b49ab-4b9c-4ce4-904f-1b30c0741c27", "source_storeys": 0, "destination": "0a2f73fc-ca54-4041-ab08-5c997146af2d", "destination_storeys": 0, "vehicle_category_size": "2289b857-d77a-4043-9f01-096f1e7415da", "scheduled_date": "2021-10-29T10:39:20.404Z", "estimated_weight": "0.00", "estimated_volume": "0.00", "estimated_distance": "0.00", "num_of_helpers": 0, "num_of_bedrooms": 0, "shrink_wraps": 0, "bubble_wraps": 0, "packing_boxes": 0, "delivery_adhesive": 0, "insurance_tracker_number": null, "status": "INITIATED", "is_completed": false, "completed_on": null, "created_by": "865cfa51-0cea-4842-a315-75137c11aeab", "referrer": null, "organisation_branch": null, "created_on": "2021-10-29T10:39:20.405Z", "updated_on": "2021-10-29T10:39:23.506Z", "stopovers": []}}, {"model": "bookings.order", "pk": "11c3a1c5-03e1-499d-9c94-966b357a3067", "fields": {"customer": "efa59874-e726-4778-a4e9-c8186f4c1661", "trip": null, "type": "EXPRESS-PERSONAL", "channel": "ANDROID", "source": "d77131cf-9fe6-4cf2-9077-d50b3b2c3337", "source_storeys": 1, "destination": "d77131cf-9fe6-4cf2-9077-d50b3b2c3337", "destination_storeys": 1, "vehicle_category_size": "5e21e7f3-86e5-4995-b4d0-6bb601c9b81e", "scheduled_date": "2021-09-18T12:45:00.552Z", "estimated_weight": "1.00", "estimated_volume": "1.00", "estimated_distance": "1.00", "num_of_helpers": 1, "num_of_bedrooms": 0, "shrink_wraps": 0, "bubble_wraps": 0, "packing_boxes": 2, "delivery_adhesive": 0, "insurance_tracker_number": null, "status": "INITIATED", "is_completed": false, "completed_on": null, "created_by": "09a033ba-6c35-4ac8-a3a4-169900e9191a", "referrer": null, "organisation_branch": null, "created_on": "2021-09-17T20:43:04.034Z", "updated_on": "2021-09-20T13:16:26.186Z", "stopovers": []}}, {"model": "bookings.order", "pk": "11f96411-3403-4c57-8b38-53e2d34a1a29", "fields": {"customer": "09a033ba-6c35-4ac8-a3a4-169900e9191a", "trip": null, "type": "EXPRESS-DELIVERY", "channel": "WEB", "source": "12271c44-f38b-4894-a899-b22d42409932", "source_storeys": 0, "destination": "14717b01-ea58-429d-86a3-9d9f3921b032", "destination_storeys": 0, "vehicle_category_size": "2289b857-d77a-4043-9f01-096f1e7415da", "scheduled_date": "2021-10-05T12:45:00.846Z", "estimated_weight": "0.00", "estimated_volume": "0.00", "estimated_distance": "7.83", "num_of_helpers": 0, "num_of_bedrooms": 0, "shrink_wraps": 0, "bubble_wraps": 0, "packing_boxes": 0, "delivery_adhesive": 0, "insurance_tracker_number": null, "status": "INITIATED", "is_completed": false, "completed_on": null, "created_by": "09a033ba-6c35-4ac8-a3a4-169900e9191a", "referrer": null, "organisation_branch": null, "created_on": "2021-10-05T09:33:54.064Z", "updated_on": "2021-10-05T09:33:54.451Z", "stopovers": []}}, {"model": "bookings.order", "pk": "163adb12-ab66-4a01-9920-15d74e34c0f4", "fields": {"customer": "09a033ba-6c35-4ac8-a3a4-169900e9191a", "trip": "7e472086-b5a2-4688-b41b-30bcbd4a9479", "type": "EXPRESS-PERSONAL", "channel": "WEB", "source": "d525fcb2-9497-4c4d-8cf1-9f45b846cb24", "source_storeys": 0, "destination": "00ba1401-4450-419f-9995-43f50617b698", "destination_storeys": 0, "vehicle_category_size": "5e21e7f3-86e5-4995-b4d0-6bb601c9b81e", "scheduled_date": "2021-09-16T10:45:00.182Z", "estimated_weight": "1.00", "estimated_volume": "1.00", "estimated_distance": "1.00", "num_of_helpers": 3, "num_of_bedrooms": 0, "shrink_wraps": 0, "bubble_wraps": 0, "packing_boxes": 1, "delivery_adhesive": 0, "insurance_tracker_number": null, "status": "DELIVERED", "is_completed": false, "completed_on": "2021-10-03T17:14:36.549Z", "created_by": "09a033ba-6c35-4ac8-a3a4-169900e9191a", "referrer": null, "organisation_branch": null, "created_on": "2021-09-16T07:48:30.928Z", "updated_on": "2021-10-03T17:14:36.549Z", "stopovers": []}}, {"model": "bookings.order", "pk": "1800edb1-ff5d-4e87-a202-608b9b482c24", "fields": {"customer": "67e6e51a-7014-49f4-b4c3-e703f4bb839e", "trip": null, "type": "EXPRESS-PERSONAL", "channel": "PHONE", "source": "0a2f73fc-ca54-4041-ab08-5c997146af2d", "source_storeys": 0, "destination": "d525fcb2-9497-4c4d-8cf1-9f45b846cb24", "destination_storeys": 0, "vehicle_category_size": "2289b857-d77a-4043-9f01-096f1e7415da", "scheduled_date": "2021-10-08T16:26:34.422Z", "estimated_weight": "0.00", "estimated_volume": "0.00", "estimated_distance": "13.58", "num_of_helpers": 0, "num_of_bedrooms": 0, "shrink_wraps": 0, "bubble_wraps": 0, "packing_boxes": 0, "delivery_adhesive": 0, "insurance_tracker_number": null, "status": "INITIATED", "is_completed": false, "completed_on": null, "created_by": "67e6e51a-7014-49f4-b4c3-e703f4bb839e", "referrer": null, "organisation_branch": null, "created_on": "2021-10-08T16:26:34.425Z", "updated_on": "2021-10-08T16:26:38.970Z", "stopovers": []}}, {"model": "bookings.order", "pk": "18472b83-ae28-4801-9367-db58ec2db717", "fields": {"customer": "aed3f7cf-c920-4b97-8ac4-e307f127d038", "trip": null, "type": "EXPRESS-PERSONAL", "channel": "WEB", "source": "bd30b01b-77b8-48c2-85b3-167ae29111fa", "source_storeys": 0, "destination": "dc253dea-93c3-4159-b95b-88acb72582cb", "destination_storeys": 0, "vehicle_category_size": "5e21e7f3-86e5-4995-b4d0-6bb601c9b81e", "scheduled_date": "2021-09-14T16:04:17.152Z", "estimated_weight": "1.00", "estimated_volume": "1.00", "estimated_distance": "1.00", "num_of_helpers": 0, "num_of_bedrooms": 0, "shrink_wraps": 0, "bubble_wraps": 0, "packing_boxes": 0, "delivery_adhesive": 0, "insurance_tracker_number": null, "status": "INITIATED", "is_completed": false, "completed_on": null, "created_by": "5585d6b9-d98a-4e71-a83e-ed026dd49e34", "referrer": null, "organisation_branch": null, "created_on": "2021-09-14T16:20:46.490Z", "updated_on": "2021-09-14T16:20:46.490Z", "stopovers": []}}, {"model": "bookings.order", "pk": "1cd290cd-4281-4fe2-90b8-0d3514f6a04b", "fields": {"customer": "09a033ba-6c35-4ac8-a3a4-169900e9191a", "trip": "2e5aba19-858e-4655-93cd-89c039b05634", "type": "EXPRESS-DELIVERY", "channel": "WEB", "source": "65eba4ab-b7e6-4590-b659-f9a1eab9e399", "source_storeys": 0, "destination": "14717b01-ea58-429d-86a3-9d9f3921b032", "destination_storeys": 0, "vehicle_category_size": "2289b857-d77a-4043-9f01-096f1e7415da", "scheduled_date": "2021-10-12T10:30:00.664Z", "estimated_weight": "0.00", "estimated_volume": "0.00", "estimated_distance": "10.09", "num_of_helpers": 0, "num_of_bedrooms": 0, "shrink_wraps": 0, "bubble_wraps": 0, "packing_boxes": 0, "delivery_adhesive": 0, "insurance_tracker_number": null, "status": "MATCHED", "is_completed": false, "completed_on": null, "created_by": "09a033ba-6c35-4ac8-a3a4-169900e9191a", "referrer": null, "organisation_branch": null, "created_on": "2021-10-12T07:25:41.427Z", "updated_on": "2021-10-12T07:26:00.361Z", "stopovers": []}}, {"model": "bookings.order", "pk": "23fe8af8-bfb6-4bbf-ad6c-f7e7d952dfab", "fields": {"customer": "efa59874-e726-4778-a4e9-c8186f4c1661", "trip": "f92a27f5-ffab-42c6-9e2b-a9c937d0897a", "type": "EXPRESS-PERSONAL", "channel": "PHONE", "source": "d525fcb2-9497-4c4d-8cf1-9f45b846cb24", "source_storeys": 0, "destination": "d525fcb2-9497-4c4d-8cf1-9f45b846cb24", "destination_storeys": 0, "vehicle_category_size": "5e21e7f3-86e5-4995-b4d0-6bb601c9b81e", "scheduled_date": "2021-09-13T08:32:48.156Z", "estimated_weight": "1.00", "estimated_volume": "1.00", "estimated_distance": "1.00", "num_of_helpers": 0, "num_of_bedrooms": 0, "shrink_wraps": 0, "bubble_wraps": 0, "packing_boxes": 0, "delivery_adhesive": 0, "insurance_tracker_number": null, "status": "LOADING", "is_completed": false, "completed_on": null, "created_by": "efa59874-e726-4778-a4e9-c8186f4c1661", "referrer": null, "organisation_branch": null, "created_on": "2021-09-13T08:32:48.158Z", "updated_on": "2021-09-20T14:43:49.846Z", "stopovers": []}}, {"model": "bookings.order", "pk": "37939001-11fb-4714-9400-4e71e34ede74", "fields": {"customer": "67e6e51a-7014-49f4-b4c3-e703f4bb839e", "trip": null, "type": "EXPRESS-PERSONAL", "channel": "PHONE", "source": "f35c32be-d709-4651-add3-f4ecd888b9df", "source_storeys": 0, "destination": "d525fcb2-9497-4c4d-8cf1-9f45b846cb24", "destination_storeys": 0, "vehicle_category_size": "5e21e7f3-86e5-4995-b4d0-6bb601c9b81e", "scheduled_date": "2021-09-13T09:57:34.155Z", "estimated_weight": "1.00", "estimated_volume": "1.00", "estimated_distance": "1.00", "num_of_helpers": 0, "num_of_bedrooms": 0, "shrink_wraps": 0, "bubble_wraps": 0, "packing_boxes": 0, "delivery_adhesive": 0, "insurance_tracker_number": null, "status": "INITIATED", "is_completed": false, "completed_on": null, "created_by": "67e6e51a-7014-49f4-b4c3-e703f4bb839e", "referrer": null, "organisation_branch": null, "created_on": "2021-09-13T09:57:34.158Z", "updated_on": "2021-09-13T09:57:34.158Z", "stopovers": []}}, {"model": "bookings.order", "pk": "384d5d4b-6760-49c3-8adf-e2bd19ccfc9d", "fields": {"customer": "efa59874-e726-4778-a4e9-c8186f4c1661", "trip": "c4935ed1-a07e-47c3-bac5-4d38ef8b50b9", "type": "EXPRESS-PERSONAL", "channel": "WEB", "source": "334ea175-a36e-4628-b852-38b18aac8747", "source_storeys": 0, "destination": "334ea175-a36e-4628-b852-38b18aac8747", "destination_storeys": 0, "vehicle_category_size": "5e21e7f3-86e5-4995-b4d0-6bb601c9b81e", "scheduled_date": "2021-09-14T14:43:40.062Z", "estimated_weight": "1.00", "estimated_volume": "1.00", "estimated_distance": "1.00", "num_of_helpers": 0, "num_of_bedrooms": 0, "shrink_wraps": 0, "bubble_wraps": 0, "packing_boxes": 0, "delivery_adhesive": 0, "insurance_tracker_number": null, "status": "IN-TRANSIT", "is_completed": false, "completed_on": null, "created_by": "09a033ba-6c35-4ac8-a3a4-169900e9191a", "referrer": null, "organisation_branch": null, "created_on": "2021-09-14T14:44:03.894Z", "updated_on": "2021-10-03T16:38:47.286Z", "stopovers": []}}, {"model": "bookings.order", "pk": "3a7c5fbc-8d8d-47fe-ae0e-e4a0e01ae272", "fields": {"customer": "67e6e51a-7014-49f4-b4c3-e703f4bb839e", "trip": null, "type": "EXPRESS-PERSONAL", "channel": "PHONE", "source": "d525fcb2-9497-4c4d-8cf1-9f45b846cb24", "source_storeys": 0, "destination": "f35c32be-d709-4651-add3-f4ecd888b9df", "destination_storeys": 0, "vehicle_category_size": "5e21e7f3-86e5-4995-b4d0-6bb601c9b81e", "scheduled_date": "2021-09-13T10:02:29.578Z", "estimated_weight": "1.00", "estimated_volume": "1.00", "estimated_distance": "1.00", "num_of_helpers": 0, "num_of_bedrooms": 0, "shrink_wraps": 0, "bubble_wraps": 0, "packing_boxes": 0, "delivery_adhesive": 0, "insurance_tracker_number": null, "status": "INITIATED", "is_completed": false, "completed_on": null, "created_by": "67e6e51a-7014-49f4-b4c3-e703f4bb839e", "referrer": null, "organisation_branch": null, "created_on": "2021-09-13T10:02:29.579Z", "updated_on": "2021-09-13T10:02:29.579Z", "stopovers": []}}, {"model": "bookings.order", "pk": "4106945e-d854-49fd-b813-26f770550493", "fields": {"customer": "5585d6b9-d98a-4e71-a83e-ed026dd49e34", "trip": "702cc4b5-329c-4e7a-9057-b233fdc52a52", "type": "EXPRESS-PERSONAL", "channel": "WEB", "source": "5a77c11c-bff7-4bc6-9bf7-2b1ebf5fcc5f", "source_storeys": 2, "destination": "e91f3d9f-eec8-4109-9a6e-5376f9a450e6", "destination_storeys": 2, "vehicle_category_size": "5e21e7f3-86e5-4995-b4d0-6bb601c9b81e", "scheduled_date": "2021-09-16T12:15:00.109Z", "estimated_weight": "1.00", "estimated_volume": "1.00", "estimated_distance": "1.00", "num_of_helpers": 3, "num_of_bedrooms": 0, "shrink_wraps": 2, "bubble_wraps": 2, "packing_boxes": 2, "delivery_adhesive": 0, "insurance_tracker_number": null, "status": "DISPUTED", "is_completed": false, "completed_on": "2021-09-16T18:18:39.826Z", "created_by": "5585d6b9-d98a-4e71-a83e-ed026dd49e34", "referrer": null, "organisation_branch": null, "created_on": "2021-09-15T18:12:06.060Z", "updated_on": "2021-09-16T18:18:43.190Z", "stopovers": []}}, {"model": "bookings.order", "pk": "4107cb38-f168-4a58-a5ab-90543f47774b", "fields": {"customer": "cbe295b9-830e-45df-8a80-537fddc2f63f", "trip": "c28fd98e-de00-40bb-9074-ae2e1e53cedb", "type": "EXPRESS-PERSONAL", "channel": "WEB", "source": "bfaa21a5-4eb1-4690-a415-8d759e8f8c0e", "source_storeys": 1, "destination": "e91f3d9f-eec8-4109-9a6e-5376f9a450e6", "destination_storeys": 2, "vehicle_category_size": "5e21e7f3-86e5-4995-b4d0-6bb601c9b81e", "scheduled_date": "2021-09-16T12:00:00.604Z", "estimated_weight": "1.00", "estimated_volume": "1.00", "estimated_distance": "1.00", "num_of_helpers": 4, "num_of_bedrooms": 0, "shrink_wraps": 12, "bubble_wraps": 3, "packing_boxes": 10, "delivery_adhesive": 0, "insurance_tracker_number": null, "status": "OFFLOADING", "is_completed": false, "completed_on": null, "created_by": "5585d6b9-d98a-4e71-a83e-ed026dd49e34", "referrer": null, "organisation_branch": null, "created_on": "2021-09-15T17:57:29.900Z", "updated_on": "2021-10-03T17:16:17.092Z", "stopovers": []}}, {"model": "bookings.order", "pk": "4a4ba5fa-32f1-4a8a-804a-13cd888f6915", "fields": {"customer": "efa59874-e726-4778-a4e9-c8186f4c1661", "trip": null, "type": "EXPRESS-PERSONAL", "channel": "PHONE", "source": "011b49ab-4b9c-4ce4-904f-1b30c0741c27", "source_storeys": 0, "destination": "78c5bf8a-a1f3-4608-bc15-6d79308f7b6f", "destination_storeys": 0, "vehicle_category_size": "5e21e7f3-86e5-4995-b4d0-6bb601c9b81e", "scheduled_date": "2021-09-13T09:09:11.888Z", "estimated_weight": "1.00", "estimated_volume": "1.00", "estimated_distance": "1.00", "num_of_helpers": 0, "num_of_bedrooms": 0, "shrink_wraps": 0, "bubble_wraps": 0, "packing_boxes": 0, "delivery_adhesive": 0, "insurance_tracker_number": null, "status": "INITIATED", "is_completed": false, "completed_on": null, "created_by": "efa59874-e726-4778-a4e9-c8186f4c1661", "referrer": null, "organisation_branch": null, "created_on": "2021-09-13T09:09:11.890Z", "updated_on": "2021-09-13T09:09:11.890Z", "stopovers": []}}, {"model": "bookings.order", "pk": "4a686f86-5dcd-47bc-a142-0ffa18053078", "fields": {"customer": "67e6e51a-7014-49f4-b4c3-e703f4bb839e", "trip": null, "type": "EXPRESS-PERSONAL", "channel": "PHONE", "source": "0a2f73fc-ca54-4041-ab08-5c997146af2d", "source_storeys": 0, "destination": "d525fcb2-9497-4c4d-8cf1-9f45b846cb24", "destination_storeys": 0, "vehicle_category_size": "5e21e7f3-86e5-4995-b4d0-6bb601c9b81e", "scheduled_date": "2021-09-13T09:47:02.252Z", "estimated_weight": "1.00", "estimated_volume": "1.00", "estimated_distance": "1.00", "num_of_helpers": 0, "num_of_bedrooms": 0, "shrink_wraps": 0, "bubble_wraps": 0, "packing_boxes": 0, "delivery_adhesive": 0, "insurance_tracker_number": null, "status": "INITIATED", "is_completed": false, "completed_on": null, "created_by": "67e6e51a-7014-49f4-b4c3-e703f4bb839e", "referrer": null, "organisation_branch": null, "created_on": "2021-09-13T09:47:02.254Z", "updated_on": "2021-09-13T09:47:02.254Z", "stopovers": []}}, {"model": "bookings.order", "pk": "4d4edfb4-6e79-4e53-a341-1ab41af0e4f6", "fields": {"customer": "865cfa51-0cea-4842-a315-75137c11aeab", "trip": null, "type": "EXPRESS-PERSONAL", "channel": "PHONE", "source": "0a2f73fc-ca54-4041-ab08-5c997146af2d", "source_storeys": 0, "destination": "0a2f73fc-ca54-4041-ab08-5c997146af2d", "destination_storeys": 0, "vehicle_category_size": "2289b857-d77a-4043-9f01-096f1e7415da", "scheduled_date": "2021-10-29T10:35:21.952Z", "estimated_weight": "0.00", "estimated_volume": "0.00", "estimated_distance": "0.00", "num_of_helpers": 0, "num_of_bedrooms": 0, "shrink_wraps": 0, "bubble_wraps": 0, "packing_boxes": 0, "delivery_adhesive": 0, "insurance_tracker_number": null, "status": "INITIATED", "is_completed": false, "completed_on": null, "created_by": "865cfa51-0cea-4842-a315-75137c11aeab", "referrer": null, "organisation_branch": null, "created_on": "2021-10-29T10:35:21.952Z", "updated_on": "2021-10-29T10:35:26.256Z", "stopovers": []}}, {"model": "bookings.order", "pk": "5007c984-0e95-4bcd-a756-25739baf91ee", "fields": {"customer": "09a033ba-6c35-4ac8-a3a4-169900e9191a", "trip": null, "type": "EXPRESS-PERSONAL", "channel": "WEB", "source": "f35c32be-d709-4651-add3-f4ecd888b9df", "source_storeys": 0, "destination": "f35c32be-d709-4651-add3-f4ecd888b9df", "destination_storeys": 0, "vehicle_category_size": "5e21e7f3-86e5-4995-b4d0-6bb601c9b81e", "scheduled_date": "2021-09-14T15:12:25.959Z", "estimated_weight": "1.00", "estimated_volume": "1.00", "estimated_distance": "1.00", "num_of_helpers": 0, "num_of_bedrooms": 0, "shrink_wraps": 0, "bubble_wraps": 0, "packing_boxes": 0, "delivery_adhesive": 0, "insurance_tracker_number": null, "status": "INITIATED", "is_completed": false, "completed_on": null, "created_by": "e748044b-9c53-473a-8000-e97038ddcb83", "referrer": null, "organisation_branch": null, "created_on": "2021-09-14T15:24:01.857Z", "updated_on": "2021-09-14T15:24:01.858Z", "stopovers": []}}, {"model": "bookings.order", "pk": "5ac7b574-6e9e-4401-a19e-f12fc86ea460", "fields": {"customer": "cb6036ee-8329-47d2-aaf9-8ab20dc795b0", "trip": null, "type": "EXPRESS-PERSONAL", "channel": "WEB", "source": "f35c32be-d709-4651-add3-f4ecd888b9df", "source_storeys": 0, "destination": "334ea175-a36e-4628-b852-38b18aac8747", "destination_storeys": 0, "vehicle_category_size": "5e21e7f3-86e5-4995-b4d0-6bb601c9b81e", "scheduled_date": "2021-09-13T09:59:58.781Z", "estimated_weight": "1.00", "estimated_volume": "1.00", "estimated_distance": "1.00", "num_of_helpers": 0, "num_of_bedrooms": 0, "shrink_wraps": 0, "bubble_wraps": 0, "packing_boxes": 0, "delivery_adhesive": 0, "insurance_tracker_number": null, "status": "INITIATED", "is_completed": false, "completed_on": null, "created_by": "cb6036ee-8329-47d2-aaf9-8ab20dc795b0", "referrer": null, "organisation_branch": null, "created_on": "2021-09-13T10:01:01.701Z", "updated_on": "2021-09-13T10:01:01.701Z", "stopovers": []}}, {"model": "bookings.order", "pk": "60b8ac66-2e6b-4b98-81ee-7e30b246bc1c", "fields": {"customer": "09a033ba-6c35-4ac8-a3a4-169900e9191a", "trip": null, "type": "EXPRESS-PERSONAL", "channel": "WEB", "source": "334ea175-a36e-4628-b852-38b18aac8747", "source_storeys": 0, "destination": "334ea175-a36e-4628-b852-38b18aac8747", "destination_storeys": 0, "vehicle_category_size": "5e21e7f3-86e5-4995-b4d0-6bb601c9b81e", "scheduled_date": "2021-09-14T15:51:32.815Z", "estimated_weight": "1.00", "estimated_volume": "1.00", "estimated_distance": "1.00", "num_of_helpers": 0, "num_of_bedrooms": 0, "shrink_wraps": 0, "bubble_wraps": 0, "packing_boxes": 0, "delivery_adhesive": 0, "insurance_tracker_number": null, "status": "INITIATED", "is_completed": false, "completed_on": null, "created_by": "09a033ba-6c35-4ac8-a3a4-169900e9191a", "referrer": null, "organisation_branch": null, "created_on": "2021-09-14T15:52:03.799Z", "updated_on": "2021-09-14T15:52:03.799Z", "stopovers": []}}, {"model": "bookings.order", "pk": "615d221b-7128-43f8-bb15-404224dd04d1", "fields": {"customer": "09a033ba-6c35-4ac8-a3a4-169900e9191a", "trip": null, "type": "EXPRESS-DELIVERY", "channel": "WEB", "source": "12271c44-f38b-4894-a899-b22d42409932", "source_storeys": 0, "destination": "12271c44-f38b-4894-a899-b22d42409932", "destination_storeys": 0, "vehicle_category_size": "2289b857-d77a-4043-9f01-096f1e7415da", "scheduled_date": "2021-10-05T10:15:00.368Z", "estimated_weight": "0.00", "estimated_volume": "0.00", "estimated_distance": "0.00", "num_of_helpers": 0, "num_of_bedrooms": 0, "shrink_wraps": 0, "bubble_wraps": 0, "packing_boxes": 0, "delivery_adhesive": 0, "insurance_tracker_number": null, "status": "INITIATED", "is_completed": false, "completed_on": null, "created_by": "09a033ba-6c35-4ac8-a3a4-169900e9191a", "referrer": null, "organisation_branch": null, "created_on": "2021-10-05T07:41:41.748Z", "updated_on": "2021-10-05T07:41:42.064Z", "stopovers": []}}, {"model": "bookings.order", "pk": "67f61f4f-39fc-414f-8063-510cbc7bf006", "fields": {"customer": "efa59874-e726-4778-a4e9-c8186f4c1661", "trip": "bec10cd9-3b7d-4361-96dd-5678c029bf4c", "type": "EXPRESS-PERSONAL", "channel": "WEB", "source": "334ea175-a36e-4628-b852-38b18aac8747", "source_storeys": 0, "destination": "334ea175-a36e-4628-b852-38b18aac8747", "destination_storeys": 0, "vehicle_category_size": "5e21e7f3-86e5-4995-b4d0-6bb601c9b81e", "scheduled_date": "2021-09-14T15:31:08.476Z", "estimated_weight": "1.00", "estimated_volume": "1.00", "estimated_distance": "1.00", "num_of_helpers": 0, "num_of_bedrooms": 0, "shrink_wraps": 0, "bubble_wraps": 0, "packing_boxes": 0, "delivery_adhesive": 0, "insurance_tracker_number": null, "status": "MATCHED", "is_completed": false, "completed_on": null, "created_by": "09a033ba-6c35-4ac8-a3a4-169900e9191a", "referrer": null, "organisation_branch": null, "created_on": "2021-09-14T15:31:34.673Z", "updated_on": "2021-09-14T15:40:56.227Z", "stopovers": []}}, {"model": "bookings.order", "pk": "6be790e7-f3ae-41e1-9efe-49a6e9c9462a", "fields": {"customer": "09a033ba-6c35-4ac8-a3a4-169900e9191a", "trip": null, "type": "EXPRESS-PERSONAL", "channel": "PHONE", "source": "0a2f73fc-ca54-4041-ab08-5c997146af2d", "source_storeys": 0, "destination": "d525fcb2-9497-4c4d-8cf1-9f45b846cb24", "destination_storeys": 0, "vehicle_category_size": "5e21e7f3-86e5-4995-b4d0-6bb601c9b81e", "scheduled_date": "2021-09-13T09:11:36.184Z", "estimated_weight": "1.00", "estimated_volume": "1.00", "estimated_distance": "1.00", "num_of_helpers": 0, "num_of_bedrooms": 0, "shrink_wraps": 0, "bubble_wraps": 0, "packing_boxes": 0, "delivery_adhesive": 0, "insurance_tracker_number": null, "status": "INITIATED", "is_completed": false, "completed_on": null, "created_by": "efa59874-e726-4778-a4e9-c8186f4c1661", "referrer": null, "organisation_branch": null, "created_on": "2021-09-13T09:11:36.187Z", "updated_on": "2021-09-13T09:11:36.187Z", "stopovers": []}}, {"model": "bookings.order", "pk": "71645637-a91b-47b0-bdcc-aad057369d92", "fields": {"customer": "cb6036ee-8329-47d2-aaf9-8ab20dc795b0", "trip": null, "type": "EXPRESS-PERSONAL", "channel": "WEB", "source": "777d73a6-87d8-4435-b77b-b7237b872b4f", "source_storeys": 0, "destination": "777d73a6-87d8-4435-b77b-b7237b872b4f", "destination_storeys": 0, "vehicle_category_size": "5e21e7f3-86e5-4995-b4d0-6bb601c9b81e", "scheduled_date": "2021-09-14T21:40:20.656Z", "estimated_weight": "1.00", "estimated_volume": "1.00", "estimated_distance": "1.00", "num_of_helpers": 0, "num_of_bedrooms": 0, "shrink_wraps": 0, "bubble_wraps": 0, "packing_boxes": 0, "delivery_adhesive": 0, "insurance_tracker_number": null, "status": "INITIATED", "is_completed": false, "completed_on": null, "created_by": "cb6036ee-8329-47d2-aaf9-8ab20dc795b0", "referrer": null, "organisation_branch": null, "created_on": "2021-09-14T21:41:53.347Z", "updated_on": "2021-09-14T21:41:53.347Z", "stopovers": []}}, {"model": "bookings.order", "pk": "73cd66b0-17be-4521-a0d3-c415398a24c2", "fields": {"customer": "205ce7ab-02ea-432d-acef-a596fcef4950", "trip": null, "type": "EXPRESS-PERSONAL", "channel": "WEB", "source": "c1ac1e18-4e32-48bb-87e4-cfc67b0e159a", "source_storeys": 0, "destination": "7128b2de-62ae-49ee-95c0-2e29740820b5", "destination_storeys": 0, "vehicle_category_size": "5e21e7f3-86e5-4995-b4d0-6bb601c9b81e", "scheduled_date": "2021-09-16T12:30:00.701Z", "estimated_weight": "1.00", "estimated_volume": "1.00", "estimated_distance": "1.00", "num_of_helpers": 0, "num_of_bedrooms": 0, "shrink_wraps": 0, "bubble_wraps": 0, "packing_boxes": 0, "delivery_adhesive": 0, "insurance_tracker_number": null, "status": "INITIATED", "is_completed": false, "completed_on": null, "created_by": "205ce7ab-02ea-432d-acef-a596fcef4950", "referrer": null, "organisation_branch": null, "created_on": "2021-09-15T18:28:28.137Z", "updated_on": "2021-09-15T18:28:28.137Z", "stopovers": []}}, {"model": "bookings.order", "pk": "78333eaa-1c66-4db4-9786-205458bc44c7", "fields": {"customer": "ec1d3096-b998-4c4d-9c4e-b8bc9a178f8c", "trip": null, "type": "EXPRESS-DELIVERY", "channel": "WEB", "source": "844700e5-89c3-4f69-b5f2-c73ca7dbd2ec", "source_storeys": 0, "destination": "22f2e52b-afdf-48b4-a256-495b436e9948", "destination_storeys": 0, "vehicle_category_size": "2289b857-d77a-4043-9f01-096f1e7415da", "scheduled_date": "2021-09-27T12:30:00.880Z", "estimated_weight": "1.00", "estimated_volume": "1.00", "estimated_distance": "1.00", "num_of_helpers": 0, "num_of_bedrooms": 0, "shrink_wraps": 0, "bubble_wraps": 0, "packing_boxes": 0, "delivery_adhesive": 0, "insurance_tracker_number": null, "status": "INITIATED", "is_completed": false, "completed_on": null, "created_by": "205ce7ab-02ea-432d-acef-a596fcef4950", "referrer": null, "organisation_branch": null, "created_on": "2021-09-26T20:19:17.124Z", "updated_on": "2021-09-26T20:19:17.124Z", "stopovers": []}}, {"model": "bookings.order", "pk": "7bc46609-cedf-41be-863c-653654fd558c", "fields": {"customer": "efa59874-e726-4778-a4e9-c8186f4c1661", "trip": null, "type": "EXPRESS-PERSONAL", "channel": "PHONE", "source": "011b49ab-4b9c-4ce4-904f-1b30c0741c27", "source_storeys": 0, "destination": "011b49ab-4b9c-4ce4-904f-1b30c0741c27", "destination_storeys": 0, "vehicle_category_size": "2289b857-d77a-4043-9f01-096f1e7415da", "scheduled_date": "2021-10-29T10:43:50.900Z", "estimated_weight": "0.00", "estimated_volume": "0.00", "estimated_distance": "0.00", "num_of_helpers": 0, "num_of_bedrooms": 0, "shrink_wraps": 0, "bubble_wraps": 0, "packing_boxes": 0, "delivery_adhesive": 0, "insurance_tracker_number": null, "status": "INITIATED", "is_completed": false, "completed_on": null, "created_by": "865cfa51-0cea-4842-a315-75137c11aeab", "referrer": null, "organisation_branch": null, "created_on": "2021-10-29T10:43:50.903Z", "updated_on": "2021-10-29T10:43:54.279Z", "stopovers": []}}, {"model": "bookings.order", "pk": "7d7842b1-d8df-44dc-9d80-c61c4ccdcca2", "fields": {"customer": "765780cc-b422-445e-8557-1d63b1cbcb50", "trip": null, "type": "EXPRESS-DELIVERY", "channel": "WEB", "source": "b91cbc06-4627-4e69-922c-040e678c3087", "source_storeys": 0, "destination": "9bb354e3-5d7b-4610-b3c2-2d45380c58ce", "destination_storeys": 0, "vehicle_category_size": "2289b857-d77a-4043-9f01-096f1e7415da", "scheduled_date": "2021-09-26T12:45:00.976Z", "estimated_weight": "1.00", "estimated_volume": "1.00", "estimated_distance": "1.00", "num_of_helpers": 0, "num_of_bedrooms": 0, "shrink_wraps": 0, "bubble_wraps": 0, "packing_boxes": 0, "delivery_adhesive": 0, "insurance_tracker_number": null, "status": "INITIATED", "is_completed": false, "completed_on": null, "created_by": "205ce7ab-02ea-432d-acef-a596fcef4950", "referrer": null, "organisation_branch": null, "created_on": "2021-09-25T16:45:33.230Z", "updated_on": "2021-09-25T16:45:33.230Z", "stopovers": []}}, {"model": "bookings.order", "pk": "851a2f2f-f28d-42c9-9e4f-cd8fec29de88", "fields": {"customer": "efa59874-e726-4778-a4e9-c8186f4c1661", "trip": null, "type": "EXPRESS-PERSONAL", "channel": "WEB", "source": "5700d09a-49de-41c6-bae0-a304fbbe0978", "source_storeys": 0, "destination": "00ba1401-4450-419f-9995-43f50617b698", "destination_storeys": 0, "vehicle_category_size": "5e21e7f3-86e5-4995-b4d0-6bb601c9b81e", "scheduled_date": "2021-09-18T12:30:00.312Z", "estimated_weight": "1.00", "estimated_volume": "1.00", "estimated_distance": "1.00", "num_of_helpers": 3, "num_of_bedrooms": 0, "shrink_wraps": 0, "bubble_wraps": 0, "packing_boxes": 0, "delivery_adhesive": 0, "insurance_tracker_number": null, "status": "INITIATED", "is_completed": false, "completed_on": null, "created_by": "09a033ba-6c35-4ac8-a3a4-169900e9191a", "referrer": null, "organisation_branch": null, "created_on": "2021-09-17T17:27:33.331Z", "updated_on": "2021-09-20T13:03:57.455Z", "stopovers": []}}, {"model": "bookings.order", "pk": "862b9f3a-c11e-4fea-b112-37dcac120edc", "fields": {"customer": "67e6e51a-7014-49f4-b4c3-e703f4bb839e", "trip": null, "type": "EXPRESS-PERSONAL", "channel": "PHONE", "source": "d525fcb2-9497-4c4d-8cf1-9f45b846cb24", "source_storeys": 0, "destination": "0a2f73fc-ca54-4041-ab08-5c997146af2d", "destination_storeys": 0, "vehicle_category_size": "2289b857-d77a-4043-9f01-096f1e7415da", "scheduled_date": "2021-10-08T15:54:34.442Z", "estimated_weight": "0.00", "estimated_volume": "0.00", "estimated_distance": "13.47", "num_of_helpers": 0, "num_of_bedrooms": 0, "shrink_wraps": 0, "bubble_wraps": 0, "packing_boxes": 0, "delivery_adhesive": 0, "insurance_tracker_number": null, "status": "INITIATED", "is_completed": false, "completed_on": null, "created_by": "67e6e51a-7014-49f4-b4c3-e703f4bb839e", "referrer": null, "organisation_branch": null, "created_on": "2021-10-08T15:54:34.444Z", "updated_on": "2021-10-08T15:54:40.586Z", "stopovers": []}}, {"model": "bookings.order", "pk": "89ecda47-6a66-4d02-98aa-79e8fd0a5b95", "fields": {"customer": "8919976a-254a-4553-80a6-c264666e7034", "trip": null, "type": "EXPRESS-PERSONAL", "channel": "WEB", "source": "020c7404-2798-431e-b2be-462fbc386786", "source_storeys": 0, "destination": "e91f3d9f-eec8-4109-9a6e-5376f9a450e6", "destination_storeys": 0, "vehicle_category_size": "5e21e7f3-86e5-4995-b4d0-6bb601c9b81e", "scheduled_date": "2021-09-16T12:30:00.449Z", "estimated_weight": "1.00", "estimated_volume": "1.00", "estimated_distance": "1.00", "num_of_helpers": 0, "num_of_bedrooms": 0, "shrink_wraps": 0, "bubble_wraps": 0, "packing_boxes": 0, "delivery_adhesive": 0, "insurance_tracker_number": null, "status": "INITIATED", "is_completed": false, "completed_on": null, "created_by": "5585d6b9-d98a-4e71-a83e-ed026dd49e34", "referrer": null, "organisation_branch": null, "created_on": "2021-09-15T18:34:05.587Z", "updated_on": "2021-09-15T18:34:05.587Z", "stopovers": []}}, {"model": "bookings.order", "pk": "8c042ca5-2cd8-4189-80e6-98c0171b2180", "fields": {"customer": "865cfa51-0cea-4842-a315-75137c11aeab", "trip": "54d340de-1b15-47b6-90c1-f17dda7f7d1f", "type": "EXPRESS-PERSONAL", "channel": "PHONE", "source": "0a2f73fc-ca54-4041-ab08-5c997146af2d", "source_storeys": 0, "destination": "d525fcb2-9497-4c4d-8cf1-9f45b846cb24", "destination_storeys": 0, "vehicle_category_size": "2289b857-d77a-4043-9f01-096f1e7415da", "scheduled_date": "2021-10-22T15:14:15.576Z", "estimated_weight": "0.00", "estimated_volume": "0.00", "estimated_distance": "13.58", "num_of_helpers": 0, "num_of_bedrooms": 0, "shrink_wraps": 0, "bubble_wraps": 0, "packing_boxes": 0, "delivery_adhesive": 0, "insurance_tracker_number": null, "status": "MATCHED", "is_completed": false, "completed_on": null, "created_by": "865cfa51-0cea-4842-a315-75137c11aeab", "referrer": null, "organisation_branch": null, "created_on": "2021-10-22T15:14:15.577Z", "updated_on": "2021-10-22T16:51:40.216Z", "stopovers": []}}, {"model": "bookings.order", "pk": "8d7cbd60-97c1-460a-8f76-b4931bb17350", "fields": {"customer": "67e6e51a-7014-49f4-b4c3-e703f4bb839e", "trip": null, "type": "EXPRESS-PERSONAL", "channel": "PHONE", "source": "648e4810-d10e-4012-b3c1-5dd96d2fff33", "source_storeys": 0, "destination": "d525fcb2-9497-4c4d-8cf1-9f45b846cb24", "destination_storeys": 0, "vehicle_category_size": "5e21e7f3-86e5-4995-b4d0-6bb601c9b81e", "scheduled_date": "2021-09-13T09:54:11.196Z", "estimated_weight": "1.00", "estimated_volume": "1.00", "estimated_distance": "1.00", "num_of_helpers": 0, "num_of_bedrooms": 0, "shrink_wraps": 0, "bubble_wraps": 0, "packing_boxes": 0, "delivery_adhesive": 0, "insurance_tracker_number": null, "status": "INITIATED", "is_completed": false, "completed_on": null, "created_by": "67e6e51a-7014-49f4-b4c3-e703f4bb839e", "referrer": null, "organisation_branch": null, "created_on": "2021-09-13T09:54:11.198Z", "updated_on": "2021-09-13T09:54:11.198Z", "stopovers": []}}, {"model": "bookings.order", "pk": "90708dd8-4134-459c-97d6-b3095818c8e8", "fields": {"customer": "efa59874-e726-4778-a4e9-c8186f4c1661", "trip": null, "type": "EXPRESS-PERSONAL", "channel": "PHONE", "source": "0a2f73fc-ca54-4041-ab08-5c997146af2d", "source_storeys": 0, "destination": "d525fcb2-9497-4c4d-8cf1-9f45b846cb24", "destination_storeys": 0, "vehicle_category_size": "5e21e7f3-86e5-4995-b4d0-6bb601c9b81e", "scheduled_date": "2021-09-12T15:19:33.284Z", "estimated_weight": "1.00", "estimated_volume": "1.00", "estimated_distance": "1.00", "num_of_helpers": 0, "num_of_bedrooms": 0, "shrink_wraps": 0, "bubble_wraps": 0, "packing_boxes": 0, "delivery_adhesive": 0, "insurance_tracker_number": null, "status": "INITIATED", "is_completed": false, "completed_on": null, "created_by": "efa59874-e726-4778-a4e9-c8186f4c1661", "referrer": null, "organisation_branch": null, "created_on": "2021-09-12T15:19:33.287Z", "updated_on": "2021-09-12T15:19:33.287Z", "stopovers": []}}, {"model": "bookings.order", "pk": "98b6f73e-c273-4522-a71a-9b6a38aca8d1", "fields": {"customer": "09a033ba-6c35-4ac8-a3a4-169900e9191a", "trip": null, "type": "EXPRESS-DELIVERY", "channel": "WEB", "source": "12271c44-f38b-4894-a899-b22d42409932", "source_storeys": 0, "destination": "12271c44-f38b-4894-a899-b22d42409932", "destination_storeys": 0, "vehicle_category_size": "2289b857-d77a-4043-9f01-096f1e7415da", "scheduled_date": "2021-10-05T10:45:00.086Z", "estimated_weight": "0.00", "estimated_volume": "0.00", "estimated_distance": "0.00", "num_of_helpers": 0, "num_of_bedrooms": 0, "shrink_wraps": 0, "bubble_wraps": 0, "packing_boxes": 0, "delivery_adhesive": 0, "insurance_tracker_number": null, "status": "INITIATED", "is_completed": false, "completed_on": null, "created_by": "09a033ba-6c35-4ac8-a3a4-169900e9191a", "referrer": null, "organisation_branch": null, "created_on": "2021-10-05T07:38:33.780Z", "updated_on": "2021-10-05T07:38:34.214Z", "stopovers": []}}, {"model": "bookings.order", "pk": "a17a291d-d41b-4f2f-9e39-4c764f4c292b", "fields": {"customer": "09a033ba-6c35-4ac8-a3a4-169900e9191a", "trip": "73e5ee1f-423a-4de9-be0a-59d1d8347672", "type": "EXPRESS-PERSONAL", "channel": "WEB", "source": "f35c32be-d709-4651-add3-f4ecd888b9df", "source_storeys": 1, "destination": "00ba1401-4450-419f-9995-43f50617b698", "destination_storeys": 1, "vehicle_category_size": "5e21e7f3-86e5-4995-b4d0-6bb601c9b81e", "scheduled_date": "2021-09-15T11:30:24.949Z", "estimated_weight": "1.00", "estimated_volume": "1.00", "estimated_distance": "1.00", "num_of_helpers": 1, "num_of_bedrooms": 0, "shrink_wraps": 2, "bubble_wraps": 2, "packing_boxes": 2, "delivery_adhesive": 0, "insurance_tracker_number": null, "status": "DELIVERED", "is_completed": false, "completed_on": "2021-09-16T18:19:22.650Z", "created_by": "09a033ba-6c35-4ac8-a3a4-169900e9191a", "referrer": null, "organisation_branch": null, "created_on": "2021-09-15T11:31:15.809Z", "updated_on": "2021-09-16T18:19:22.650Z", "stopovers": []}}, {"model": "bookings.order", "pk": "aca4e7cc-ef26-4d85-bed9-d441fb2d5e9a", "fields": {"customer": "67e6e51a-7014-49f4-b4c3-e703f4bb839e", "trip": null, "type": "EXPRESS-PERSONAL", "channel": "PHONE", "source": "d525fcb2-9497-4c4d-8cf1-9f45b846cb24", "source_storeys": 0, "destination": "0a2f73fc-ca54-4041-ab08-5c997146af2d", "destination_storeys": 0, "vehicle_category_size": "5e21e7f3-86e5-4995-b4d0-6bb601c9b81e", "scheduled_date": "2021-09-13T09:40:05.869Z", "estimated_weight": "1.00", "estimated_volume": "1.00", "estimated_distance": "1.00", "num_of_helpers": 0, "num_of_bedrooms": 0, "shrink_wraps": 0, "bubble_wraps": 0, "packing_boxes": 0, "delivery_adhesive": 0, "insurance_tracker_number": null, "status": "INITIATED", "is_completed": false, "completed_on": null, "created_by": "67e6e51a-7014-49f4-b4c3-e703f4bb839e", "referrer": null, "organisation_branch": null, "created_on": "2021-09-13T09:40:05.872Z", "updated_on": "2021-09-13T09:40:05.872Z", "stopovers": []}}, {"model": "bookings.order", "pk": "af5e8a55-179d-45c8-a4d5-ef1026a7efd4", "fields": {"customer": "efa59874-e726-4778-a4e9-c8186f4c1661", "trip": null, "type": "EXPRESS-PERSONAL", "channel": "PHONE", "source": "d525fcb2-9497-4c4d-8cf1-9f45b846cb24", "source_storeys": 0, "destination": "0a2f73fc-ca54-4041-ab08-5c997146af2d", "destination_storeys": 0, "vehicle_category_size": "5e21e7f3-86e5-4995-b4d0-6bb601c9b81e", "scheduled_date": "2021-09-12T15:31:50.443Z", "estimated_weight": "1.00", "estimated_volume": "1.00", "estimated_distance": "1.00", "num_of_helpers": 0, "num_of_bedrooms": 0, "shrink_wraps": 0, "bubble_wraps": 0, "packing_boxes": 0, "delivery_adhesive": 0, "insurance_tracker_number": null, "status": "DELIVERED", "is_completed": false, "completed_on": null, "created_by": "efa59874-e726-4778-a4e9-c8186f4c1661", "referrer": null, "organisation_branch": null, "created_on": "2021-09-12T15:31:50.443Z", "updated_on": "2021-09-12T15:45:17.364Z", "stopovers": []}}, {"model": "bookings.order", "pk": "afd61457-93bd-497a-a2a3-f2e278355294", "fields": {"customer": "efa59874-e726-4778-a4e9-c8186f4c1661", "trip": null, "type": "EXPRESS-PERSONAL", "channel": "PHONE", "source": "d525fcb2-9497-4c4d-8cf1-9f45b846cb24", "source_storeys": 0, "destination": "57656315-684f-454d-b27b-2575b94047f1", "destination_storeys": 0, "vehicle_category_size": "5e21e7f3-86e5-4995-b4d0-6bb601c9b81e", "scheduled_date": "2021-09-13T08:46:23.838Z", "estimated_weight": "1.00", "estimated_volume": "1.00", "estimated_distance": "1.00", "num_of_helpers": 0, "num_of_bedrooms": 0, "shrink_wraps": 0, "bubble_wraps": 0, "packing_boxes": 0, "delivery_adhesive": 0, "insurance_tracker_number": null, "status": "INITIATED", "is_completed": false, "completed_on": null, "created_by": "efa59874-e726-4778-a4e9-c8186f4c1661", "referrer": null, "organisation_branch": null, "created_on": "2021-09-13T08:46:23.839Z", "updated_on": "2021-09-13T08:46:23.839Z", "stopovers": []}}, {"model": "bookings.order", "pk": "b21c719d-945c-43c3-aa22-72b12df039bc", "fields": {"customer": "5585d6b9-d98a-4e71-a83e-ed026dd49e34", "trip": null, "type": "EXPRESS-PERSONAL", "channel": "WEB", "source": "5a77c11c-bff7-4bc6-9bf7-2b1ebf5fcc5f", "source_storeys": 0, "destination": "e91f3d9f-eec8-4109-9a6e-5376f9a450e6", "destination_storeys": 0, "vehicle_category_size": "5e21e7f3-86e5-4995-b4d0-6bb601c9b81e", "scheduled_date": "2021-09-16T12:15:00.114Z", "estimated_weight": "1.00", "estimated_volume": "1.00", "estimated_distance": "1.00", "num_of_helpers": 0, "num_of_bedrooms": 0, "shrink_wraps": 0, "bubble_wraps": 0, "packing_boxes": 0, "delivery_adhesive": 0, "insurance_tracker_number": null, "status": "INITIATED", "is_completed": false, "completed_on": null, "created_by": "5585d6b9-d98a-4e71-a83e-ed026dd49e34", "referrer": null, "organisation_branch": null, "created_on": "2021-09-15T18:15:05.647Z", "updated_on": "2021-09-15T18:15:05.647Z", "stopovers": []}}, {"model": "bookings.order", "pk": "b7ace6a1-4420-49f1-a352-b4e896677d32", "fields": {"customer": "67e6e51a-7014-49f4-b4c3-e703f4bb839e", "trip": null, "type": "EXPRESS-DELIVERY", "channel": "PHONE", "source": "0a2f73fc-ca54-4041-ab08-5c997146af2d", "source_storeys": 0, "destination": "d525fcb2-9497-4c4d-8cf1-9f45b846cb24", "destination_storeys": 0, "vehicle_category_size": "2289b857-d77a-4043-9f01-096f1e7415da", "scheduled_date": "2021-10-05T10:15:00.368Z", "estimated_weight": "0.00", "estimated_volume": "0.00", "estimated_distance": "13.58", "num_of_helpers": 0, "num_of_bedrooms": 0, "shrink_wraps": 0, "bubble_wraps": 0, "packing_boxes": 0, "delivery_adhesive": 0, "insurance_tracker_number": null, "status": "INITIATED", "is_completed": false, "completed_on": null, "created_by": "67e6e51a-7014-49f4-b4c3-e703f4bb839e", "referrer": null, "organisation_branch": null, "created_on": "2021-10-08T16:42:32.498Z", "updated_on": "2021-10-08T16:42:39.808Z", "stopovers": []}}, {"model": "bookings.order", "pk": "c4f5e478-ac65-4707-b0b9-1b0829d216d6", "fields": {"customer": "cb6036ee-8329-47d2-aaf9-8ab20dc795b0", "trip": null, "type": "EXPRESS-DELIVERY", "channel": "WEB", "source": "8e27d9d1-5a97-410e-abf1-761d9b8a5d6b", "source_storeys": 0, "destination": "6fcebb1f-cd70-4b62-bfda-f322eae8786b", "destination_storeys": 0, "vehicle_category_size": "2289b857-d77a-4043-9f01-096f1e7415da", "scheduled_date": "2021-09-26T12:15:00.586Z", "estimated_weight": "1.00", "estimated_volume": "1.00", "estimated_distance": "1.00", "num_of_helpers": 0, "num_of_bedrooms": 0, "shrink_wraps": 0, "bubble_wraps": 0, "packing_boxes": 0, "delivery_adhesive": 0, "insurance_tracker_number": null, "status": "INITIATED", "is_completed": false, "completed_on": null, "created_by": "cb6036ee-8329-47d2-aaf9-8ab20dc795b0", "referrer": null, "organisation_branch": null, "created_on": "2021-09-25T14:03:02.141Z", "updated_on": "2021-09-25T14:03:02.141Z", "stopovers": []}}, {"model": "bookings.order", "pk": "c68e349a-95c0-4cd3-9777-834ba83ca3e1", "fields": {"customer": "efa59874-e726-4778-a4e9-c8186f4c1661", "trip": null, "type": "EXPRESS-PERSONAL", "channel": "WEB", "source": "f35c32be-d709-4651-add3-f4ecd888b9df", "source_storeys": 0, "destination": "f35c32be-d709-4651-add3-f4ecd888b9df", "destination_storeys": 0, "vehicle_category_size": "5e21e7f3-86e5-4995-b4d0-6bb601c9b81e", "scheduled_date": "2021-09-13T10:09:00.260Z", "estimated_weight": "1.00", "estimated_volume": "1.00", "estimated_distance": "1.00", "num_of_helpers": 0, "num_of_bedrooms": 0, "shrink_wraps": 0, "bubble_wraps": 0, "packing_boxes": 0, "delivery_adhesive": 0, "insurance_tracker_number": null, "status": "INITIATED", "is_completed": false, "completed_on": null, "created_by": "09a033ba-6c35-4ac8-a3a4-169900e9191a", "referrer": null, "organisation_branch": null, "created_on": "2021-09-13T10:09:20.547Z", "updated_on": "2021-09-13T10:09:20.548Z", "stopovers": []}}, {"model": "bookings.order", "pk": "c7fc34fc-73ea-475c-adaf-15f88f99f5d4", "fields": {"customer": "efa59874-e726-4778-a4e9-c8186f4c1661", "trip": null, "type": "EXPRESS-PERSONAL", "channel": "WEB", "source": "5700d09a-49de-41c6-bae0-a304fbbe0978", "source_storeys": 0, "destination": "00ba1401-4450-419f-9995-43f50617b698", "destination_storeys": 0, "vehicle_category_size": "5e21e7f3-86e5-4995-b4d0-6bb601c9b81e", "scheduled_date": "2021-09-18T12:15:00.272Z", "estimated_weight": "1.00", "estimated_volume": "1.00", "estimated_distance": "1.00", "num_of_helpers": 3, "num_of_bedrooms": 0, "shrink_wraps": 0, "bubble_wraps": 0, "packing_boxes": 0, "delivery_adhesive": 0, "insurance_tracker_number": null, "status": "INITIATED", "is_completed": false, "completed_on": null, "created_by": "09a033ba-6c35-4ac8-a3a4-169900e9191a", "referrer": null, "organisation_branch": null, "created_on": "2021-09-17T17:14:35.212Z", "updated_on": "2021-09-17T17:14:35.212Z", "stopovers": []}}, {"model": "bookings.order", "pk": "ccada92e-26b1-4e29-8275-53db1fcb4778", "fields": {"customer": "205ce7ab-02ea-432d-acef-a596fcef4950", "trip": null, "type": "EXPRESS-DELIVERY", "channel": "WEB", "source": "b91cbc06-4627-4e69-922c-040e678c3087", "source_storeys": 0, "destination": "9bb354e3-5d7b-4610-b3c2-2d45380c58ce", "destination_storeys": 0, "vehicle_category_size": "2289b857-d77a-4043-9f01-096f1e7415da", "scheduled_date": "2021-09-26T12:00:00.234Z", "estimated_weight": "1.00", "estimated_volume": "1.00", "estimated_distance": "1.00", "num_of_helpers": 0, "num_of_bedrooms": 0, "shrink_wraps": 0, "bubble_wraps": 0, "packing_boxes": 0, "delivery_adhesive": 0, "insurance_tracker_number": null, "status": "INITIATED", "is_completed": false, "completed_on": null, "created_by": "205ce7ab-02ea-432d-acef-a596fcef4950", "referrer": null, "organisation_branch": null, "created_on": "2021-09-25T16:47:25.984Z", "updated_on": "2021-09-25T16:47:25.984Z", "stopovers": []}}, {"model": "bookings.order", "pk": "cccb9df1-7e35-4333-945a-1700d04d2cc2", "fields": {"customer": "efa59874-e726-4778-a4e9-c8186f4c1661", "trip": "be30c4c4-a5eb-4d28-ae4f-8c92c5e881b4", "type": "EXPRESS-PERSONAL", "channel": "PHONE", "source": "011b49ab-4b9c-4ce4-904f-1b30c0741c27", "source_storeys": 0, "destination": "011b49ab-4b9c-4ce4-904f-1b30c0741c27", "destination_storeys": 0, "vehicle_category_size": "62d2bfa9-e94c-4274-9005-abe97affdcad", "scheduled_date": "2021-10-29T21:13:30.031Z", "estimated_weight": "0.00", "estimated_volume": "0.00", "estimated_distance": "0.00", "num_of_helpers": 0, "num_of_bedrooms": 0, "shrink_wraps": 0, "bubble_wraps": 0, "packing_boxes": 0, "delivery_adhesive": 0, "insurance_tracker_number": null, "status": "MATCHED", "is_completed": false, "completed_on": null, "created_by": "efa59874-e726-4778-a4e9-c8186f4c1661", "referrer": null, "organisation_branch": null, "created_on": "2021-10-29T21:13:30.034Z", "updated_on": "2021-10-29T21:23:29.772Z", "stopovers": []}}, {"model": "bookings.order", "pk": "d25f1c4c-f01d-4713-9617-92d3ca39c2f5", "fields": {"customer": "efa59874-e726-4778-a4e9-c8186f4c1661", "trip": null, "type": "EXPRESS-PERSONAL", "channel": "WEB", "source": "d77131cf-9fe6-4cf2-9077-d50b3b2c3337", "source_storeys": 1, "destination": "d77131cf-9fe6-4cf2-9077-d50b3b2c3337", "destination_storeys": 1, "vehicle_category_size": "5e21e7f3-86e5-4995-b4d0-6bb601c9b81e", "scheduled_date": "2021-09-18T12:45:00.552Z", "estimated_weight": "1.00", "estimated_volume": "1.00", "estimated_distance": "1.00", "num_of_helpers": 1, "num_of_bedrooms": 304, "shrink_wraps": 0, "bubble_wraps": 0, "packing_boxes": 2, "delivery_adhesive": 0, "insurance_tracker_number": null, "status": "MATCHED", "is_completed": false, "completed_on": null, "created_by": "09a033ba-6c35-4ac8-a3a4-169900e9191a", "referrer": null, "organisation_branch": null, "created_on": "2021-09-17T17:32:47.079Z", "updated_on": "2021-09-21T07:04:01.774Z", "stopovers": []}}, {"model": "bookings.order", "pk": "d2a3b974-fcf0-467a-b1fd-a9c03dcc48ea", "fields": {"customer": "09a033ba-6c35-4ac8-a3a4-169900e9191a", "trip": null, "type": "EXPRESS-PERSONAL", "channel": "PHONE", "source": "d525fcb2-9497-4c4d-8cf1-9f45b846cb24", "source_storeys": 0, "destination": "0a2f73fc-ca54-4041-ab08-5c997146af2d", "destination_storeys": 0, "vehicle_category_size": "5e21e7f3-86e5-4995-b4d0-6bb601c9b81e", "scheduled_date": "2021-09-13T09:30:13.283Z", "estimated_weight": "1.00", "estimated_volume": "1.00", "estimated_distance": "1.00", "num_of_helpers": 0, "num_of_bedrooms": 0, "shrink_wraps": 0, "bubble_wraps": 0, "packing_boxes": 0, "delivery_adhesive": 0, "insurance_tracker_number": null, "status": "INITIATED", "is_completed": false, "completed_on": null, "created_by": "efa59874-e726-4778-a4e9-c8186f4c1661", "referrer": null, "organisation_branch": null, "created_on": "2021-09-13T09:30:13.284Z", "updated_on": "2021-09-13T09:30:13.284Z", "stopovers": []}}, {"model": "bookings.order", "pk": "d2c91e39-2967-459a-a492-7f82d78041cf", "fields": {"customer": "09a033ba-6c35-4ac8-a3a4-169900e9191a", "trip": null, "type": "EXPRESS-PERSONAL", "channel": "WEB", "source": "476a75a1-d74d-4318-91f6-b2aaab7499c9", "source_storeys": 1, "destination": "00ba1401-4450-419f-9995-43f50617b698", "destination_storeys": 1, "vehicle_category_size": "5e21e7f3-86e5-4995-b4d0-6bb601c9b81e", "scheduled_date": "2021-09-21T14:00:00.455Z", "estimated_weight": "1.00", "estimated_volume": "1.00", "estimated_distance": "1.00", "num_of_helpers": 1, "num_of_bedrooms": 0, "shrink_wraps": 1, "bubble_wraps": 1, "packing_boxes": 1, "delivery_adhesive": 0, "insurance_tracker_number": null, "status": "INITIATED", "is_completed": false, "completed_on": null, "created_by": "09a033ba-6c35-4ac8-a3a4-169900e9191a", "referrer": null, "organisation_branch": null, "created_on": "2021-09-21T11:48:58.496Z", "updated_on": "2021-09-21T11:48:58.496Z", "stopovers": []}}, {"model": "bookings.order", "pk": "dfdb31b9-91a8-4481-834a-9736cba206fc", "fields": {"customer": "efa59874-e726-4778-a4e9-c8186f4c1661", "trip": null, "type": "EXPRESS-PERSONAL", "channel": "PHONE", "source": "57656315-684f-454d-b27b-2575b94047f1", "source_storeys": 0, "destination": "78c5bf8a-a1f3-4608-bc15-6d79308f7b6f", "destination_storeys": 0, "vehicle_category_size": "5e21e7f3-86e5-4995-b4d0-6bb601c9b81e", "scheduled_date": "2021-09-13T09:07:50.371Z", "estimated_weight": "1.00", "estimated_volume": "1.00", "estimated_distance": "1.00", "num_of_helpers": 0, "num_of_bedrooms": 0, "shrink_wraps": 0, "bubble_wraps": 0, "packing_boxes": 0, "delivery_adhesive": 0, "insurance_tracker_number": null, "status": "INITIATED", "is_completed": false, "completed_on": null, "created_by": "efa59874-e726-4778-a4e9-c8186f4c1661", "referrer": null, "organisation_branch": null, "created_on": "2021-09-13T09:07:50.374Z", "updated_on": "2021-09-13T09:07:50.374Z", "stopovers": []}}, {"model": "bookings.order", "pk": "ece9c749-6e28-4b18-b5dd-97bf07864de4", "fields": {"customer": "efa59874-e726-4778-a4e9-c8186f4c1661", "trip": null, "type": "EXPRESS-PERSONAL", "channel": "ANDROID", "source": "7112d98e-1b6d-4e4b-88de-60c33e799717", "source_storeys": 0, "destination": "fe030fa1-5465-4494-8a3e-50c127fe7715", "destination_storeys": 0, "vehicle_category_size": "5e21e7f3-86e5-4995-b4d0-6bb601c9b81e", "scheduled_date": "2021-09-13T12:57:00.925Z", "estimated_weight": "1.00", "estimated_volume": "1.00", "estimated_distance": "1.00", "num_of_helpers": 0, "num_of_bedrooms": 0, "shrink_wraps": 0, "bubble_wraps": 0, "packing_boxes": 0, "delivery_adhesive": 0, "insurance_tracker_number": null, "status": "INITIATED", "is_completed": false, "completed_on": null, "created_by": "09a033ba-6c35-4ac8-a3a4-169900e9191a", "referrer": null, "organisation_branch": null, "created_on": "2021-09-13T12:57:44.186Z", "updated_on": "2021-09-13T12:57:44.186Z", "stopovers": []}}, {"model": "bookings.order", "pk": "f4f53d57-4317-454b-b0c6-53adf54cc608", "fields": {"customer": "f6c2efbd-d06b-48f1-8a2d-63f645a540d8", "trip": null, "type": "EXPRESS-PERSONAL", "channel": "WEB", "source": "6772bba6-16b9-46a3-b885-ac72ae5ddda5", "source_storeys": 0, "destination": "6772bba6-16b9-46a3-b885-ac72ae5ddda5", "destination_storeys": 0, "vehicle_category_size": "5e21e7f3-86e5-4995-b4d0-6bb601c9b81e", "scheduled_date": "2021-09-16T12:45:00.158Z", "estimated_weight": "1.00", "estimated_volume": "1.00", "estimated_distance": "1.00", "num_of_helpers": 0, "num_of_bedrooms": 0, "shrink_wraps": 0, "bubble_wraps": 0, "packing_boxes": 0, "delivery_adhesive": 0, "insurance_tracker_number": null, "status": "INITIATED", "is_completed": false, "completed_on": null, "created_by": "205ce7ab-02ea-432d-acef-a596fcef4950", "referrer": null, "organisation_branch": null, "created_on": "2021-09-15T16:45:09.329Z", "updated_on": "2021-09-15T16:45:09.329Z", "stopovers": []}}, {"model": "bookings.order", "pk": "f75a0ef8-68e7-4fcb-800f-30898c2371c4", "fields": {"customer": "efa59874-e726-4778-a4e9-c8186f4c1661", "trip": null, "type": "EXPRESS-PERSONAL", "channel": "PHONE", "source": "78c5bf8a-a1f3-4608-bc15-6d79308f7b6f", "source_storeys": 0, "destination": "57656315-684f-454d-b27b-2575b94047f1", "destination_storeys": 0, "vehicle_category_size": "5e21e7f3-86e5-4995-b4d0-6bb601c9b81e", "scheduled_date": "2021-09-13T09:05:38.175Z", "estimated_weight": "1.00", "estimated_volume": "1.00", "estimated_distance": "1.00", "num_of_helpers": 0, "num_of_bedrooms": 0, "shrink_wraps": 0, "bubble_wraps": 0, "packing_boxes": 0, "delivery_adhesive": 0, "insurance_tracker_number": null, "status": "INITIATED", "is_completed": false, "completed_on": null, "created_by": "efa59874-e726-4778-a4e9-c8186f4c1661", "referrer": null, "organisation_branch": null, "created_on": "2021-09-13T09:05:38.177Z", "updated_on": "2021-09-13T09:05:38.177Z", "stopovers": []}}, {"model": "bookings.order", "pk": "fb521513-4a29-4551-963e-c56e23bcfabc", "fields": {"customer": "865cfa51-0cea-4842-a315-75137c11aeab", "trip": null, "type": "EXPRESS-PERSONAL", "channel": "PHONE", "source": "011b49ab-4b9c-4ce4-904f-1b30c0741c27", "source_storeys": 0, "destination": "011b49ab-4b9c-4ce4-904f-1b30c0741c27", "destination_storeys": 0, "vehicle_category_size": "2289b857-d77a-4043-9f01-096f1e7415da", "scheduled_date": "2021-10-29T10:41:52.097Z", "estimated_weight": "0.00", "estimated_volume": "0.00", "estimated_distance": "0.00", "num_of_helpers": 0, "num_of_bedrooms": 0, "shrink_wraps": 0, "bubble_wraps": 0, "packing_boxes": 0, "delivery_adhesive": 0, "insurance_tracker_number": null, "status": "INITIATED", "is_completed": false, "completed_on": null, "created_by": "865cfa51-0cea-4842-a315-75137c11aeab", "referrer": null, "organisation_branch": null, "created_on": "2021-10-29T10:41:52.098Z", "updated_on": "2021-10-29T10:41:55.218Z", "stopovers": []}}, {"model": "driver.driverprofile", "pk": "10c61c5a-ce25-480e-b642-c64c942ff60b", "fields": {"user": "205ce7ab-02ea-432d-acef-a596fcef4950", "referrer": null, "licence_number": "GHOU7899HG", "licence_scan": "DriverLicences/2021_08_01_18_14_52_trim.mp4", "licence_issued_on": "2021-09-17T13:26:57.366Z", "licence_will_expire": true, "licence_expires_on": "2021-09-17T13:26:57.373Z", "guarantor_name": "Lola", "guarantor_phone": "+2348052634421", "guarantor_country": "NG", "guarantor_state": "LAGOS", "guarantor_local_government": null, "guarantor_home_address": null, "guarantor_email": "folly_me09@yahoo.com", "guarantor_approved": false, "status": "APPROVED", "status_remarks": null, "on_duty": false, "created_on": "2021-09-17T13:30:52.540Z", "updated_on": "2021-09-20T13:53:32.736Z"}}, {"model": "driver.driverprofile", "pk": "240a9ca7-08e5-4bd3-a050-da1d4dcff9ad", "fields": {"user": "cb6036ee-8329-47d2-aaf9-8ab20dc795b0", "referrer": null, "licence_number": "CN 2030", "licence_scan": "DriverLicences/logo.png", "licence_issued_on": "2017-09-23T10:29:11Z", "licence_will_expire": true, "licence_expires_on": "2026-09-23T10:29:11Z", "guarantor_name": "Chagwa Black", "guarantor_phone": "+23483456742", "guarantor_country": "NG", "guarantor_state": "LAGOS", "guarantor_local_government": null, "guarantor_home_address": null, "guarantor_email": "email@gmail.com", "guarantor_approved": false, "status": "APPROVED", "status_remarks": "", "on_duty": false, "created_on": "2021-09-23T10:31:22.810Z", "updated_on": "2021-09-23T14:04:00.809Z"}}, {"model": "driver.driverprofile", "pk": "5022e1ee-4afd-464f-affc-04af7bb42e84", "fields": {"user": "09a033ba-6c35-4ac8-a3a4-169900e9191a", "referrer": null, "licence_number": "12345678", "licence_scan": "DriverLicences/Onboarding_Checklist.png", "licence_issued_on": "2021-09-14T12:55:34.077Z", "licence_will_expire": true, "licence_expires_on": "2022-09-14T12:55:34.078Z", "guarantor_name": "Darlyntina", "guarantor_phone": "+2348164597176", "guarantor_country": "NG", "guarantor_state": "LAGOS", "guarantor_local_government": null, "guarantor_home_address": null, "guarantor_email": "talk2chi222@yahoo.com", "guarantor_approved": false, "status": "APPROVED", "status_remarks": null, "on_duty": false, "created_on": "2021-09-14T12:58:33.015Z", "updated_on": "2021-09-20T14:42:21.304Z"}}, {"model": "driver.driverprofile", "pk": "5658401f-f612-43bd-9835-d785c6db512e", "fields": {"user": "2de5f7a9-929a-4f6e-9a71-ff91694c167d", "referrer": null, "licence_number": "TWEEBIES", "licence_scan": "", "licence_issued_on": "2021-09-30T22:00:00Z", "licence_will_expire": false, "licence_expires_on": null, "guarantor_name": "saviour", "guarantor_phone": "+2348113786220", "guarantor_country": null, "guarantor_state": null, "guarantor_local_government": null, "guarantor_home_address": null, "guarantor_email": null, "guarantor_approved": false, "status": "PENDING_APPROVAL", "status_remarks": null, "on_duty": false, "created_on": "2021-10-28T12:28:48.850Z", "updated_on": "2021-10-28T12:28:48.850Z"}}, {"model": "driver.driverprofile", "pk": "ae883140-2ef2-4c63-bdad-b0b70b1e1537", "fields": {"user": "d7e2f682-7e38-4093-aaa1-f5e5f35367c4", "referrer": null, "licence_number": "TWEEBS", "licence_scan": "", "licence_issued_on": "2021-09-30T22:00:00Z", "licence_will_expire": false, "licence_expires_on": null, "guarantor_name": "saviour", "guarantor_phone": "+2348113786220", "guarantor_country": null, "guarantor_state": null, "guarantor_local_government": null, "guarantor_home_address": null, "guarantor_email": null, "guarantor_approved": false, "status": "PENDING_APPROVAL", "status_remarks": null, "on_duty": false, "created_on": "2021-10-28T12:43:22.699Z", "updated_on": "2021-10-28T12:43:22.699Z"}}, {"model": "driver.driverprofile", "pk": "c289c5c0-6adf-4112-9eaf-62d0d6ebf363", "fields": {"user": "865cfa51-0cea-4842-a315-75137c11aeab", "referrer": null, "licence_number": "BIG BAMZ", "licence_scan": "", "licence_issued_on": "2021-09-30T22:00:00Z", "licence_will_expire": false, "licence_expires_on": null, "guarantor_name": "saviour", "guarantor_phone": "+2348113786220", "guarantor_country": null, "guarantor_state": null, "guarantor_local_government": null, "guarantor_home_address": null, "guarantor_email": null, "guarantor_approved": false, "status": "PENDING_APPROVAL", "status_remarks": null, "on_duty": false, "created_on": "2021-10-22T16:00:15.134Z", "updated_on": "2021-10-22T16:00:15.134Z"}}, {"model": "fleet.vehiclefeature", "pk": "e2b83dcb-b384-4dc2-aea0-330621d44a96", "fields": {"name": "Leather Seats", "description": ""}}, {"model": "fleet.vehiclecategorysize", "pk": "2289b857-d77a-4043-9f01-096f1e7415da", "fields": {"category": "MINIVAN", "size": "MEDIUM", "tonnage": "1.0", "cargo_volume": "1000.0", "description": null}}, {"model": "fleet.vehiclecategorysize", "pk": "502cea22-bd59-4d64-a260-532cfd04b007", "fields": {"category": "CARGO-TRUCK", "size": "SMALL", "tonnage": "5.0", "cargo_volume": "5000.0", "description": null}}, {"model": "fleet.vehiclecategorysize", "pk": "5e21e7f3-86e5-4995-b4d0-6bb601c9b81e", "fields": {"category": "DELETED", "size": "NONE", "tonnage": "1.0", "cargo_volume": "100.0", "description": null}}, {"model": "fleet.vehiclecategorysize", "pk": "62d2bfa9-e94c-4274-9005-abe97affdcad", "fields": {"category": "VAN", "size": "SMALL", "tonnage": "2.0", "cargo_volume": "2000.0", "description": null}}, {"model": "fleet.vehiclecategorysize", "pk": "b1db4c6d-0b0c-401f-89d2-339ce1c92fdd", "fields": {"category": "VAN", "size": "MEDIUM", "tonnage": "2.5", "cargo_volume": "2500.0", "description": null}}, {"model": "fleet.vehiclecategorysize", "pk": "c5a4ee3e-9283-4230-a05c-b7a493fe0f46", "fields": {"category": "VAN", "size": "LARGE", "tonnage": "3.0", "cargo_volume": "3000.0", "description": null}}, {"model": "fleet.vehiclecategorysize", "pk": "d1fc9b3a-941c-43de-983c-df58edd9e5af", "fields": {"category": "CARGO-TRUCK", "size": "MEDIUM", "tonnage": "10.0", "cargo_volume": "10000.0", "description": null}}, {"model": "fleet.vehiclecategorysize", "pk": "d4c5c299-8c5e-401b-b72a-723f0b029a9f", "fields": {"category": "CARGO-TRUCK", "size": "LARGE", "tonnage": "15.0", "cargo_volume": "10000.0", "description": null}}, {"model": "fleet.vehiclecategorycharge", "pk": "08717308-f281-491e-9d43-048784eabbc9", "fields": {"category_size": "c5a4ee3e-9283-4230-a05c-b7a493fe0f46", "order_type": "EXPRESS-PERSONAL", "base_fare": "16000.00", "helper_charge": "3000.00", "cost_per_kilometer": "380.00", "cost_per_floor": "300.00", "added_on": "2021-09-21T18:27:33.847Z", "updated_on": "2021-09-21T18:27:33.847Z"}}, {"model": "fleet.vehiclecategorycharge", "pk": "148080fe-a235-4d93-8a09-9fefdffb2886", "fields": {"category_size": "d4c5c299-8c5e-401b-b72a-723f0b029a9f", "order_type": "SCHEDULED-DELIVERY", "base_fare": "35000.00", "helper_charge": "6000.00", "cost_per_kilometer": "700.00", "cost_per_floor": "0.00", "added_on": "2021-09-21T18:27:10.499Z", "updated_on": "2021-09-21T18:27:10.499Z"}}, {"model": "fleet.vehiclecategorycharge", "pk": "168b9b0e-1330-4b8a-ac8e-5f5647bf1c1e", "fields": {"category_size": "d4c5c299-8c5e-401b-b72a-723f0b029a9f", "order_type": "RELOCATION", "base_fare": "50000.00", "helper_charge": "6000.00", "cost_per_kilometer": "1000.00", "cost_per_floor": "1000.00", "added_on": "2021-09-21T18:27:13.508Z", "updated_on": "2021-09-21T18:27:13.508Z"}}, {"model": "fleet.vehiclecategorycharge", "pk": "3a827b32-798f-4dfc-b6f8-3982db011b28", "fields": {"category_size": "502cea22-bd59-4d64-a260-532cfd04b007", "order_type": "SCHEDULED-DELIVERY", "base_fare": "20000.00", "helper_charge": "4500.00", "cost_per_kilometer": "500.00", "cost_per_floor": "0.00", "added_on": "2021-09-21T18:27:26.678Z", "updated_on": "2021-09-21T18:27:26.679Z"}}, {"model": "fleet.vehiclecategorycharge", "pk": "3dacab61-be3b-4794-9d41-7b8fe6a29822", "fields": {"category_size": "d4c5c299-8c5e-401b-b72a-723f0b029a9f", "order_type": "EXPRESS-DELIVERY", "base_fare": "50000.00", "helper_charge": "7000.00", "cost_per_kilometer": "1000.00", "cost_per_floor": "0.00", "added_on": "2021-09-21T18:27:07.735Z", "updated_on": "2021-09-21T18:27:07.735Z"}}, {"model": "fleet.vehiclecategorycharge", "pk": "3fd91b19-d402-45a4-bb32-aa6b0e59ee00", "fields": {"category_size": "d1fc9b3a-941c-43de-983c-df58edd9e5af", "order_type": "SCHEDULED-DELIVERY", "base_fare": "250000.00", "helper_charge": "5000.00", "cost_per_kilometer": "500.00", "cost_per_floor": "0.00", "added_on": "2021-09-21T18:27:03.947Z", "updated_on": "2021-09-21T18:27:03.947Z"}}, {"model": "fleet.vehiclecategorycharge", "pk": "4cc0a447-1e43-4221-b551-efbb7b35b0e3", "fields": {"category_size": "62d2bfa9-e94c-4274-9005-abe97affdcad", "order_type": "INTERCITY-PERSONAL", "base_fare": "25000.00", "helper_charge": "4000.00", "cost_per_kilometer": "100.00", "cost_per_floor": "300.00", "added_on": "2021-09-21T18:27:21.763Z", "updated_on": "2021-09-21T18:27:21.763Z"}}, {"model": "fleet.vehiclecategorycharge", "pk": "5800580e-eebb-4445-9355-655a075a071d", "fields": {"category_size": "d1fc9b3a-941c-43de-983c-df58edd9e5af", "order_type": "EXPRESS-DELIVERY", "base_fare": "40000.00", "helper_charge": "5000.00", "cost_per_kilometer": "650.00", "cost_per_floor": "0.00", "added_on": "2021-09-21T18:26:59.337Z", "updated_on": "2021-09-21T18:26:59.337Z"}}, {"model": "fleet.vehiclecategorycharge", "pk": "58bf95c0-4428-441b-bd6d-846823f08447", "fields": {"category_size": "2289b857-d77a-4043-9f01-096f1e7415da", "order_type": "INTERCITY-PERSONAL", "base_fare": "15000.00", "helper_charge": "2000.00", "cost_per_kilometer": "95.00", "cost_per_floor": "200.00", "added_on": "2021-09-21T18:26:56.981Z", "updated_on": "2021-09-21T18:26:56.981Z"}}, {"model": "fleet.vehiclecategorycharge", "pk": "700ae590-1d74-4162-bb47-fbc3d68705aa", "fields": {"category_size": "62d2bfa9-e94c-4274-9005-abe97affdcad", "order_type": "EXPRESS-PERSONAL", "base_fare": "9500.00", "helper_charge": "3000.00", "cost_per_kilometer": "300.00", "cost_per_floor": "100.00", "added_on": "2021-09-21T18:27:17.257Z", "updated_on": "2021-09-21T18:27:17.257Z"}}, {"model": "fleet.vehiclecategorycharge", "pk": "73d48435-818b-4af8-b4de-03a82d23c41a", "fields": {"category_size": "d4c5c299-8c5e-401b-b72a-723f0b029a9f", "order_type": "EXPRESS-PERSONAL", "base_fare": "50000.00", "helper_charge": "7000.00", "cost_per_kilometer": "1000.00", "cost_per_floor": "500.00", "added_on": "2021-09-21T18:27:09.080Z", "updated_on": "2021-09-21T18:27:09.080Z"}}, {"model": "fleet.vehiclecategorycharge", "pk": "85f12a89-7091-4ebe-812d-9a00c9d5dfad", "fields": {"category_size": "c5a4ee3e-9283-4230-a05c-b7a493fe0f46", "order_type": "RELOCATION", "base_fare": "18000.00", "helper_charge": "4000.00", "cost_per_kilometer": "400.00", "cost_per_floor": "500.00", "added_on": "2021-09-21T18:27:38.455Z", "updated_on": "2021-09-21T18:27:38.455Z"}}, {"model": "fleet.vehiclecategorycharge", "pk": "87df98a3-b1f2-443d-b322-87e875138ae8", "fields": {"category_size": "d1fc9b3a-941c-43de-983c-df58edd9e5af", "order_type": "RELOCATION", "base_fare": "40000.00", "helper_charge": "5000.00", "cost_per_kilometer": "680.00", "cost_per_floor": "700.00", "added_on": "2021-09-21T18:27:02.512Z", "updated_on": "2021-09-21T18:27:02.512Z"}}, {"model": "fleet.vehiclecategorycharge", "pk": "93810311-ab21-4a16-a0f7-d9fc16e8bd58", "fields": {"category_size": "502cea22-bd59-4d64-a260-532cfd04b007", "order_type": "EXPRESS-DELIVERY", "base_fare": "25000.00", "helper_charge": "4000.00", "cost_per_kilometer": "460.00", "cost_per_floor": "0.00", "added_on": "2021-09-21T18:27:24.017Z", "updated_on": "2021-09-21T18:27:24.017Z"}}, {"model": "fleet.vehiclecategorycharge", "pk": "9633cb5a-1c71-40ad-a379-b56cabdbf492", "fields": {"category_size": "d1fc9b3a-941c-43de-983c-df58edd9e5af", "order_type": "EXPRESS-PERSONAL", "base_fare": "40000.00", "helper_charge": "6000.00", "cost_per_kilometer": "700.00", "cost_per_floor": "500.00", "added_on": "2021-09-21T18:27:00.773Z", "updated_on": "2021-09-21T18:27:00.773Z"}}, {"model": "fleet.vehiclecategorycharge", "pk": "97e434e8-559a-4952-a345-ee045c355fb3", "fields": {"category_size": "b1db4c6d-0b0c-401f-89d2-339ce1c92fdd", "order_type": "INTERCITY-PERSONAL", "base_fare": "25000.00", "helper_charge": "4000.00", "cost_per_kilometer": "120.00", "cost_per_floor": "400.00", "added_on": "2021-09-21T18:27:46.748Z", "updated_on": "2021-09-21T18:27:46.748Z"}}, {"model": "fleet.vehiclecategorycharge", "pk": "a081e6ac-2cce-4ca4-9b38-74b544d3d9ff", "fields": {"category_size": "b1db4c6d-0b0c-401f-89d2-339ce1c92fdd", "order_type": "SCHEDULED-DELIVERY", "base_fare": "9000.00", "helper_charge": "3000.00", "cost_per_kilometer": "420.00", "cost_per_floor": "0.00", "added_on": "2021-09-21T18:27:43.574Z", "updated_on": "2021-09-21T18:27:43.574Z"}}, {"model": "fleet.vehiclecategorycharge", "pk": "a083afe9-9d29-4613-84f0-655fd7bc8d52", "fields": {"category_size": "d4c5c299-8c5e-401b-b72a-723f0b029a9f", "order_type": "INTERCITY-PERSONAL", "base_fare": "40000.00", "helper_charge": "6000.00", "cost_per_kilometer": "400.00", "cost_per_floor": "500.00", "added_on": "2021-09-21T18:27:12.035Z", "updated_on": "2021-09-21T18:27:12.035Z"}}, {"model": "fleet.vehiclecategorycharge", "pk": "b4d119da-2410-4abb-86a1-625d24ed593f", "fields": {"category_size": "b1db4c6d-0b0c-401f-89d2-339ce1c92fdd", "order_type": "EXPRESS-DELIVERY", "base_fare": "9000.00", "helper_charge": "3000.00", "cost_per_kilometer": "320.00", "cost_per_floor": "0.00", "added_on": "2021-09-21T18:27:45.213Z", "updated_on": "2021-09-21T18:27:45.213Z"}}, {"model": "fleet.vehiclecategorycharge", "pk": "b6d3223e-72c3-4833-a9a7-20e4f13eeab0", "fields": {"category_size": "b1db4c6d-0b0c-401f-89d2-339ce1c92fdd", "order_type": "RELOCATION", "base_fare": "13000.00", "helper_charge": "3000.00", "cost_per_kilometer": "325.00", "cost_per_floor": "500.00", "added_on": "2021-09-21T18:27:40.604Z", "updated_on": "2021-09-21T18:27:40.604Z"}}, {"model": "fleet.vehiclecategorycharge", "pk": "bb338929-53fe-4916-b8cb-647dd4f034b6", "fields": {"category_size": "62d2bfa9-e94c-4274-9005-abe97affdcad", "order_type": "RELOCATION", "base_fare": "11000.00", "helper_charge": "3000.00", "cost_per_kilometer": "280.00", "cost_per_floor": "300.00", "added_on": "2021-09-21T18:27:20.227Z", "updated_on": "2021-09-21T18:27:20.227Z"}}, {"model": "fleet.vehiclecategorycharge", "pk": "bee65282-0700-4408-932b-2b9c80db195f", "fields": {"category_size": "2289b857-d77a-4043-9f01-096f1e7415da", "order_type": "SCHEDULED-DELIVERY", "base_fare": "5500.00", "helper_charge": "2000.00", "cost_per_kilometer": "250.00", "cost_per_floor": "0.00", "added_on": "2021-09-21T18:26:55.446Z", "updated_on": "2021-09-21T18:26:55.446Z"}}, {"model": "fleet.vehiclecategorycharge", "pk": "c7f7e087-0421-4109-99ff-e2ba2624342d", "fields": {"category_size": "62d2bfa9-e94c-4274-9005-abe97affdcad", "order_type": "EXPRESS-DELIVERY", "base_fare": "8500.00", "helper_charge": "2000.00", "cost_per_kilometer": "290.00", "cost_per_floor": "0.00", "added_on": "2021-09-21T18:27:15.926Z", "updated_on": "2021-09-21T18:27:15.926Z"}}, {"model": "fleet.vehiclecategorycharge", "pk": "cd21bf84-d74c-4a42-8f39-87f6607b8ed5", "fields": {"category_size": "502cea22-bd59-4d64-a260-532cfd04b007", "order_type": "RELOCATION", "base_fare": "25000.00", "helper_charge": "5000.00", "cost_per_kilometer": "460.00", "cost_per_floor": "700.00", "added_on": "2021-09-21T18:27:28.184Z", "updated_on": "2021-09-21T18:27:28.184Z"}}, {"model": "fleet.vehiclecategorycharge", "pk": "d3076a8c-c7b4-4df8-a97c-c2a32511556b", "fields": {"category_size": "c5a4ee3e-9283-4230-a05c-b7a493fe0f46", "order_type": "INTERCITY-PERSONAL", "base_fare": "30000.00", "helper_charge": "4000.00", "cost_per_kilometer": "320.00", "cost_per_floor": "300.00", "added_on": "2021-09-21T18:27:36.918Z", "updated_on": "2021-09-21T18:27:36.918Z"}}, {"model": "fleet.vehiclecategorycharge", "pk": "de1dbd39-4134-4940-8a47-dadfa810f79e", "fields": {"category_size": "c5a4ee3e-9283-4230-a05c-b7a493fe0f46", "order_type": "SCHEDULED-DELIVERY", "base_fare": "13000.00", "helper_charge": "3000.00", "cost_per_kilometer": "450.00", "cost_per_floor": "0.00", "added_on": "2021-09-21T18:27:35.382Z", "updated_on": "2021-09-21T18:27:35.382Z"}}, {"model": "fleet.vehiclecategorycharge", "pk": "e4439cd1-8c3e-4aa1-a61b-8584b94e5654", "fields": {"category_size": "d1fc9b3a-941c-43de-983c-df58edd9e5af", "order_type": "INTERCITY-PERSONAL", "base_fare": "40000.00", "helper_charge": "6000.00", "cost_per_kilometer": "400.00", "cost_per_floor": "500.00", "added_on": "2021-09-21T18:27:05.378Z", "updated_on": "2021-09-21T18:27:05.378Z"}}, {"model": "fleet.vehiclecategorycharge", "pk": "e9e406a7-588d-44f1-8087-e780f337fb50", "fields": {"category_size": "2289b857-d77a-4043-9f01-096f1e7415da", "order_type": "EXPRESS-DELIVERY", "base_fare": "4000.00", "helper_charge": "1500.00", "cost_per_kilometer": "190.00", "cost_per_floor": "0.00", "added_on": "2021-09-21T18:26:51.352Z", "updated_on": "2021-09-21T18:26:51.352Z"}}, {"model": "fleet.vehiclecategorycharge", "pk": "eb3e084e-8ca6-49f0-b44a-bd64bfec2840", "fields": {"category_size": "2289b857-d77a-4043-9f01-096f1e7415da", "order_type": "RELOCATION", "base_fare": "5000.00", "helper_charge": "2000.00", "cost_per_kilometer": "200.00", "cost_per_floor": "150.00", "added_on": "2021-09-21T18:26:52.727Z", "updated_on": "2021-09-21T18:26:52.727Z"}}, {"model": "fleet.vehiclecategorycharge", "pk": "eb5429f5-66bf-4f56-b2af-720bc3c94194", "fields": {"category_size": "62d2bfa9-e94c-4274-9005-abe97affdcad", "order_type": "SCHEDULED-DELIVERY", "base_fare": "8000.00", "helper_charge": "2500.00", "cost_per_kilometer": "380.00", "cost_per_floor": "0.00", "added_on": "2021-09-21T18:27:18.785Z", "updated_on": "2021-09-21T18:27:18.785Z"}}, {"model": "fleet.vehiclecategorycharge", "pk": "ecb3141e-8442-4bb1-a2fe-d7a44fade340", "fields": {"category_size": "c5a4ee3e-9283-4230-a05c-b7a493fe0f46", "order_type": "EXPRESS-DELIVERY", "base_fare": "14000.00", "helper_charge": "3000.00", "cost_per_kilometer": "340.00", "cost_per_floor": "0.00", "added_on": "2021-09-21T18:27:32.208Z", "updated_on": "2021-09-21T18:27:32.208Z"}}, {"model": "fleet.vehiclecategorycharge", "pk": "f7a47970-8786-4020-b437-99de759bc82a", "fields": {"category_size": "2289b857-d77a-4043-9f01-096f1e7415da", "order_type": "EXPRESS-PERSONAL", "base_fare": "4000.00", "helper_charge": "1500.00", "cost_per_kilometer": "220.00", "cost_per_floor": "100.00", "added_on": "2021-09-21T18:26:54.017Z", "updated_on": "2021-09-21T18:26:54.017Z"}}, {"model": "fleet.vehiclecategorycharge", "pk": "fa43f586-e623-419d-be88-2e88856670c5", "fields": {"category_size": "502cea22-bd59-4d64-a260-532cfd04b007", "order_type": "EXPRESS-PERSONAL", "base_fare": "25000.00", "helper_charge": "5000.00", "cost_per_kilometer": "470.00", "cost_per_floor": "500.00", "added_on": "2021-09-21T18:27:25.352Z", "updated_on": "2021-09-21T18:27:25.352Z"}}, {"model": "fleet.vehiclecategorycharge", "pk": "fafb626d-7968-434a-bb59-23da4c1cbec2", "fields": {"category_size": "502cea22-bd59-4d64-a260-532cfd04b007", "order_type": "INTERCITY-PERSONAL", "base_fare": "35000.00", "helper_charge": "5000.00", "cost_per_kilometer": "320.00", "cost_per_floor": "500.00", "added_on": "2021-09-21T18:27:29.750Z", "updated_on": "2021-09-21T18:27:29.751Z"}}, {"model": "fleet.vehiclecategorycharge", "pk": "fe453757-97d6-43b2-9790-89f06379a615", "fields": {"category_size": "b1db4c6d-0b0c-401f-89d2-339ce1c92fdd", "order_type": "EXPRESS-PERSONAL", "base_fare": "11000.00", "helper_charge": "3000.00", "cost_per_kilometer": "320.00", "cost_per_floor": "200.00", "added_on": "2021-09-21T18:27:42.040Z", "updated_on": "2021-09-21T18:27:42.040Z"}}, {"model": "fleet.vehicle", "pk": "0ad43628-7314-490d-a1bc-9c2d3c819fad", "fields": {"year": 2015, "make": "Mazda", "model": "T35", "color": "white", "image": "", "registration_number": "AA 2535", "category_size": "2289b857-d77a-4043-9f01-096f1e7415da", "owner": "cb6036ee-8329-47d2-aaf9-8ab20dc795b0", "referrer": null, "driver": "240a9ca7-08e5-4bd3-a050-da1d4dcff9ad", "status": "APPROVED", "status_remarks": "", "insurance_documents": "InsuranceDocs/Truq_Dynamics_-_Quota_Approval_-_Invoice_2021.pdf", "insurance_valid_until": "2025-08-16T17:05:49Z", "hackney_permit": "HackneyPermits/IMG-20210917-WA0040.jpg", "permit_valid_until": "2022-10-17T17:05:49Z", "road_worthiness_certificate": "RoadWorthinessCertificates/Screenshot_20210917-074648_WhatsApp.jpg", "certificate_valid_until": "2022-09-17T17:05:49Z", "added_on": "2021-09-17T17:05:48.681Z", "updated_on": "2021-09-23T17:25:57.131Z", "features": []}}, {"model": "fleet.vehicle", "pk": "0fb4c800-8ec7-4de3-a3ed-bbf21a1fd931", "fields": {"year": 2020, "make": "BENZ", "model": "G-CLASSIC", "color": "RED", "image": "", "registration_number": "ZAGA123", "category_size": "b1db4c6d-0b0c-401f-89d2-339ce1c92fdd", "owner": "efa59874-e726-4778-a4e9-c8186f4c1661", "referrer": null, "driver": null, "status": "INACTIVE", "status_remarks": null, "insurance_documents": "", "insurance_valid_until": null, "hackney_permit": "", "permit_valid_until": null, "road_worthiness_certificate": "", "certificate_valid_until": null, "added_on": "2021-11-01T10:58:33.424Z", "updated_on": "2021-11-01T10:58:33.424Z", "features": []}}, {"model": "fleet.vehicle", "pk": "417bfb6e-9745-4e9c-b47d-ffbaf3749c23", "fields": {"year": 2021, "make": "TOYOTA", "model": "SIENNA", "color": "BLUE", "image": "", "registration_number": "TEST 456", "category_size": "d1fc9b3a-941c-43de-983c-df58edd9e5af", "owner": "09a033ba-6c35-4ac8-a3a4-169900e9191a", "referrer": null, "driver": null, "status": "INACTIVE", "status_remarks": null, "insurance_documents": "", "insurance_valid_until": null, "hackney_permit": "", "permit_valid_until": null, "road_worthiness_certificate": "", "certificate_valid_until": null, "added_on": "2021-11-01T10:40:53.101Z", "updated_on": "2021-11-01T10:40:53.101Z", "features": []}}, {"model": "fleet.vehicle", "pk": "43424bdd-13fb-4c82-ab4b-ddd67e4906a5", "fields": {"year": 2020, "make": "Mercedes Benz", "model": "mERCEDES bENZ X", "color": null, "image": "", "registration_number": "BIG WIZ", "category_size": "2289b857-d77a-4043-9f01-096f1e7415da", "owner": "efa59874-e726-4778-a4e9-c8186f4c1661", "referrer": null, "driver": "5658401f-f612-43bd-9835-d785c6db512e", "status": "INACTIVE", "status_remarks": null, "insurance_documents": "InsuranceDocs/truQ_Employee_Info_Form.pdf", "insurance_valid_until": null, "hackney_permit": "", "permit_valid_until": null, "road_worthiness_certificate": "", "certificate_valid_until": null, "added_on": "2021-10-28T12:17:56.955Z", "updated_on": "2021-10-28T12:30:48.009Z", "features": []}}, {"model": "fleet.vehicle", "pk": "488fc651-520f-47e6-92a5-76870e2f45fb", "fields": {"year": 2021, "make": "TOYOTA", "model": "SIENNA", "color": "GREY", "image": "", "registration_number": "SAVY123", "category_size": "2289b857-d77a-4043-9f01-096f1e7415da", "owner": "09a033ba-6c35-4ac8-a3a4-169900e9191a", "referrer": null, "driver": null, "status": "INACTIVE", "status_remarks": null, "insurance_documents": "", "insurance_valid_until": null, "hackney_permit": "", "permit_valid_until": null, "road_worthiness_certificate": "", "certificate_valid_until": null, "added_on": "2021-11-01T10:44:53.768Z", "updated_on": "2021-11-01T10:44:53.768Z", "features": []}}, {"model": "fleet.vehicle", "pk": "800a9588-3d25-4917-82a8-500d4910a3d7", "fields": {"year": 2018, "make": "Ford", "model": "Transit", "color": "Blue", "image": "", "registration_number": "KJA77GH", "category_size": "5e21e7f3-86e5-4995-b4d0-6bb601c9b81e", "owner": "205ce7ab-02ea-432d-acef-a596fcef4950", "referrer": null, "driver": null, "status": "APPROVED", "status_remarks": null, "insurance_documents": "InsuranceDocs/Screenshot_20210917-141259_TruQ_Agent.jpg", "insurance_valid_until": "2021-09-17T13:31:48.074Z", "hackney_permit": "HackneyPermits/Screenshot_20210917-141259_TruQ_Agent.jpg", "permit_valid_until": "2021-09-17T13:31:48.076Z", "road_worthiness_certificate": "RoadWorthinessCertificates/Screenshot_20210916-133829_TruQ_Agent.jpg", "certificate_valid_until": "2021-09-17T13:31:48.077Z", "added_on": "2021-09-17T13:31:48.587Z", "updated_on": "2021-09-18T18:47:34.358Z", "features": []}}, {"model": "fleet.vehicle", "pk": "9e0c72ab-696e-41af-9d34-05e7de318b1a", "fields": {"year": 2021, "make": "TOYOTA", "model": "SIENNA", "color": "BLUE", "image": "", "registration_number": "ABC 678", "category_size": "b1db4c6d-0b0c-401f-89d2-339ce1c92fdd", "owner": "efa59874-e726-4778-a4e9-c8186f4c1661", "referrer": null, "driver": null, "status": "INACTIVE", "status_remarks": null, "insurance_documents": "", "insurance_valid_until": null, "hackney_permit": "", "permit_valid_until": null, "road_worthiness_certificate": "", "certificate_valid_until": null, "added_on": "2021-11-01T10:53:13.752Z", "updated_on": "2021-11-01T10:53:13.752Z", "features": []}}, {"model": "fleet.vehicle", "pk": "bc6d4a21-fa20-4ecc-8657-0f1deafd21c7", "fields": {"year": 2016, "make": "Toyota", "model": "Dyna", "color": "White", "image": "", "registration_number": "CH 4545", "category_size": "b1db4c6d-0b0c-401f-89d2-339ce1c92fdd", "owner": "cb6036ee-8329-47d2-aaf9-8ab20dc795b0", "referrer": null, "driver": null, "status": "INACTIVE", "status_remarks": null, "insurance_documents": "InsuranceDocs/logo-1024x1024.png", "insurance_valid_until": "2024-12-03T14:49:43.336Z", "hackney_permit": "", "permit_valid_until": null, "road_worthiness_certificate": "", "certificate_valid_until": null, "added_on": "2021-10-03T14:43:24.991Z", "updated_on": "2021-10-03T14:49:59.723Z", "features": []}}, {"model": "fleet.vehicle", "pk": "c1b0dec4-3275-4460-926c-a393be2d2f04", "fields": {"year": 2020, "make": "TOYOTA", "model": "SIENNA", "color": "GREY", "image": "", "registration_number": "SAVY 123", "category_size": "d4c5c299-8c5e-401b-b72a-723f0b029a9f", "owner": "09a033ba-6c35-4ac8-a3a4-169900e9191a", "referrer": null, "driver": null, "status": "INACTIVE", "status_remarks": null, "insurance_documents": "", "insurance_valid_until": null, "hackney_permit": "", "permit_valid_until": null, "road_worthiness_certificate": "", "certificate_valid_until": null, "added_on": "2021-11-01T10:42:36.054Z", "updated_on": "2021-11-01T10:42:36.054Z", "features": []}}, {"model": "fleet.vehicle", "pk": "c448f6db-299e-4674-87b8-7e6be24fdd44", "fields": {"year": 2021, "make": "BMW", "model": "A-class", "color": "Black", "image": "", "registration_number": "1234567", "category_size": "5e21e7f3-86e5-4995-b4d0-6bb601c9b81e", "owner": "09a033ba-6c35-4ac8-a3a4-169900e9191a", "referrer": null, "driver": "5022e1ee-4afd-464f-affc-04af7bb42e84", "status": "APPROVED", "status_remarks": null, "insurance_documents": "InsuranceDocs/Onboarding_Checklist.png", "insurance_valid_until": "2020-09-14T13:04:33.315Z", "hackney_permit": "HackneyPermits/WhatsApp_Image_2021-08-14_at_10.20.34_PM.jpeg", "permit_valid_until": "2020-09-14T13:04:33.316Z", "road_worthiness_certificate": "RoadWorthinessCertificates/Onboarding_Checklist.png", "certificate_valid_until": "2020-09-14T13:04:33.316Z", "added_on": "2021-09-14T13:04:33.494Z", "updated_on": "2021-09-20T14:43:15.187Z", "features": []}}, {"model": "fleet.vehicle", "pk": "cbbba8f2-20cd-41ef-9367-926ce671dc40", "fields": {"year": 2021, "make": "Mercedes Benz", "model": "x", "color": "Panther Black", "image": "", "registration_number": "SAVIGANGA", "category_size": "5e21e7f3-86e5-4995-b4d0-6bb601c9b81e", "owner": "efa59874-e726-4778-a4e9-c8186f4c1661", "referrer": null, "driver": null, "status": "APPROVED", "status_remarks": null, "insurance_documents": "InsuranceDocs/truqvera.jpeg", "insurance_valid_until": "2023-09-17T06:57:14.660Z", "hackney_permit": "HackneyPermits/3.jpeg", "permit_valid_until": "2023-09-17T06:57:14.661Z", "road_worthiness_certificate": "RoadWorthinessCertificates/16.jpeg", "certificate_valid_until": "2023-09-17T06:57:14.662Z", "added_on": "2021-09-17T06:57:17.303Z", "updated_on": "2021-09-20T14:18:58.877Z", "features": []}}, {"model": "fleet.vehicle", "pk": "eca2161e-df58-4e25-b895-0f73fa13ddd1", "fields": {"year": 2020, "make": "Mercedes Benz", "model": "mERCEDES bENZ X", "color": null, "image": "", "registration_number": "BIG WIZZY", "category_size": "2289b857-d77a-4043-9f01-096f1e7415da", "owner": "efa59874-e726-4778-a4e9-c8186f4c1661", "referrer": null, "driver": "ae883140-2ef2-4c63-bdad-b0b70b1e1537", "status": "INACTIVE", "status_remarks": null, "insurance_documents": "InsuranceDocs/truQ_Employee_Info_Form.pdf", "insurance_valid_until": null, "hackney_permit": "", "permit_valid_until": null, "road_worthiness_certificate": "", "certificate_valid_until": null, "added_on": "2021-10-28T12:44:09.262Z", "updated_on": "2021-10-28T12:45:04.839Z", "features": []}}, {"model": "fleet.vehicle", "pk": "ed546f20-000c-41e7-b25f-f1d1526125bd", "fields": {"year": 2020, "make": "Ford", "model": "mERCEDES bENZ X", "color": null, "image": "", "registration_number": "STARBOY", "category_size": "2289b857-d77a-4043-9f01-096f1e7415da", "owner": "efa59874-e726-4778-a4e9-c8186f4c1661", "referrer": null, "driver": "c289c5c0-6adf-4112-9eaf-62d0d6ebf363", "status": "INACTIVE", "status_remarks": null, "insurance_documents": "InsuranceDocs/truQ_Employee_Info_Form.pdf", "insurance_valid_until": null, "hackney_permit": "", "permit_valid_until": null, "road_worthiness_certificate": "", "certificate_valid_until": null, "added_on": "2021-10-22T16:29:03.085Z", "updated_on": "2021-10-22T16:31:01.719Z", "features": []}}, {"model": "fleet.vehicle", "pk": "eef3ba86-5d58-410c-ba02-f74e4d9c616f", "fields": {"year": 2020, "make": "BENZ", "model": "G-CLASSIC", "color": "RED", "image": "", "registration_number": "ZAGA12", "category_size": "b1db4c6d-0b0c-401f-89d2-339ce1c92fdd", "owner": "efa59874-e726-4778-a4e9-c8186f4c1661", "referrer": null, "driver": null, "status": "INACTIVE", "status_remarks": null, "insurance_documents": "", "insurance_valid_until": null, "hackney_permit": "", "permit_valid_until": null, "road_worthiness_certificate": "", "certificate_valid_until": null, "added_on": "2021-11-01T10:59:00.082Z", "updated_on": "2021-11-01T10:59:00.082Z", "features": []}}, {"model": "notifications.usernotification", "pk": "013ca911-bc4d-4f09-b493-dfb5b07fb6aa", "fields": {"user": "efa59874-e726-4778-a4e9-c8186f4c1661", "action_url": "/wallet", "title": "TruQ Wallet Activity", "body": null, "text_body": "Your wallet has been DEBITED with NGN 10.00  for Test wallet withdrawal.", "email_template": "email/activity_update.html", "email_context": [{"type": "heading", "value": "TruQ Wallet Activity"}, {"type": "paragraph", "value": "Hi, saviganga"}, {"type": "paragraph", "value": "Your wallet has been DEBITED with NGN 10.00  for Test wallet withdrawal."}, {"type": "heading", "value": "Transaction Ref: WITHDRAWAL_d811781f-1353-407c-a05d-74a704fd04ba"}, {"cta": "https://app.mytruq.com/wallet", "type": "button", "value": "View Your Wallet"}], "priority": "MEDIUM", "target": "USER-APP", "is_read": false, "added_on": "2021-11-01T12:00:52.757Z"}}, {"model": "notifications.usernotification", "pk": "04aefb08-a37b-4d15-a212-c3c9f8a50694", "fields": {"user": "efa59874-e726-4778-a4e9-c8186f4c1661", "action_url": "/order/dfdb31b9-91a8-4481-834a-9736cba206fc", "title": "Order INITIATED", "body": null, "text_body": "Your truQ order has been booked successfully, please proceed to payment.", "email_template": "email/activity_update.html", "email_context": [{"type": "heading", "value": "Order INITIATED"}, {"type": "paragraph", "value": "Your truQ order has been booked successfully, please proceed to payment."}, {"cta": "https://app.mytruq.com/track-order/dfdb31b9-91a8-4481-834a-9736cba206fc", "type": "button", "value": "Track Order"}], "priority": "LOW", "target": "USER-APP", "is_read": false, "added_on": "2021-09-13T09:07:50.985Z"}}, {"model": "notifications.usernotification", "pk": "066a9966-5467-45c3-bf17-279cf0037e5b", "fields": {"user": "09a033ba-6c35-4ac8-a3a4-169900e9191a", "action_url": "/order/0677aabb-7ee3-4a6d-bc69-6e350013c00b", "title": "Order INITIATED", "body": null, "text_body": "Your truQ order has been booked successfully, please proceed to payment.", "email_template": "email/activity_update.html", "email_context": [{"type": "heading", "value": "Order INITIATED"}, {"type": "paragraph", "value": "Your truQ order has been booked successfully, please proceed to payment."}, {"cta": "https://app.mytruq.com/track-order/0677aabb-7ee3-4a6d-bc69-6e350013c00b", "type": "button", "value": "Track Order"}], "priority": "LOW", "target": "USER-APP", "is_read": false, "added_on": "2021-09-16T07:52:04.235Z"}}, {"model": "notifications.usernotification", "pk": "0769e64e-c48d-46b6-9cc3-f2f6df138223", "fields": {"user": "67e6e51a-7014-49f4-b4c3-e703f4bb839e", "action_url": "/order/3a7c5fbc-8d8d-47fe-ae0e-e4a0e01ae272", "title": "Order INITIATED", "body": null, "text_body": "Your truQ order has been booked successfully, please proceed to payment.", "email_template": "email/activity_update.html", "email_context": [{"type": "heading", "value": "Order INITIATED"}, {"type": "paragraph", "value": "Your truQ order has been booked successfully, please proceed to payment."}, {"cta": "https://app.mytruq.com/track-order/3a7c5fbc-8d8d-47fe-ae0e-e4a0e01ae272", "type": "button", "value": "Track Order"}], "priority": "LOW", "target": "USER-APP", "is_read": false, "added_on": "2021-09-13T10:02:30.192Z"}}, {"model": "notifications.usernotification", "pk": "0a7aa615-35ad-49c1-8ecc-719e56bf8469", "fields": {"user": "09a033ba-6c35-4ac8-a3a4-169900e9191a", "action_url": "/order/a17a291d-d41b-4f2f-9e39-4c764f4c292b", "title": "Order IN-TRANSIT", "body": null, "text_body": "Your TruQ is now heading to drop-off.", "email_template": "email/activity_update.html", "email_context": [{"type": "heading", "value": "Order IN-TRANSIT"}, {"type": "paragraph", "value": "Your TruQ is now heading to drop-off."}, {"cta": "https://app.mytruq.com/track-order/a17a291d-d41b-4f2f-9e39-4c764f4c292b", "type": "button", "value": "Track Order"}], "priority": "LOW", "target": "USER-APP", "is_read": false, "added_on": "2021-09-16T18:19:12.835Z"}}, {"model": "notifications.usernotification", "pk": "0ae01d83-c1ec-43d6-ac14-07b03ce8c362", "fields": {"user": "5585d6b9-d98a-4e71-a83e-ed026dd49e34", "action_url": "/order/4106945e-d854-49fd-b813-26f770550493", "title": "Order LOADING", "body": null, "text_body": "Your TruQ driver has arrived for pick-up.", "email_template": "email/activity_update.html", "email_context": [{"type": "heading", "value": "Order LOADING"}, {"type": "paragraph", "value": "Your TruQ driver has arrived for pick-up."}, {"cta": "https://app.mytruq.com/track-order/4106945e-d854-49fd-b813-26f770550493", "type": "button", "value": "Track Order"}], "priority": "LOW", "target": "USER-APP", "is_read": false, "added_on": "2021-09-16T18:18:17.192Z"}}, {"model": "notifications.usernotification", "pk": "0b58d425-d733-42f9-af33-665d10dc82aa", "fields": {"user": "09a033ba-6c35-4ac8-a3a4-169900e9191a", "action_url": "/order/d2a3b974-fcf0-467a-b1fd-a9c03dcc48ea", "title": "Order INITIATED", "body": null, "text_body": "Hi Eby, a TruQ order has been booked for you by saviganga, please get payment link from the agent.", "email_template": "email/activity_update.html", "email_context": [{"type": "heading", "value": "Order INITIATED"}, {"type": "paragraph", "value": "Hi Eby, a TruQ order has been booked for you by saviganga, please get payment link from the agent."}, {"cta": "https://app.mytruq.com/track-order/d2a3b974-fcf0-467a-b1fd-a9c03dcc48ea", "type": "button", "value": "Track Order"}], "priority": "LOW", "target": "USER-APP", "is_read": false, "added_on": "2021-09-13T09:30:14.414Z"}}, {"model": "notifications.usernotification", "pk": "128d6afe-4650-4c94-8131-5e795fe05620", "fields": {"user": "efa59874-e726-4778-a4e9-c8186f4c1661", "action_url": "/wallet", "title": "TruQ Wallet Activity", "body": null, "text_body": "Your wallet has been DEBITED with NGN 100.00  for Test wallet withdrawal.", "email_template": "email/activity_update.html", "email_context": [{"type": "heading", "value": "TruQ Wallet Activity"}, {"type": "paragraph", "value": "Hi, saviganga"}, {"type": "paragraph", "value": "Your wallet has been DEBITED with NGN 100.00  for Test wallet withdrawal."}, {"type": "heading", "value": "Transaction Ref: WITHDRAWAL_023d27ef-4dad-43e3-b89e-ca3bbf61dd2d"}, {"cta": "https://app.mytruq.com/wallet", "type": "button", "value": "View Your Wallet"}], "priority": "MEDIUM", "target": "USER-APP", "is_read": false, "added_on": "2021-11-01T12:05:45.313Z"}}, {"model": "notifications.usernotification", "pk": "12b50696-893e-4b52-b5f0-77300a1d17b7", "fields": {"user": "efa59874-e726-4778-a4e9-c8186f4c1661", "action_url": "/order/67f61f4f-39fc-414f-8063-510cbc7bf006", "title": "Order INITIATED", "body": null, "text_body": "Hi saviganga, a TruQ order has been booked for you by Eby, please get payment link from the agent.", "email_template": "email/activity_update.html", "email_context": [{"type": "heading", "value": "Order INITIATED"}, {"type": "paragraph", "value": "Hi saviganga, a TruQ order has been booked for you by Eby, please get payment link from the agent."}, {"cta": "https://app.mytruq.com/track-order/67f61f4f-39fc-414f-8063-510cbc7bf006", "type": "button", "value": "Track Order"}], "priority": "LOW", "target": "USER-APP", "is_read": false, "added_on": "2021-09-14T15:31:34.676Z"}}, {"model": "notifications.usernotification", "pk": "1a24e081-a2d1-44df-9305-8e7f97ff00d6", "fields": {"user": "efa59874-e726-4778-a4e9-c8186f4c1661", "action_url": "/wallet", "title": "TruQ Wallet Activity", "body": null, "text_body": "Your wallet has been DEBITED with NGN 1000.00  for Test wallet withdrawal.", "email_template": "email/activity_update.html", "email_context": [{"type": "heading", "value": "TruQ Wallet Activity"}, {"type": "paragraph", "value": "Hi, saviganga"}, {"type": "paragraph", "value": "Your wallet has been DEBITED with NGN 1000.00  for Test wallet withdrawal."}, {"type": "heading", "value": "Transaction Ref: WITHDRAWAL_ff6d63c5-9066-45bf-9e63-3701b605ba96"}, {"cta": "https://app.mytruq.com/wallet", "type": "button", "value": "View Your Wallet"}], "priority": "MEDIUM", "target": "USER-APP", "is_read": false, "added_on": "2021-10-30T12:45:13.104Z"}}, {"model": "notifications.usernotification", "pk": "20660d03-c856-47a5-8555-8a1ebc245f9c", "fields": {"user": "efa59874-e726-4778-a4e9-c8186f4c1661", "action_url": "/wallet", "title": "TruQ Wallet Activity", "body": null, "text_body": "Your wallet has been DEBITED with NGN 100.00  for Test wallet withdrawal.", "email_template": "email/activity_update.html", "email_context": [{"type": "heading", "value": "TruQ Wallet Activity"}, {"type": "paragraph", "value": "Hi, saviganga"}, {"type": "paragraph", "value": "Your wallet has been DEBITED with NGN 100.00  for Test wallet withdrawal."}, {"type": "heading", "value": "Transaction Ref: WITHDRAWAL_41e27f12-0914-4efb-82c9-404bebee7543"}, {"cta": "https://app.mytruq.com/wallet", "type": "button", "value": "View Your Wallet"}], "priority": "MEDIUM", "target": "USER-APP", "is_read": false, "added_on": "2021-10-30T11:42:34.844Z"}}, {"model": "notifications.usernotification", "pk": "21819022-af6b-4cd3-8ca6-7cc6776eae27", "fields": {"user": "efa59874-e726-4778-a4e9-c8186f4c1661", "action_url": "/wallet", "title": "TruQ Wallet Activity", "body": null, "text_body": "Your wallet has been DEBITED with NGN 100.00  for Test wallet withdrawal.", "email_template": "email/activity_update.html", "email_context": [{"type": "heading", "value": "TruQ Wallet Activity"}, {"type": "paragraph", "value": "Hi, saviganga"}, {"type": "paragraph", "value": "Your wallet has been DEBITED with NGN 100.00  for Test wallet withdrawal."}, {"type": "heading", "value": "Transaction Ref: WITHDRAWAL_405cd7ab-96fa-444d-87d9-4bb56c1790ff"}, {"cta": "https://app.mytruq.com/wallet", "type": "button", "value": "View Your Wallet"}], "priority": "MEDIUM", "target": "USER-APP", "is_read": false, "added_on": "2021-10-30T13:09:03.179Z"}}, {"model": "notifications.usernotification", "pk": "21e5d35f-fbfa-4006-a16a-e6ace76b3b91", "fields": {"user": "5585d6b9-d98a-4e71-a83e-ed026dd49e34", "action_url": "/order/b21c719d-945c-43c3-aa22-72b12df039bc", "title": "Order INITIATED", "body": null, "text_body": "Your truQ order has been booked successfully, please proceed to payment.", "email_template": "email/activity_update.html", "email_context": [{"type": "heading", "value": "Order INITIATED"}, {"type": "paragraph", "value": "Your truQ order has been booked successfully, please proceed to payment."}, {"cta": "https://app.mytruq.com/track-order/b21c719d-945c-43c3-aa22-72b12df039bc", "type": "button", "value": "Track Order"}], "priority": "LOW", "target": "USER-APP", "is_read": false, "added_on": "2021-09-15T18:15:05.653Z"}}, {"model": "notifications.usernotification", "pk": "225d9c51-05a4-4d24-a341-89ca8401b493", "fields": {"user": "efa59874-e726-4778-a4e9-c8186f4c1661", "action_url": "/wallet", "title": "TruQ Wallet Activity", "body": null, "text_body": "Your wallet has been DEBITED with NGN 1.00  for wallet withdrawal test.", "email_template": "email/activity_update.html", "email_context": [{"type": "heading", "value": "TruQ Wallet Activity"}, {"type": "paragraph", "value": "Hi, saviganga"}, {"type": "paragraph", "value": "Your wallet has been DEBITED with NGN 1.00  for wallet withdrawal test."}, {"type": "heading", "value": "Transaction Ref: WALLET_WIHDRAWAL_<function uuid4 at 0x7f4ce850d0d0>"}, {"cta": "https://app.mytruq.com/wallet", "type": "button", "value": "View Your Wallet"}], "priority": "MEDIUM", "target": "USER-APP", "is_read": false, "added_on": "2021-10-30T09:10:07.957Z"}}, {"model": "notifications.usernotification", "pk": "22c3f78d-63e3-4a09-9db1-2240b0d5434e", "fields": {"user": "5585d6b9-d98a-4e71-a83e-ed026dd49e34", "action_url": "/order/4106945e-d854-49fd-b813-26f770550493", "title": "Order ORDER ASSIGNED TO TRIP", "body": null, "text_body": "Connecting you to the closest driver right away. Track your order on: https://app.mytruq.com/track-order/4106945e-d854-49fd-b813-26f770550493.", "email_template": "email/activity_update.html", "email_context": [{"type": "heading", "value": "Order ORDER ASSIGNED TO TRIP"}, {"type": "paragraph", "value": "Connecting you to the closest driver right away. Track your order on: https://app.mytruq.com/track-order/4106945e-d854-49fd-b813-26f770550493."}, {"cta": "https://app.mytruq.com/track-order/4106945e-d854-49fd-b813-26f770550493", "type": "button", "value": "Track Order"}], "priority": "MEDIUM", "target": "USER-APP", "is_read": false, "added_on": "2021-09-15T18:12:31.457Z"}}, {"model": "notifications.usernotification", "pk": "23fbb77c-ab0b-41e0-a25f-841d4ee1bc76", "fields": {"user": "efa59874-e726-4778-a4e9-c8186f4c1661", "action_url": "/wallet", "title": "TruQ Wallet Activity", "body": null, "text_body": "Your wallet has been DEBITED with NGN 10.00  for Test wallet withdrawal.", "email_template": "email/activity_update.html", "email_context": [{"type": "heading", "value": "TruQ Wallet Activity"}, {"type": "paragraph", "value": "Hi, saviganga"}, {"type": "paragraph", "value": "Your wallet has been DEBITED with NGN 10.00  for Test wallet withdrawal."}, {"type": "heading", "value": "Transaction Ref: WITHDRAWAL_1de02536-beb2-4fd2-b7ce-919bae30eadb"}, {"cta": "https://app.mytruq.com/wallet", "type": "button", "value": "View Your Wallet"}], "priority": "MEDIUM", "target": "USER-APP", "is_read": false, "added_on": "2021-10-30T12:55:07.509Z"}}, {"model": "notifications.usernotification", "pk": "24a5b871-adb1-45b4-b616-2419d4780bcd", "fields": {"user": "09a033ba-6c35-4ac8-a3a4-169900e9191a", "action_url": "/order/a17a291d-d41b-4f2f-9e39-4c764f4c292b", "title": "Order DELIVERED", "body": null, "text_body": "Your trip #a17a291d-d41b-4f2f-9e39-4c764f4c292b has been completed successfully. Thank you for using TruQ!", "email_template": "email/activity_update.html", "email_context": [{"type": "heading", "value": "Order DELIVERED"}, {"type": "paragraph", "value": "Your trip #a17a291d-d41b-4f2f-9e39-4c764f4c292b has been completed successfully. Thank you for using TruQ!"}, {"cta": "https://app.mytruq.com/track-order/a17a291d-d41b-4f2f-9e39-4c764f4c292b", "type": "button", "value": "Track Order"}], "priority": "LOW", "target": "USER-APP", "is_read": false, "added_on": "2021-09-16T18:19:22.734Z"}}, {"model": "notifications.usernotification", "pk": "28a0a961-d571-4127-9ebf-53592c0a0b0a", "fields": {"user": "efa59874-e726-4778-a4e9-c8186f4c1661", "action_url": "/wallet", "title": "TruQ Wallet Activity", "body": null, "text_body": "Your wallet has been CREDITED with NGN 100.00  for Withrawal reversal.", "email_template": "email/activity_update.html", "email_context": [{"type": "heading", "value": "TruQ Wallet Activity"}, {"type": "paragraph", "value": "Hi, saviganga"}, {"type": "paragraph", "value": "Your wallet has been CREDITED with NGN 100.00  for Withrawal reversal."}, {"type": "heading", "value": "Transaction Ref: WITHRAWAL-REVERSAL_ae3a8705-3cd4-4124-b681-07b68731b76b"}, {"cta": "https://app.mytruq.com/wallet", "type": "button", "value": "View Your Wallet"}], "priority": "MEDIUM", "target": "USER-APP", "is_read": false, "added_on": "2021-11-01T12:24:23.400Z"}}, {"model": "notifications.usernotification", "pk": "29916919-7ed0-4ce2-8b32-df7440b55d12", "fields": {"user": "efa59874-e726-4778-a4e9-c8186f4c1661", "action_url": "/wallet", "title": "TruQ Wallet Activity", "body": null, "text_body": "Your wallet has been DEBITED with NGN 100.00  for Test wallet withdrawal no bank code in account.", "email_template": "email/activity_update.html", "email_context": [{"type": "heading", "value": "TruQ Wallet Activity"}, {"type": "paragraph", "value": "Hi, saviganga"}, {"type": "paragraph", "value": "Your wallet has been DEBITED with NGN 100.00  for Test wallet withdrawal no bank code in account."}, {"type": "heading", "value": "Transaction Ref: WITHDRAWAL_0cd59757-2d1f-428b-b026-d19d1ce74bcc"}, {"cta": "https://app.mytruq.com/wallet", "type": "button", "value": "View Your Wallet"}], "priority": "MEDIUM", "target": "USER-APP", "is_read": false, "added_on": "2021-11-01T12:38:16.373Z"}}, {"model": "notifications.usernotification", "pk": "2a956620-0bae-4bc9-b487-04450d36ce2f", "fields": {"user": "09a033ba-6c35-4ac8-a3a4-169900e9191a", "action_url": "/order/163adb12-ab66-4a01-9920-15d74e34c0f4", "title": "Order PAYMENT-RECEIVED", "body": null, "text_body": "Order changed to PAYMENT-RECEIVED by Isaac Chikutukutu (+27738692207).", "email_template": "email/activity_update.html", "email_context": [{"type": "heading", "value": "Order PAYMENT-RECEIVED"}, {"type": "paragraph", "value": "Order changed to PAYMENT-RECEIVED by Isaac Chikutukutu (+27738692207)."}, {"cta": "https://app.mytruq.com/track-order/163adb12-ab66-4a01-9920-15d74e34c0f4", "type": "button", "value": "Track Order"}], "priority": "LOW", "target": "USER-APP", "is_read": false, "added_on": "2021-09-23T10:39:57.332Z"}}, {"model": "notifications.usernotification", "pk": "2cc32946-123c-4eff-b1e8-60fde0627327", "fields": {"user": "efa59874-e726-4778-a4e9-c8186f4c1661", "action_url": "/wallet", "title": "TruQ Wallet Activity", "body": null, "text_body": "Your wallet has been DEBITED with NGN 10.00  for Test wallet withdrawal.", "email_template": "email/activity_update.html", "email_context": [{"type": "heading", "value": "TruQ Wallet Activity"}, {"type": "paragraph", "value": "Hi, saviganga"}, {"type": "paragraph", "value": "Your wallet has been DEBITED with NGN 10.00  for Test wallet withdrawal."}, {"type": "heading", "value": "Transaction Ref: WITHDRAWAL_79e771fa-b289-46e6-944e-5143b1d62723"}, {"cta": "https://app.mytruq.com/wallet", "type": "button", "value": "View Your Wallet"}], "priority": "MEDIUM", "target": "USER-APP", "is_read": false, "added_on": "2021-10-30T12:16:58.748Z"}}, {"model": "notifications.usernotification", "pk": "2e0f3062-d22a-4a7b-a92a-53ae65e9160d", "fields": {"user": "efa59874-e726-4778-a4e9-c8186f4c1661", "action_url": "/order/d25f1c4c-f01d-4713-9617-92d3ca39c2f5", "title": "Order ORDER ASSIGNED TO TRIP", "body": null, "text_body": "Connecting you to the closest driver right away. Track your order on: https://app.mytruq.com/track-order/d25f1c4c-f01d-4713-9617-92d3ca39c2f5.", "email_template": "email/activity_update.html", "email_context": [{"type": "heading", "value": "Order ORDER ASSIGNED TO TRIP"}, {"type": "paragraph", "value": "Connecting you to the closest driver right away. Track your order on: https://app.mytruq.com/track-order/d25f1c4c-f01d-4713-9617-92d3ca39c2f5."}, {"cta": "https://app.mytruq.com/track-order/d25f1c4c-f01d-4713-9617-92d3ca39c2f5", "type": "button", "value": "Track Order"}], "priority": "HIGH", "target": "USER-APP", "is_read": false, "added_on": "2021-09-17T17:33:16.903Z"}}, {"model": "notifications.usernotification", "pk": "2f697d42-a25f-4ea2-b6e9-f2b6bb9bacd4", "fields": {"user": "67e6e51a-7014-49f4-b4c3-e703f4bb839e", "action_url": "/order/4a686f86-5dcd-47bc-a142-0ffa18053078", "title": "Order INITIATED", "body": null, "text_body": "Your truQ order has been booked successfully, please proceed to payment.", "email_template": "email/activity_update.html", "email_context": [{"type": "heading", "value": "Order INITIATED"}, {"type": "paragraph", "value": "Your truQ order has been booked successfully, please proceed to payment."}, {"cta": "https://app.mytruq.com/track-order/4a686f86-5dcd-47bc-a142-0ffa18053078", "type": "button", "value": "Track Order"}], "priority": "LOW", "target": "USER-APP", "is_read": false, "added_on": "2021-09-13T09:47:03.237Z"}}, {"model": "notifications.usernotification", "pk": "2ff49498-5543-4a17-bceb-5dc3e23d9211", "fields": {"user": "09a033ba-6c35-4ac8-a3a4-169900e9191a", "action_url": "/order/a17a291d-d41b-4f2f-9e39-4c764f4c292b", "title": "Order OFFLOADING", "body": null, "text_body": "Your TruQ has arrived at destination. Please confirm delivery to complete the trip.", "email_template": "email/activity_update.html", "email_context": [{"type": "heading", "value": "Order OFFLOADING"}, {"type": "paragraph", "value": "Your TruQ has arrived at destination. Please confirm delivery to complete the trip."}, {"cta": "https://app.mytruq.com/track-order/a17a291d-d41b-4f2f-9e39-4c764f4c292b", "type": "button", "value": "Track Order"}], "priority": "LOW", "target": "USER-APP", "is_read": false, "added_on": "2021-09-16T18:19:17.118Z"}}, {"model": "notifications.usernotification", "pk": "30530e36-3a76-4290-aeb5-4f4065ae65b2", "fields": {"user": "efa59874-e726-4778-a4e9-c8186f4c1661", "action_url": "/wallet", "title": "TruQ Wallet Activity", "body": null, "text_body": "Your wallet has been CREDITED with NGN 10025.00  for test manual credit for wallet withdrawal.", "email_template": "email/activity_update.html", "email_context": [{"type": "heading", "value": "TruQ Wallet Activity"}, {"type": "paragraph", "value": "Hi, saviganga"}, {"type": "paragraph", "value": "Your wallet has been CREDITED with NGN 10025.00  for test manual credit for wallet withdrawal."}, {"type": "heading", "value": "Transaction Ref: MANUAL-CREDIT_76ff2567-3a2d-41e1-bad4-606efaf31fc8"}, {"cta": "https://app.mytruq.com/wallet", "type": "button", "value": "View Your Wallet"}], "priority": "MEDIUM", "target": "USER-APP", "is_read": false, "added_on": "2021-11-01T11:08:12.188Z"}}, {"model": "notifications.usernotification", "pk": "31411e09-3c3e-47e4-8689-62fe3c631676", "fields": {"user": "09a033ba-6c35-4ac8-a3a4-169900e9191a", "action_url": "/wallet", "title": "TruQ Wallet Activity", "body": null, "text_body": "Your wallet has been DEBITED with NGN 5976.27  for Order Payment ref: d56438ef-b219-47ff-a05f-57d05ab06156.", "email_template": "email/activity_update.html", "email_context": [{"type": "heading", "value": "TruQ Wallet Activity"}, {"type": "paragraph", "value": "Hi, Eby"}, {"type": "paragraph", "value": "Your wallet has been DEBITED with NGN 5976.27  for Order Payment ref: d56438ef-b219-47ff-a05f-57d05ab06156."}, {"type": "heading", "value": "Transaction Ref: ORDER-PYT_d56438ef-b219-47ff-a05f-57d05ab06156"}, {"cta": "https://app.mytruq.com/wallet", "type": "button", "value": "View Your Wallet"}], "priority": "MEDIUM", "target": "USER-APP", "is_read": false, "added_on": "2021-10-12T07:26:00.150Z"}}, {"model": "notifications.usernotification", "pk": "321a7ed1-396e-4ab3-82ba-89733fe45981", "fields": {"user": "efa59874-e726-4778-a4e9-c8186f4c1661", "action_url": "/wallet", "title": "TruQ Wallet Activity", "body": null, "text_body": "Your wallet has been DEBITED with NGN 100.00  for Test wallet withdrawal no bank code in account.", "email_template": "email/activity_update.html", "email_context": [{"type": "heading", "value": "TruQ Wallet Activity"}, {"type": "paragraph", "value": "Hi, saviganga"}, {"type": "paragraph", "value": "Your wallet has been DEBITED with NGN 100.00  for Test wallet withdrawal no bank code in account."}, {"type": "heading", "value": "Transaction Ref: WITHDRAWAL_a7c0954c-fb5e-4b5e-aad1-310522ce5f31"}, {"cta": "https://app.mytruq.com/wallet", "type": "button", "value": "View Your Wallet"}], "priority": "MEDIUM", "target": "USER-APP", "is_read": false, "added_on": "2021-11-01T12:28:36.539Z"}}, {"model": "notifications.usernotification", "pk": "3480e0d0-08c6-44cb-a985-fa392e0d36c7", "fields": {"user": "efa59874-e726-4778-a4e9-c8186f4c1661", "action_url": "/wallet", "title": "TruQ Wallet Activity", "body": null, "text_body": "Your wallet has been DEBITED with NGN 1000.00  for wallet withdrawal test.", "email_template": "email/activity_update.html", "email_context": [{"type": "heading", "value": "TruQ Wallet Activity"}, {"type": "paragraph", "value": "Hi, saviganga"}, {"type": "paragraph", "value": "Your wallet has been DEBITED with NGN 1000.00  for wallet withdrawal test."}, {"type": "heading", "value": "Transaction Ref: WALLET_WIHDRAWAL_<function uuid4 at 0x7fd71ef290d0>"}, {"cta": "https://app.mytruq.com/wallet", "type": "button", "value": "View Your Wallet"}], "priority": "MEDIUM", "target": "USER-APP", "is_read": false, "added_on": "2021-10-30T09:07:50.328Z"}}, {"model": "notifications.usernotification", "pk": "357e57bc-f104-43a0-9b2d-e07f4e259de8", "fields": {"user": "efa59874-e726-4778-a4e9-c8186f4c1661", "action_url": "/wallet", "title": "TruQ Wallet Activity", "body": null, "text_body": "Your wallet has been DEBITED with NGN 100.00  for Test wallet withdrawal.", "email_template": "email/activity_update.html", "email_context": [{"type": "heading", "value": "TruQ Wallet Activity"}, {"type": "paragraph", "value": "Hi, saviganga"}, {"type": "paragraph", "value": "Your wallet has been DEBITED with NGN 100.00  for Test wallet withdrawal."}, {"type": "heading", "value": "Transaction Ref: WITHDRAWAL_00d7cfc0-1546-472b-ab15-5a2bd5f324da"}, {"cta": "https://app.mytruq.com/wallet", "type": "button", "value": "View Your Wallet"}], "priority": "MEDIUM", "target": "USER-APP", "is_read": false, "added_on": "2021-10-30T09:56:18.141Z"}}, {"model": "notifications.usernotification", "pk": "35b46bed-5545-4209-8f84-a7fa55911b18", "fields": {"user": "67e6e51a-7014-49f4-b4c3-e703f4bb839e", "action_url": "/order/1800edb1-ff5d-4e87-a202-608b9b482c24", "title": "Order INITIATED", "body": null, "text_body": "Your truQ order has been booked successfully, please proceed to payment.", "email_template": "email/activity_update.html", "email_context": [{"type": "heading", "value": "Order INITIATED"}, {"type": "paragraph", "value": "Your truQ order has been booked successfully, please proceed to payment."}, {"cta": "https://app.mytruq.com/track-order/1800edb1-ff5d-4e87-a202-608b9b482c24", "type": "button", "value": "Track Order"}], "priority": "LOW", "target": "USER-APP", "is_read": false, "added_on": "2021-10-08T16:26:35.338Z"}}, {"model": "notifications.usernotification", "pk": "36bebfe1-3457-4886-ba03-a2566d222784", "fields": {"user": "765780cc-b422-445e-8557-1d63b1cbcb50", "action_url": "/order/7d7842b1-d8df-44dc-9d80-c61c4ccdcca2", "title": "Order INITIATED", "body": null, "text_body": "Hi Foluso, a TruQ order has been booked for you by Foluso, please get payment link from the agent.", "email_template": "email/activity_update.html", "email_context": [{"type": "heading", "value": "Order INITIATED"}, {"type": "paragraph", "value": "Hi Foluso, a TruQ order has been booked for you by Foluso, please get payment link from the agent."}, {"cta": "https://app.mytruq.com/track-order/7d7842b1-d8df-44dc-9d80-c61c4ccdcca2", "type": "button", "value": "Track Order"}], "priority": "LOW", "target": "USER-APP", "is_read": false, "added_on": "2021-09-25T16:45:33.233Z"}}, {"model": "notifications.usernotification", "pk": "3b756221-c6df-4ff9-b20c-17e39ea39476", "fields": {"user": "cb6036ee-8329-47d2-aaf9-8ab20dc795b0", "action_url": "/order/c4f5e478-ac65-4707-b0b9-1b0829d216d6", "title": "Order INITIATED", "body": null, "text_body": "Your truQ order has been booked successfully, please proceed to payment.", "email_template": "email/activity_update.html", "email_context": [{"type": "heading", "value": "Order INITIATED"}, {"type": "paragraph", "value": "Your truQ order has been booked successfully, please proceed to payment."}, {"cta": "https://app.mytruq.com/track-order/c4f5e478-ac65-4707-b0b9-1b0829d216d6", "type": "button", "value": "Track Order"}], "priority": "LOW", "target": "USER-APP", "is_read": false, "added_on": "2021-09-25T14:03:02.144Z"}}, {"model": "notifications.usernotification", "pk": "3e33c44c-f32e-4bd4-aed6-4d924fb5a4ba", "fields": {"user": "865cfa51-0cea-4842-a315-75137c11aeab", "action_url": "/order/8c042ca5-2cd8-4189-80e6-98c0171b2180", "title": "Order ORDER PAYMENT RECEIVED", "body": null, "text_body": "Received payment of NGN 7057.48 for Order #75a40927-3462-42eb-be6e-c06e7b7c4810 !", "email_template": "email/activity_update.html", "email_context": [{"type": "heading", "value": "Order ORDER PAYMENT RECEIVED"}, {"type": "paragraph", "value": "Received payment of NGN 7057.48 for Order #75a40927-3462-42eb-be6e-c06e7b7c4810 !"}, {"cta": "https://app.mytruq.com/track-order/8c042ca5-2cd8-4189-80e6-98c0171b2180", "type": "button", "value": "Track Order"}], "priority": "HIGH", "target": "USER-APP", "is_read": false, "added_on": "2021-10-22T16:51:44.334Z"}}, {"model": "notifications.usernotification", "pk": "3f2cd8a1-da97-453a-9b84-2f166e75917c", "fields": {"user": "efa59874-e726-4778-a4e9-c8186f4c1661", "action_url": "/order/d25f1c4c-f01d-4713-9617-92d3ca39c2f5", "title": "Order INITIATED", "body": null, "text_body": "Hi saviganga, a TruQ order has been booked for you by Eby, please get payment link from the agent.", "email_template": "email/activity_update.html", "email_context": [{"type": "heading", "value": "Order INITIATED"}, {"type": "paragraph", "value": "Hi saviganga, a TruQ order has been booked for you by Eby, please get payment link from the agent."}, {"cta": "https://app.mytruq.com/track-order/d25f1c4c-f01d-4713-9617-92d3ca39c2f5", "type": "button", "value": "Track Order"}], "priority": "LOW", "target": "USER-APP", "is_read": false, "added_on": "2021-09-17T17:32:47.082Z"}}, {"model": "notifications.usernotification", "pk": "407f46e0-4a2e-4cc7-9ec1-9e0112e1f48f", "fields": {"user": "efa59874-e726-4778-a4e9-c8186f4c1661", "action_url": "/order/384d5d4b-6760-49c3-8adf-e2bd19ccfc9d", "title": "Order ORDER PAYMENT RECEIVED", "body": null, "text_body": "Received payment of NGN 4000.00 for Order #b76b9591-bc13-409a-8ea0-25b761644faa !", "email_template": "email/activity_update.html", "email_context": [{"type": "heading", "value": "Order ORDER PAYMENT RECEIVED"}, {"type": "paragraph", "value": "Received payment of NGN 4000.00 for Order #b76b9591-bc13-409a-8ea0-25b761644faa !"}, {"cta": "https://app.mytruq.com/track-order/384d5d4b-6760-49c3-8adf-e2bd19ccfc9d", "type": "button", "value": "Track Order"}], "priority": "HIGH", "target": "USER-APP", "is_read": false, "added_on": "2021-09-14T14:44:30.151Z"}}, {"model": "notifications.usernotification", "pk": "43577c88-e737-421b-81bf-53ab258c255e", "fields": {"user": "ec1d3096-b998-4c4d-9c4e-b8bc9a178f8c", "action_url": "/order/78333eaa-1c66-4db4-9786-205458bc44c7", "title": "Order INITIATED", "body": null, "text_body": "Hi Lola, a TruQ order has been booked for you by Foluso, please get payment link from the agent.", "email_template": "email/activity_update.html", "email_context": [{"type": "heading", "value": "Order INITIATED"}, {"type": "paragraph", "value": "Hi Lola, a TruQ order has been booked for you by Foluso, please get payment link from the agent."}, {"cta": "https://app.mytruq.com/track-order/78333eaa-1c66-4db4-9786-205458bc44c7", "type": "button", "value": "Track Order"}], "priority": "LOW", "target": "USER-APP", "is_read": false, "added_on": "2021-09-26T20:19:17.128Z"}}, {"model": "notifications.usernotification", "pk": "43689908-dbab-459a-afe8-f785b45411df", "fields": {"user": "efa59874-e726-4778-a4e9-c8186f4c1661", "action_url": "/order/23fe8af8-bfb6-4bbf-ad6c-f7e7d952dfab", "title": "Order LOADING", "body": null, "text_body": "Your TruQ driver has arrived for pick-up.", "email_template": "email/activity_update.html", "email_context": [{"type": "heading", "value": "Order LOADING"}, {"type": "paragraph", "value": "Your TruQ driver has arrived for pick-up."}, {"cta": "https://app.mytruq.com/track-order/23fe8af8-bfb6-4bbf-ad6c-f7e7d952dfab", "type": "button", "value": "Track Order"}], "priority": "LOW", "target": "USER-APP", "is_read": false, "added_on": "2021-09-20T14:43:49.857Z"}}, {"model": "notifications.usernotification", "pk": "47c165d8-0d68-49fe-9d45-c55f311ede45", "fields": {"user": "efa59874-e726-4778-a4e9-c8186f4c1661", "action_url": "/order/d25f1c4c-f01d-4713-9617-92d3ca39c2f5", "title": "Order ORDER PAYMENT RECEIVED", "body": null, "text_body": "Received payment of NGN 6368.55 for Order #5684fec7-03c4-4839-b5f4-1c2ff178eb08 !", "email_template": "email/activity_update.html", "email_context": [{"type": "heading", "value": "Order ORDER PAYMENT RECEIVED"}, {"type": "paragraph", "value": "Received payment of NGN 6368.55 for Order #5684fec7-03c4-4839-b5f4-1c2ff178eb08 !"}, {"cta": "https://app.mytruq.com/track-order/d25f1c4c-f01d-4713-9617-92d3ca39c2f5", "type": "button", "value": "Track Order"}], "priority": "HIGH", "target": "USER-APP", "is_read": false, "added_on": "2021-09-17T17:33:18.097Z"}}, {"model": "notifications.usernotification", "pk": "483b3157-6682-4850-9d5b-ad77029cf582", "fields": {"user": "efa59874-e726-4778-a4e9-c8186f4c1661", "action_url": "/order/23fe8af8-bfb6-4bbf-ad6c-f7e7d952dfab", "title": "Order ORDER ASSIGNED TO TRIP", "body": null, "text_body": "Connecting you to the closest driver right away. Track your order on: https://app.mytruq.com/track-order/23fe8af8-bfb6-4bbf-ad6c-f7e7d952dfab.", "email_template": "email/activity_update.html", "email_context": [{"type": "heading", "value": "Order ORDER ASSIGNED TO TRIP"}, {"type": "paragraph", "value": "Connecting you to the closest driver right away. Track your order on: https://app.mytruq.com/track-order/23fe8af8-bfb6-4bbf-ad6c-f7e7d952dfab."}, {"cta": "https://app.mytruq.com/track-order/23fe8af8-bfb6-4bbf-ad6c-f7e7d952dfab", "type": "button", "value": "Track Order"}], "priority": "MEDIUM", "target": "USER-APP", "is_read": false, "added_on": "2021-09-13T08:38:20.607Z"}}, {"model": "notifications.usernotification", "pk": "49da3792-271f-4dc8-bb06-1425f2b2b871", "fields": {"user": "efa59874-e726-4778-a4e9-c8186f4c1661", "action_url": "/wallet", "title": "TruQ Wallet Activity", "body": null, "text_body": "Your wallet has been DEBITED with NGN 100.00  for Test wallet withdrawal.", "email_template": "email/activity_update.html", "email_context": [{"type": "heading", "value": "TruQ Wallet Activity"}, {"type": "paragraph", "value": "Hi, saviganga"}, {"type": "paragraph", "value": "Your wallet has been DEBITED with NGN 100.00  for Test wallet withdrawal."}, {"type": "heading", "value": "Transaction Ref: WITHDRAWAL_9eaf2b2a-40c7-46b2-b836-6e7ec9e7240a"}, {"cta": "https://app.mytruq.com/wallet", "type": "button", "value": "View Your Wallet"}], "priority": "MEDIUM", "target": "USER-APP", "is_read": false, "added_on": "2021-11-01T11:34:32.487Z"}}, {"model": "notifications.usernotification", "pk": "4a1c7d2f-efc2-4018-8219-656c1398a777", "fields": {"user": "efa59874-e726-4778-a4e9-c8186f4c1661", "action_url": "/wallet", "title": "TruQ Wallet Activity", "body": null, "text_body": "Your wallet has been DEBITED with NGN 100.00  for Test wallet withdrawal.", "email_template": "email/activity_update.html", "email_context": [{"type": "heading", "value": "TruQ Wallet Activity"}, {"type": "paragraph", "value": "Hi, saviganga"}, {"type": "paragraph", "value": "Your wallet has been DEBITED with NGN 100.00  for Test wallet withdrawal."}, {"type": "heading", "value": "Transaction Ref: WITHDRAWAL_1817810c-34f9-4723-9330-7df4791d719c"}, {"cta": "https://app.mytruq.com/wallet", "type": "button", "value": "View Your Wallet"}], "priority": "MEDIUM", "target": "USER-APP", "is_read": false, "added_on": "2021-11-01T11:15:20.666Z"}}, {"model": "notifications.usernotification", "pk": "4ad2121b-1ca5-4d6f-a090-ddec1e70ce3f", "fields": {"user": "efa59874-e726-4778-a4e9-c8186f4c1661", "action_url": "/wallet", "title": "TruQ Wallet Activity", "body": null, "text_body": "Your wallet has been DEBITED with NGN 1.00  for wallet withdrawal test.", "email_template": "email/activity_update.html", "email_context": [{"type": "heading", "value": "TruQ Wallet Activity"}, {"type": "paragraph", "value": "Hi, saviganga"}, {"type": "paragraph", "value": "Your wallet has been DEBITED with NGN 1.00  for wallet withdrawal test."}, {"type": "heading", "value": "Transaction Ref: WALLET_WIHDRAWAL_<function uuid4 at 0x7fc768ece0d0>"}, {"cta": "https://app.mytruq.com/wallet", "type": "button", "value": "View Your Wallet"}], "priority": "MEDIUM", "target": "USER-APP", "is_read": false, "added_on": "2021-10-30T09:24:26.280Z"}}, {"model": "notifications.usernotification", "pk": "4b07c028-ed0e-4596-880f-d9ef99958d85", "fields": {"user": "efa59874-e726-4778-a4e9-c8186f4c1661", "action_url": "/order/c7fc34fc-73ea-475c-adaf-15f88f99f5d4", "title": "Order INITIATED", "body": null, "text_body": "Hi saviganga, a TruQ order has been booked for you by Eby, please get payment link from the agent.", "email_template": "email/activity_update.html", "email_context": [{"type": "heading", "value": "Order INITIATED"}, {"type": "paragraph", "value": "Hi saviganga, a TruQ order has been booked for you by Eby, please get payment link from the agent."}, {"cta": "https://app.mytruq.com/track-order/c7fc34fc-73ea-475c-adaf-15f88f99f5d4", "type": "button", "value": "Track Order"}], "priority": "LOW", "target": "USER-APP", "is_read": false, "added_on": "2021-09-17T17:14:35.217Z"}}, {"model": "notifications.usernotification", "pk": "4b22ab54-4f2e-4e2a-8a9f-5842d8de59e4", "fields": {"user": "efa59874-e726-4778-a4e9-c8186f4c1661", "action_url": "/wallet", "title": "TruQ Wallet Activity", "body": null, "text_body": "Your wallet has been DEBITED with NGN 100.00  for Test wallet withdrawal no bank code in account.", "email_template": "email/activity_update.html", "email_context": [{"type": "heading", "value": "TruQ Wallet Activity"}, {"type": "paragraph", "value": "Hi, saviganga"}, {"type": "paragraph", "value": "Your wallet has been DEBITED with NGN 100.00  for Test wallet withdrawal no bank code in account."}, {"type": "heading", "value": "Transaction Ref: WITHDRAWAL_99328ab2-e97c-4236-9821-093fa8eef227"}, {"cta": "https://app.mytruq.com/wallet", "type": "button", "value": "View Your Wallet"}], "priority": "MEDIUM", "target": "USER-APP", "is_read": false, "added_on": "2021-11-01T12:31:50.806Z"}}, {"model": "notifications.usernotification", "pk": "4b9df057-fb10-411d-950a-5db22bc9d186", "fields": {"user": "efa59874-e726-4778-a4e9-c8186f4c1661", "action_url": "/wallet", "title": "TruQ Wallet Activity", "body": null, "text_body": "Your wallet has been DEBITED with NGN 10.00  for Test wallet withdrawal.", "email_template": "email/activity_update.html", "email_context": [{"type": "heading", "value": "TruQ Wallet Activity"}, {"type": "paragraph", "value": "Hi, saviganga"}, {"type": "paragraph", "value": "Your wallet has been DEBITED with NGN 10.00  for Test wallet withdrawal."}, {"type": "heading", "value": "Transaction Ref: WITHDRAWAL_31d47d80-7b13-4091-aa90-57d2be592e27"}, {"cta": "https://app.mytruq.com/wallet", "type": "button", "value": "View Your Wallet"}], "priority": "MEDIUM", "target": "USER-APP", "is_read": false, "added_on": "2021-10-30T11:55:19.898Z"}}, {"model": "notifications.usernotification", "pk": "4cacc492-13a9-4b64-9e4f-004085d463a0", "fields": {"user": "67e6e51a-7014-49f4-b4c3-e703f4bb839e", "action_url": "/order/37939001-11fb-4714-9400-4e71e34ede74", "title": "Order INITIATED", "body": null, "text_body": "Your truQ order has been booked successfully, please proceed to payment.", "email_template": "email/activity_update.html", "email_context": [{"type": "heading", "value": "Order INITIATED"}, {"type": "paragraph", "value": "Your truQ order has been booked successfully, please proceed to payment."}, {"cta": "https://app.mytruq.com/track-order/37939001-11fb-4714-9400-4e71e34ede74", "type": "button", "value": "Track Order"}], "priority": "LOW", "target": "USER-APP", "is_read": false, "added_on": "2021-09-13T09:57:34.973Z"}}, {"model": "notifications.usernotification", "pk": "4ea45a94-9be5-4896-aeae-4b695189b357", "fields": {"user": "efa59874-e726-4778-a4e9-c8186f4c1661", "action_url": "/order/11c3a1c5-03e1-499d-9c94-966b357a3067", "title": "Order INITIATED", "body": null, "text_body": "Hi saviganga, a TruQ order has been booked for you by Eby, please get payment link from the agent.", "email_template": "email/activity_update.html", "email_context": [{"type": "heading", "value": "Order INITIATED"}, {"type": "paragraph", "value": "Hi saviganga, a TruQ order has been booked for you by Eby, please get payment link from the agent."}, {"cta": "https://app.mytruq.com/track-order/11c3a1c5-03e1-499d-9c94-966b357a3067", "type": "button", "value": "Track Order"}], "priority": "LOW", "target": "USER-APP", "is_read": false, "added_on": "2021-09-17T20:43:04.037Z"}}, {"model": "notifications.usernotification", "pk": "4f866959-b1d2-4aaf-9e2b-82851c1bb50f", "fields": {"user": "efa59874-e726-4778-a4e9-c8186f4c1661", "action_url": "/wallet", "title": "TruQ Wallet Activity", "body": null, "text_body": "Your wallet has been DEBITED with NGN 100.00  for Test wallet withdrawal.", "email_template": "email/activity_update.html", "email_context": [{"type": "heading", "value": "TruQ Wallet Activity"}, {"type": "paragraph", "value": "Hi, saviganga"}, {"type": "paragraph", "value": "Your wallet has been DEBITED with NGN 100.00  for Test wallet withdrawal."}, {"type": "heading", "value": "Transaction Ref: WITHDRAWAL_5bfc56ca-147a-44dd-8ee6-20db2cbff99b"}, {"cta": "https://app.mytruq.com/wallet", "type": "button", "value": "View Your Wallet"}], "priority": "MEDIUM", "target": "USER-APP", "is_read": false, "added_on": "2021-10-30T13:41:46.779Z"}}, {"model": "notifications.usernotification", "pk": "50d1e7f2-47bc-4372-b81b-645960d28d1f", "fields": {"user": "efa59874-e726-4778-a4e9-c8186f4c1661", "action_url": "/order/851a2f2f-f28d-42c9-9e4f-cd8fec29de88", "title": "Order INITIATED", "body": null, "text_body": "Hi saviganga, a TruQ order has been booked for you by Eby, please get payment link from the agent.", "email_template": "email/activity_update.html", "email_context": [{"type": "heading", "value": "Order INITIATED"}, {"type": "paragraph", "value": "Hi saviganga, a TruQ order has been booked for you by Eby, please get payment link from the agent."}, {"cta": "https://app.mytruq.com/track-order/851a2f2f-f28d-42c9-9e4f-cd8fec29de88", "type": "button", "value": "Track Order"}], "priority": "LOW", "target": "USER-APP", "is_read": false, "added_on": "2021-09-17T17:27:33.334Z"}}, {"model": "notifications.usernotification", "pk": "52c777c5-f9cd-494b-ac9a-1a4a8ef37ea5", "fields": {"user": "efa59874-e726-4778-a4e9-c8186f4c1661", "action_url": "/wallet", "title": "TruQ Wallet Activity", "body": null, "text_body": "Your wallet has been DEBITED with NGN 10.00  for Test wallet withdrawal.", "email_template": "email/activity_update.html", "email_context": [{"type": "heading", "value": "TruQ Wallet Activity"}, {"type": "paragraph", "value": "Hi, saviganga"}, {"type": "paragraph", "value": "Your wallet has been DEBITED with NGN 10.00  for Test wallet withdrawal."}, {"type": "heading", "value": "Transaction Ref: WITHDRAWAL_bcb91489-e858-42a7-b8d3-be9f11d788e9"}, {"cta": "https://app.mytruq.com/wallet", "type": "button", "value": "View Your Wallet"}], "priority": "MEDIUM", "target": "USER-APP", "is_read": false, "added_on": "2021-10-30T12:03:42.782Z"}}, {"model": "notifications.usernotification", "pk": "5307739a-f30f-4eec-b40b-50268b231bbe", "fields": {"user": "efa59874-e726-4778-a4e9-c8186f4c1661", "action_url": "/wallet", "title": "TruQ Wallet Activity", "body": null, "text_body": "Your wallet has been DEBITED with NGN 100.00  for Test wallet withdrawal.", "email_template": "email/activity_update.html", "email_context": [{"type": "heading", "value": "TruQ Wallet Activity"}, {"type": "paragraph", "value": "Hi, saviganga"}, {"type": "paragraph", "value": "Your wallet has been DEBITED with NGN 100.00  for Test wallet withdrawal."}, {"type": "heading", "value": "Transaction Ref: WITHDRAWAL_eebed854-b95a-4277-b272-06f56e98a6d3"}, {"cta": "https://app.mytruq.com/wallet", "type": "button", "value": "View Your Wallet"}], "priority": "MEDIUM", "target": "USER-APP", "is_read": false, "added_on": "2021-10-30T11:15:24.794Z"}}, {"model": "notifications.usernotification", "pk": "5322605f-5dbe-474b-95ca-1e4ec4f89c01", "fields": {"user": "efa59874-e726-4778-a4e9-c8186f4c1661", "action_url": "/wallet", "title": "TruQ Wallet Activity", "body": null, "text_body": "Your wallet has been DEBITED with NGN 100.00  for Test wallet withdrawal.", "email_template": "email/activity_update.html", "email_context": [{"type": "heading", "value": "TruQ Wallet Activity"}, {"type": "paragraph", "value": "Hi, saviganga"}, {"type": "paragraph", "value": "Your wallet has been DEBITED with NGN 100.00  for Test wallet withdrawal."}, {"type": "heading", "value": "Transaction Ref: WITHDRAWAL_216fb843-d503-4ebe-9e68-ed493d7634bb"}, {"cta": "https://app.mytruq.com/wallet", "type": "button", "value": "View Your Wallet"}], "priority": "MEDIUM", "target": "USER-APP", "is_read": false, "added_on": "2021-10-30T11:30:18.074Z"}}, {"model": "notifications.usernotification", "pk": "556c781e-554a-479a-ac32-af8a96f45906", "fields": {"user": "5585d6b9-d98a-4e71-a83e-ed026dd49e34", "action_url": "/order/4106945e-d854-49fd-b813-26f770550493", "title": "Order OFFLOADING", "body": null, "text_body": "Your TruQ has arrived at destination. Please confirm delivery to complete the trip.", "email_template": "email/activity_update.html", "email_context": [{"type": "heading", "value": "Order OFFLOADING"}, {"type": "paragraph", "value": "Your TruQ has arrived at destination. Please confirm delivery to complete the trip."}, {"cta": "https://app.mytruq.com/track-order/4106945e-d854-49fd-b813-26f770550493", "type": "button", "value": "Track Order"}], "priority": "LOW", "target": "USER-APP", "is_read": false, "added_on": "2021-09-16T18:18:34.565Z"}}, {"model": "notifications.usernotification", "pk": "55da3759-2630-4814-876e-fcedadd8851e", "fields": {"user": "efa59874-e726-4778-a4e9-c8186f4c1661", "action_url": "/wallet", "title": "TruQ Wallet Activity", "body": null, "text_body": "Your wallet has been DEBITED with NGN 100.00  for Test wallet withdrawal.", "email_template": "email/activity_update.html", "email_context": [{"type": "heading", "value": "TruQ Wallet Activity"}, {"type": "paragraph", "value": "Hi, saviganga"}, {"type": "paragraph", "value": "Your wallet has been DEBITED with NGN 100.00  for Test wallet withdrawal."}, {"type": "heading", "value": "Transaction Ref: WITHDRAWAL_766bb997-36bc-49b1-bdb3-7d09d80bfd3d"}, {"cta": "https://app.mytruq.com/wallet", "type": "button", "value": "View Your Wallet"}], "priority": "MEDIUM", "target": "USER-APP", "is_read": false, "added_on": "2021-10-30T13:07:19.288Z"}}, {"model": "notifications.usernotification", "pk": "5701985d-6d82-4c3d-833e-0f862a9248d3", "fields": {"user": "09a033ba-6c35-4ac8-a3a4-169900e9191a", "action_url": "/order/a17a291d-d41b-4f2f-9e39-4c764f4c292b", "title": "Order ORDER PAYMENT RECEIVED", "body": null, "text_body": "Received payment of NGN 8929 for Order #115b1f28-f437-4225-a739-b4be4201faf3 !", "email_template": "email/activity_update.html", "email_context": [{"type": "heading", "value": "Order ORDER PAYMENT RECEIVED"}, {"type": "paragraph", "value": "Received payment of NGN 8929 for Order #115b1f28-f437-4225-a739-b4be4201faf3 !"}, {"cta": "https://app.mytruq.com/track-order/a17a291d-d41b-4f2f-9e39-4c764f4c292b", "type": "button", "value": "Track Order"}], "priority": "HIGH", "target": "USER-APP", "is_read": false, "added_on": "2021-09-15T11:31:43.652Z"}}, {"model": "notifications.usernotification", "pk": "5872217e-07bc-41ab-b7bd-144c484d5699", "fields": {"user": "efa59874-e726-4778-a4e9-c8186f4c1661", "action_url": "/wallet", "title": "TruQ Wallet Activity", "body": null, "text_body": "Your wallet has been DEBITED with NGN 10.00  for Test wallet withdrawal.", "email_template": "email/activity_update.html", "email_context": [{"type": "heading", "value": "TruQ Wallet Activity"}, {"type": "paragraph", "value": "Hi, saviganga"}, {"type": "paragraph", "value": "Your wallet has been DEBITED with NGN 10.00  for Test wallet withdrawal."}, {"type": "heading", "value": "Transaction Ref: WITHDRAWAL_4ca3e1ad-73a7-4c06-8742-1581775d76a1"}, {"cta": "https://app.mytruq.com/wallet", "type": "button", "value": "View Your Wallet"}], "priority": "MEDIUM", "target": "USER-APP", "is_read": false, "added_on": "2021-10-30T12:17:21.027Z"}}, {"model": "notifications.usernotification", "pk": "5c0be59d-1575-4a21-a5f4-e22fbba503a4", "fields": {"user": "cb6036ee-8329-47d2-aaf9-8ab20dc795b0", "action_url": "/", "title": "TruQ Driver Assignment", "body": null, "text_body": "You have been assigned as a driver for: Mazda T35 - AA 2535.", "email_template": "email/activity_update.html", "email_context": [{"type": "heading", "value": "TruQ Driver Assignment"}, {"type": "paragraph", "value": "You have been assigned as a driver for: Mazda T35 - AA 2535."}, {"cta": "https://driver.mytruq.com/", "type": "button", "value": "Track Order"}], "priority": "MEDIUM", "target": "DRIVER-APP", "is_read": false, "added_on": "2021-09-23T10:36:02.979Z"}}, {"model": "notifications.usernotification", "pk": "5cedbe94-751b-499d-9754-340a2738868a", "fields": {"user": "efa59874-e726-4778-a4e9-c8186f4c1661", "action_url": "/wallet", "title": "TruQ Wallet Activity", "body": null, "text_body": "Your wallet has been DEBITED with NGN 100.00  for Test wallet withdrawal no bank code in account.", "email_template": "email/activity_update.html", "email_context": [{"type": "heading", "value": "TruQ Wallet Activity"}, {"type": "paragraph", "value": "Hi, saviganga"}, {"type": "paragraph", "value": "Your wallet has been DEBITED with NGN 100.00  for Test wallet withdrawal no bank code in account."}, {"type": "heading", "value": "Transaction Ref: WITHDRAWAL_eff2c7da-a389-490e-a379-9b6ea9a9fa47"}, {"cta": "https://app.mytruq.com/wallet", "type": "button", "value": "View Your Wallet"}], "priority": "MEDIUM", "target": "USER-APP", "is_read": false, "added_on": "2021-11-01T12:21:28.904Z"}}, {"model": "notifications.usernotification", "pk": "5f9fe96f-01ee-472c-8fb2-1f8ce68df74a", "fields": {"user": "865cfa51-0cea-4842-a315-75137c11aeab", "action_url": "/order/fb521513-4a29-4551-963e-c56e23bcfabc", "title": "INITIATED", "body": null, "text_body": "Your truQ order has been booked successfully, please proceed to payment.", "email_template": "email/activity_update.html", "email_context": [{"type": "heading", "value": "INITIATED"}, {"type": "paragraph", "value": "Your truQ order has been booked successfully, please proceed to payment."}, {"cta": "https://app.mytruq.com/track-order/fb521513-4a29-4551-963e-c56e23bcfabc", "type": "button", "value": "Track Order"}], "priority": "LOW", "target": "USER-APP", "is_read": false, "added_on": "2021-10-29T10:41:56.092Z"}}, {"model": "notifications.usernotification", "pk": "607160c6-c460-451d-b9a5-3f6c49f4d374", "fields": {"user": "efa59874-e726-4778-a4e9-c8186f4c1661", "action_url": "/wallet", "title": "TruQ Wallet Activity", "body": null, "text_body": "Your wallet has been DEBITED with NGN 10.00  for Test wallet withdrawal.", "email_template": "email/activity_update.html", "email_context": [{"type": "heading", "value": "TruQ Wallet Activity"}, {"type": "paragraph", "value": "Hi, saviganga"}, {"type": "paragraph", "value": "Your wallet has been DEBITED with NGN 10.00  for Test wallet withdrawal."}, {"type": "heading", "value": "Transaction Ref: WITHDRAWAL_4acc6e1e-413d-44de-9da2-286b5cb2ef69"}, {"cta": "https://app.mytruq.com/wallet", "type": "button", "value": "View Your Wallet"}], "priority": "MEDIUM", "target": "USER-APP", "is_read": false, "added_on": "2021-10-30T12:13:09.283Z"}}, {"model": "notifications.usernotification", "pk": "60cdd24f-aedc-428c-9f3f-7b6f5383db3c", "fields": {"user": "cb6036ee-8329-47d2-aaf9-8ab20dc795b0", "action_url": "/order/71645637-a91b-47b0-bdcc-aad057369d92", "title": "Order INITIATED", "body": null, "text_body": "Your truQ order has been booked successfully, please proceed to payment.", "email_template": "email/activity_update.html", "email_context": [{"type": "heading", "value": "Order INITIATED"}, {"type": "paragraph", "value": "Your truQ order has been booked successfully, please proceed to payment."}, {"cta": "https://app.mytruq.com/track-order/71645637-a91b-47b0-bdcc-aad057369d92", "type": "button", "value": "Track Order"}], "priority": "LOW", "target": "USER-APP", "is_read": false, "added_on": "2021-09-14T21:41:53.349Z"}}, {"model": "notifications.usernotification", "pk": "613ce96b-f2b8-4da8-95f0-2cbaa15a03a7", "fields": {"user": "efa59874-e726-4778-a4e9-c8186f4c1661", "action_url": "/wallet", "title": "TruQ Wallet Activity", "body": null, "text_body": "Your wallet has been DEBITED with NGN 100.00  for Test wallet withdrawal.", "email_template": "email/activity_update.html", "email_context": [{"type": "heading", "value": "TruQ Wallet Activity"}, {"type": "paragraph", "value": "Hi, saviganga"}, {"type": "paragraph", "value": "Your wallet has been DEBITED with NGN 100.00  for Test wallet withdrawal."}, {"type": "heading", "value": "Transaction Ref: WITHDRAWAL_3fde674d-5ace-4da4-bf2c-60860e55d317"}, {"cta": "https://app.mytruq.com/wallet", "type": "button", "value": "View Your Wallet"}], "priority": "MEDIUM", "target": "USER-APP", "is_read": false, "added_on": "2021-10-30T11:49:23.657Z"}}, {"model": "notifications.usernotification", "pk": "6288207c-b029-49c7-8f27-11d6a9620592", "fields": {"user": "efa59874-e726-4778-a4e9-c8186f4c1661", "action_url": "/wallet", "title": "TruQ Wallet Activity", "body": null, "text_body": "Your wallet has been CREDITED with NGN 10.00  for Withrawal reversal.", "email_template": "email/activity_update.html", "email_context": [{"type": "heading", "value": "TruQ Wallet Activity"}, {"type": "paragraph", "value": "Hi, saviganga"}, {"type": "paragraph", "value": "Your wallet has been CREDITED with NGN 10.00  for Withrawal reversal."}, {"type": "heading", "value": "Transaction Ref: WITHDRAWAL-REVERSAL_0bc8ee1e-dcc5-4f44-b980-ac12ac882525"}, {"cta": "https://app.mytruq.com/wallet", "type": "button", "value": "View Your Wallet"}], "priority": "MEDIUM", "target": "USER-APP", "is_read": false, "added_on": "2021-11-01T12:01:50.670Z"}}, {"model": "notifications.usernotification", "pk": "638e0de7-e3d7-4a9a-88bd-1398c6c29a3d", "fields": {"user": "efa59874-e726-4778-a4e9-c8186f4c1661", "action_url": "/order/ece9c749-6e28-4b18-b5dd-97bf07864de4", "title": "Order INITIATED", "body": null, "text_body": "Hi saviganga, a TruQ order has been booked for you by Eby, please get payment link from the agent.", "email_template": "email/activity_update.html", "email_context": [{"type": "heading", "value": "Order INITIATED"}, {"type": "paragraph", "value": "Hi saviganga, a TruQ order has been booked for you by Eby, please get payment link from the agent."}, {"cta": "https://app.mytruq.com/track-order/ece9c749-6e28-4b18-b5dd-97bf07864de4", "type": "button", "value": "Track Order"}], "priority": "LOW", "target": "USER-APP", "is_read": false, "added_on": "2021-09-13T12:57:44.189Z"}}, {"model": "notifications.usernotification", "pk": "64c2a30a-afa9-4039-9574-35efb2bd252d", "fields": {"user": "efa59874-e726-4778-a4e9-c8186f4c1661", "action_url": "/wallet", "title": "TruQ Wallet Activity", "body": null, "text_body": "Your wallet has been DEBITED with NGN 10.00  for Test wallet withdrawal.", "email_template": "email/activity_update.html", "email_context": [{"type": "heading", "value": "TruQ Wallet Activity"}, {"type": "paragraph", "value": "Hi, saviganga"}, {"type": "paragraph", "value": "Your wallet has been DEBITED with NGN 10.00  for Test wallet withdrawal."}, {"type": "heading", "value": "Transaction Ref: WITHDRAWAL_2cb83d85-1abc-4a2a-a4c7-b0780a413af6"}, {"cta": "https://app.mytruq.com/wallet", "type": "button", "value": "View Your Wallet"}], "priority": "MEDIUM", "target": "USER-APP", "is_read": false, "added_on": "2021-11-01T12:01:38.637Z"}}, {"model": "notifications.usernotification", "pk": "654846fe-0e9b-4237-80a4-16b4c6dad67b", "fields": {"user": "efa59874-e726-4778-a4e9-c8186f4c1661", "action_url": "/wallet", "title": "TruQ Wallet Activity", "body": null, "text_body": "Your wallet has been DEBITED with NGN 10.00  for Test wallet withdrawal.", "email_template": "email/activity_update.html", "email_context": [{"type": "heading", "value": "TruQ Wallet Activity"}, {"type": "paragraph", "value": "Hi, saviganga"}, {"type": "paragraph", "value": "Your wallet has been DEBITED with NGN 10.00  for Test wallet withdrawal."}, {"type": "heading", "value": "Transaction Ref: WITHDRAWAL_8d3e7bb9-60f5-4796-96c2-5b319675c1f7"}, {"cta": "https://app.mytruq.com/wallet", "type": "button", "value": "View Your Wallet"}], "priority": "MEDIUM", "target": "USER-APP", "is_read": false, "added_on": "2021-10-30T12:33:52.168Z"}}, {"model": "notifications.usernotification", "pk": "684ff6ff-ece0-40a7-852f-f94cb8fbc0d0", "fields": {"user": "09a033ba-6c35-4ac8-a3a4-169900e9191a", "action_url": "/order/163adb12-ab66-4a01-9920-15d74e34c0f4", "title": "Order PRODUCTION", "body": null, "text_body": "Order changed to PRODUCTION by Isaac Chikutukutu (+27738692207).", "email_template": "email/activity_update.html", "email_context": [{"type": "heading", "value": "Order PRODUCTION"}, {"type": "paragraph", "value": "Order changed to PRODUCTION by Isaac Chikutukutu (+27738692207)."}, {"cta": "https://app.mytruq.com/track-order/163adb12-ab66-4a01-9920-15d74e34c0f4", "type": "button", "value": "Track Order"}], "priority": "LOW", "target": "USER-APP", "is_read": false, "added_on": "2021-10-03T17:12:43.235Z"}}, {"model": "notifications.usernotification", "pk": "69496250-b0d0-4753-b740-725524a2f98f", "fields": {"user": "efa59874-e726-4778-a4e9-c8186f4c1661", "action_url": "/wallet", "title": "TruQ Wallet Activity", "body": null, "text_body": "Your wallet has been DEBITED with NGN 10.00  for Test wallet withdrawal.", "email_template": "email/activity_update.html", "email_context": [{"type": "heading", "value": "TruQ Wallet Activity"}, {"type": "paragraph", "value": "Hi, saviganga"}, {"type": "paragraph", "value": "Your wallet has been DEBITED with NGN 10.00  for Test wallet withdrawal."}, {"type": "heading", "value": "Transaction Ref: WITHDRAWAL_97768824-d755-4b7c-8459-5d8f7cc98d72"}, {"cta": "https://app.mytruq.com/wallet", "type": "button", "value": "View Your Wallet"}], "priority": "MEDIUM", "target": "USER-APP", "is_read": false, "added_on": "2021-10-30T11:52:06.806Z"}}, {"model": "notifications.usernotification", "pk": "6a295484-42b0-48f6-af69-4b87eb5537b5", "fields": {"user": "efa59874-e726-4778-a4e9-c8186f4c1661", "action_url": "/wallet", "title": "TruQ Wallet Activity", "body": null, "text_body": "Your wallet has been DEBITED with NGN 9595.00  for Order Payment ref: 627d59b8-9872-41f6-88f8-e86e2014adf7.", "email_template": "email/activity_update.html", "email_context": [{"type": "heading", "value": "TruQ Wallet Activity"}, {"type": "paragraph", "value": "Hi, saviganga"}, {"type": "paragraph", "value": "Your wallet has been DEBITED with NGN 9595.00  for Order Payment ref: 627d59b8-9872-41f6-88f8-e86e2014adf7."}, {"type": "heading", "value": "Transaction Ref: ORDER-PYT_627d59b8-9872-41f6-88f8-e86e2014adf7"}, {"cta": "https://app.mytruq.com/wallet", "type": "button", "value": "View Your Wallet"}], "priority": "MEDIUM", "target": "USER-APP", "is_read": false, "added_on": "2021-10-29T21:17:23.052Z"}}, {"model": "notifications.usernotification", "pk": "6bc2e324-71bb-4e4b-a231-3711254bee79", "fields": {"user": "09a033ba-6c35-4ac8-a3a4-169900e9191a", "action_url": "/", "title": "TruQ Driver Assignment", "body": null, "text_body": "You have been assigned as a driver for: BMW A-class - 1234567.", "email_template": "email/activity_update.html", "email_context": [{"type": "heading", "value": "TruQ Driver Assignment"}, {"type": "paragraph", "value": "You have been assigned as a driver for: BMW A-class - 1234567."}, {"cta": "https://driver.mytruq.com/", "type": "button", "value": "Track Order"}], "priority": "MEDIUM", "target": "DRIVER-APP", "is_read": false, "added_on": "2021-09-14T14:09:17.225Z"}}, {"model": "notifications.usernotification", "pk": "6bd2c340-abe1-4b4d-9c9e-dacb974da9ac", "fields": {"user": "efa59874-e726-4778-a4e9-c8186f4c1661", "action_url": "/order/384d5d4b-6760-49c3-8adf-e2bd19ccfc9d", "title": "Order ORDER ASSIGNED TO TRIP", "body": null, "text_body": "Connecting you to the closest driver right away. Track your order on: https://app.mytruq.com/track-order/384d5d4b-6760-49c3-8adf-e2bd19ccfc9d.", "email_template": "email/activity_update.html", "email_context": [{"type": "heading", "value": "Order ORDER ASSIGNED TO TRIP"}, {"type": "paragraph", "value": "Connecting you to the closest driver right away. Track your order on: https://app.mytruq.com/track-order/384d5d4b-6760-49c3-8adf-e2bd19ccfc9d."}, {"cta": "https://app.mytruq.com/track-order/384d5d4b-6760-49c3-8adf-e2bd19ccfc9d", "type": "button", "value": "Track Order"}], "priority": "HIGH", "target": "USER-APP", "is_read": false, "added_on": "2021-09-14T14:44:29.003Z"}}, {"model": "notifications.usernotification", "pk": "6c3a2d30-e354-4eca-92f5-bc190b99b9b0", "fields": {"user": "efa59874-e726-4778-a4e9-c8186f4c1661", "action_url": "/wallet", "title": "TruQ Wallet Activity", "body": null, "text_body": "Your wallet has been DEBITED with NGN 100.00  for Test wallet withdrawal no bank code in account.", "email_template": "email/activity_update.html", "email_context": [{"type": "heading", "value": "TruQ Wallet Activity"}, {"type": "paragraph", "value": "Hi, saviganga"}, {"type": "paragraph", "value": "Your wallet has been DEBITED with NGN 100.00  for Test wallet withdrawal no bank code in account."}, {"type": "heading", "value": "Transaction Ref: WITHDRAWAL_8a4015f7-d3e4-4158-a73e-0f58e2db0447"}, {"cta": "https://app.mytruq.com/wallet", "type": "button", "value": "View Your Wallet"}], "priority": "MEDIUM", "target": "USER-APP", "is_read": false, "added_on": "2021-11-01T12:21:46.321Z"}}, {"model": "notifications.usernotification", "pk": "6eb8547d-54e3-41d3-aac6-1560d58c2e31", "fields": {"user": "efa59874-e726-4778-a4e9-c8186f4c1661", "action_url": "/wallet", "title": "TruQ Wallet Activity", "body": null, "text_body": "Your wallet has been DEBITED with NGN 100.00  for Test wallet withdrawal no bank code in account.", "email_template": "email/activity_update.html", "email_context": [{"type": "heading", "value": "TruQ Wallet Activity"}, {"type": "paragraph", "value": "Hi, saviganga"}, {"type": "paragraph", "value": "Your wallet has been DEBITED with NGN 100.00  for Test wallet withdrawal no bank code in account."}, {"type": "heading", "value": "Transaction Ref: WITHDRAWAL_369bed7c-9c6e-4965-bdeb-28037c79a228"}, {"cta": "https://app.mytruq.com/wallet", "type": "button", "value": "View Your Wallet"}], "priority": "MEDIUM", "target": "USER-APP", "is_read": false, "added_on": "2021-11-01T12:15:50.781Z"}}, {"model": "notifications.usernotification", "pk": "6fed918d-7bc5-4b74-b14f-daa227015356", "fields": {"user": "efa59874-e726-4778-a4e9-c8186f4c1661", "action_url": "/wallet", "title": "TruQ Wallet Activity", "body": null, "text_body": "Your wallet has been DEBITED with NGN 1000.00  for Test wallet withdrawal.", "email_template": "email/activity_update.html", "email_context": [{"type": "heading", "value": "TruQ Wallet Activity"}, {"type": "paragraph", "value": "Hi, saviganga"}, {"type": "paragraph", "value": "Your wallet has been DEBITED with NGN 1000.00  for Test wallet withdrawal."}, {"type": "heading", "value": "Transaction Ref: WITHDRAWAL_73d33c29-9634-4611-b1f2-ca022c7913fa"}, {"cta": "https://app.mytruq.com/wallet", "type": "button", "value": "View Your Wallet"}], "priority": "MEDIUM", "target": "USER-APP", "is_read": false, "added_on": "2021-10-30T12:43:20.634Z"}}, {"model": "notifications.usernotification", "pk": "70b78fdd-51b5-42c7-8c7d-d574c8c3efa3", "fields": {"user": "efa59874-e726-4778-a4e9-c8186f4c1661", "action_url": "/wallet", "title": "TruQ Wallet Activity", "body": null, "text_body": "Your wallet has been DEBITED with NGN 100.00  for Test wallet withdrawal.", "email_template": "email/activity_update.html", "email_context": [{"type": "heading", "value": "TruQ Wallet Activity"}, {"type": "paragraph", "value": "Hi, saviganga"}, {"type": "paragraph", "value": "Your wallet has been DEBITED with NGN 100.00  for Test wallet withdrawal."}, {"type": "heading", "value": "Transaction Ref: WITHDRAWAL_839157c5-7951-4027-bebc-e3ba91ca781f"}, {"cta": "https://app.mytruq.com/wallet", "type": "button", "value": "View Your Wallet"}], "priority": "MEDIUM", "target": "USER-APP", "is_read": false, "added_on": "2021-10-30T11:21:46.759Z"}}, {"model": "notifications.usernotification", "pk": "70c0474a-8684-4dd8-b475-94f497a18dc0", "fields": {"user": "09a033ba-6c35-4ac8-a3a4-169900e9191a", "action_url": "/order/1cd290cd-4281-4fe2-90b8-0d3514f6a04b", "title": "Order INITIATED", "body": null, "text_body": "Your truQ order has been booked successfully, please proceed to payment.", "email_template": "email/activity_update.html", "email_context": [{"type": "heading", "value": "Order INITIATED"}, {"type": "paragraph", "value": "Your truQ order has been booked successfully, please proceed to payment."}, {"cta": "https://app.mytruq.com/track-order/1cd290cd-4281-4fe2-90b8-0d3514f6a04b", "type": "button", "value": "Track Order"}], "priority": "LOW", "target": "USER-APP", "is_read": false, "added_on": "2021-10-12T07:25:41.429Z"}}, {"model": "notifications.usernotification", "pk": "72b2b895-6608-4f23-9ad6-76110eef9e36", "fields": {"user": "efa59874-e726-4778-a4e9-c8186f4c1661", "action_url": "/wallet", "title": "TruQ Wallet Activity", "body": null, "text_body": "Your wallet has been DEBITED with NGN 100.00  for Test wallet withdrawal.", "email_template": "email/activity_update.html", "email_context": [{"type": "heading", "value": "TruQ Wallet Activity"}, {"type": "paragraph", "value": "Hi, saviganga"}, {"type": "paragraph", "value": "Your wallet has been DEBITED with NGN 100.00  for Test wallet withdrawal."}, {"type": "heading", "value": "Transaction Ref: WITHDRAWAL_494f64ff-2035-44a3-a5f0-3acb361b352c"}, {"cta": "https://app.mytruq.com/wallet", "type": "button", "value": "View Your Wallet"}], "priority": "MEDIUM", "target": "USER-APP", "is_read": false, "added_on": "2021-10-30T11:13:25.914Z"}}, {"model": "notifications.usernotification", "pk": "72e26f16-fb3a-421b-b0b9-347877c99e9e", "fields": {"user": "efa59874-e726-4778-a4e9-c8186f4c1661", "action_url": "/wallet", "title": "TruQ Wallet Activity", "body": null, "text_body": "Your wallet has been DEBITED with NGN 100.00  for Test wallet withdrawal no bank code in account.", "email_template": "email/activity_update.html", "email_context": [{"type": "heading", "value": "TruQ Wallet Activity"}, {"type": "paragraph", "value": "Hi, saviganga"}, {"type": "paragraph", "value": "Your wallet has been DEBITED with NGN 100.00  for Test wallet withdrawal no bank code in account."}, {"type": "heading", "value": "Transaction Ref: WITHDRAWAL_328b0691-879f-4fa8-8598-dbc66cdf30ab"}, {"cta": "https://app.mytruq.com/wallet", "type": "button", "value": "View Your Wallet"}], "priority": "MEDIUM", "target": "USER-APP", "is_read": false, "added_on": "2021-11-01T13:12:16.508Z"}}, {"model": "notifications.usernotification", "pk": "7307f202-a70f-4381-ae1b-8564d70622b4", "fields": {"user": "efa59874-e726-4778-a4e9-c8186f4c1661", "action_url": "/wallet", "title": "TruQ Wallet Activity", "body": null, "text_body": "Your wallet has been DEBITED with NGN 100.50  for Test wallet withdrawal.", "email_template": "email/activity_update.html", "email_context": [{"type": "heading", "value": "TruQ Wallet Activity"}, {"type": "paragraph", "value": "Hi, saviganga"}, {"type": "paragraph", "value": "Your wallet has been DEBITED with NGN 100.50  for Test wallet withdrawal."}, {"type": "heading", "value": "Transaction Ref: WITHDRAWAL_4b5e2b37-1e79-403e-b6fd-3c49fdc5e60f"}, {"cta": "https://app.mytruq.com/wallet", "type": "button", "value": "View Your Wallet"}], "priority": "MEDIUM", "target": "USER-APP", "is_read": false, "added_on": "2021-10-30T13:13:21.562Z"}}, {"model": "notifications.usernotification", "pk": "75d3f550-d8dc-4516-a523-3b1554450a65", "fields": {"user": "cbe295b9-830e-45df-8a80-537fddc2f63f", "action_url": "/order/4107cb38-f168-4a58-a5ab-90543f47774b", "title": "Order OFFLOADING", "body": null, "text_body": "Your TruQ has arrived at destination. Please confirm delivery to complete the trip.", "email_template": "email/activity_update.html", "email_context": [{"type": "heading", "value": "Order OFFLOADING"}, {"type": "paragraph", "value": "Your TruQ has arrived at destination. Please confirm delivery to complete the trip."}, {"cta": "https://app.mytruq.com/track-order/4107cb38-f168-4a58-a5ab-90543f47774b", "type": "button", "value": "Track Order"}], "priority": "LOW", "target": "USER-APP", "is_read": false, "added_on": "2021-10-03T17:16:11.943Z"}}, {"model": "notifications.usernotification", "pk": "76fb68bd-8ae9-437d-955b-16e1cd59f859", "fields": {"user": "efa59874-e726-4778-a4e9-c8186f4c1661", "action_url": "/wallet", "title": "TruQ Wallet Activity", "body": null, "text_body": "Your wallet has been DEBITED with NGN 100.00  for Test wallet withdrawal no bank code in account.", "email_template": "email/activity_update.html", "email_context": [{"type": "heading", "value": "TruQ Wallet Activity"}, {"type": "paragraph", "value": "Hi, saviganga"}, {"type": "paragraph", "value": "Your wallet has been DEBITED with NGN 100.00  for Test wallet withdrawal no bank code in account."}, {"type": "heading", "value": "Transaction Ref: WITHDRAWAL_49a27208-46ce-43f6-9b78-6c19fbb9e276"}, {"cta": "https://app.mytruq.com/wallet", "type": "button", "value": "View Your Wallet"}], "priority": "MEDIUM", "target": "USER-APP", "is_read": false, "added_on": "2021-11-01T12:34:47.754Z"}}, {"model": "notifications.usernotification", "pk": "773f41e6-8308-4edb-8dc3-9b13807671f3", "fields": {"user": "efa59874-e726-4778-a4e9-c8186f4c1661", "action_url": "/wallet", "title": "TruQ Wallet Activity", "body": null, "text_body": "Your wallet has been CREDITED with NGN 100.00  for Withrawal reversal.", "email_template": "email/activity_update.html", "email_context": [{"type": "heading", "value": "TruQ Wallet Activity"}, {"type": "paragraph", "value": "Hi, saviganga"}, {"type": "paragraph", "value": "Your wallet has been CREDITED with NGN 100.00  for Withrawal reversal."}, {"type": "heading", "value": "Transaction Ref: WITHRAWAL-REVERSAL_d4102568-8881-4314-b5db-1b04cea9486f"}, {"cta": "https://app.mytruq.com/wallet", "type": "button", "value": "View Your Wallet"}], "priority": "MEDIUM", "target": "USER-APP", "is_read": false, "added_on": "2021-11-01T12:34:57.080Z"}}, {"model": "notifications.usernotification", "pk": "77b77a3e-7bd9-444a-bcc7-e5b783552a3e", "fields": {"user": "09a033ba-6c35-4ac8-a3a4-169900e9191a", "action_url": "/order/a17a291d-d41b-4f2f-9e39-4c764f4c292b", "title": "Order ORDER ASSIGNED TO TRIP", "body": null, "text_body": "Connecting you to the closest driver right away. Track your order on: https://app.mytruq.com/track-order/a17a291d-d41b-4f2f-9e39-4c764f4c292b.", "email_template": "email/activity_update.html", "email_context": [{"type": "heading", "value": "Order ORDER ASSIGNED TO TRIP"}, {"type": "paragraph", "value": "Connecting you to the closest driver right away. Track your order on: https://app.mytruq.com/track-order/a17a291d-d41b-4f2f-9e39-4c764f4c292b."}, {"cta": "https://app.mytruq.com/track-order/a17a291d-d41b-4f2f-9e39-4c764f4c292b", "type": "button", "value": "Track Order"}], "priority": "MEDIUM", "target": "USER-APP", "is_read": false, "added_on": "2021-09-15T11:31:43.537Z"}}, {"model": "notifications.usernotification", "pk": "7890fdaf-b191-4934-8b7c-36698c583fb0", "fields": {"user": "5585d6b9-d98a-4e71-a83e-ed026dd49e34", "action_url": "/order/4106945e-d854-49fd-b813-26f770550493", "title": "Order DELIVERED", "body": null, "text_body": "Your trip #4106945e-d854-49fd-b813-26f770550493 has been completed successfully. Thank you for using TruQ!", "email_template": "email/activity_update.html", "email_context": [{"type": "heading", "value": "Order DELIVERED"}, {"type": "paragraph", "value": "Your trip #4106945e-d854-49fd-b813-26f770550493 has been completed successfully. Thank you for using TruQ!"}, {"cta": "https://app.mytruq.com/track-order/4106945e-d854-49fd-b813-26f770550493", "type": "button", "value": "Track Order"}], "priority": "LOW", "target": "USER-APP", "is_read": false, "added_on": "2021-09-16T18:18:39.931Z"}}, {"model": "notifications.usernotification", "pk": "796e1872-a9bf-4c43-8307-7f32d919f835", "fields": {"user": "efa59874-e726-4778-a4e9-c8186f4c1661", "action_url": "/wallet", "title": "TruQ Wallet Activity", "body": null, "text_body": "Your wallet has been DEBITED with NGN 100.00  for Test wallet withdrawal no bank code in account.", "email_template": "email/activity_update.html", "email_context": [{"type": "heading", "value": "TruQ Wallet Activity"}, {"type": "paragraph", "value": "Hi, saviganga"}, {"type": "paragraph", "value": "Your wallet has been DEBITED with NGN 100.00  for Test wallet withdrawal no bank code in account."}, {"type": "heading", "value": "Transaction Ref: WITHDRAWAL_6a9ea641-b84f-4bb7-a894-8083898c5148"}, {"cta": "https://app.mytruq.com/wallet", "type": "button", "value": "View Your Wallet"}], "priority": "MEDIUM", "target": "USER-APP", "is_read": false, "added_on": "2021-11-01T12:30:31.989Z"}}, {"model": "notifications.usernotification", "pk": "7b51ad33-e3a9-4ef9-a498-86073c50d4d0", "fields": {"user": "efa59874-e726-4778-a4e9-c8186f4c1661", "action_url": "/wallet", "title": "TruQ Wallet Activity", "body": null, "text_body": "Your wallet has been DEBITED with NGN 100.00  for Test wallet withdrawal.", "email_template": "email/activity_update.html", "email_context": [{"type": "heading", "value": "TruQ Wallet Activity"}, {"type": "paragraph", "value": "Hi, saviganga"}, {"type": "paragraph", "value": "Your wallet has been DEBITED with NGN 100.00  for Test wallet withdrawal."}, {"type": "heading", "value": "Transaction Ref: WITHDRAWAL_dfd8d775-bb6f-4e07-aa65-f8a979c76c7f"}, {"cta": "https://app.mytruq.com/wallet", "type": "button", "value": "View Your Wallet"}], "priority": "MEDIUM", "target": "USER-APP", "is_read": false, "added_on": "2021-11-01T11:36:33.008Z"}}, {"model": "notifications.usernotification", "pk": "7c78a50e-a66b-4d67-990b-a261b4dd1711", "fields": {"user": "09a033ba-6c35-4ac8-a3a4-169900e9191a", "action_url": "/order/163adb12-ab66-4a01-9920-15d74e34c0f4", "title": "Order INITIATED", "body": null, "text_body": "Your truQ order has been booked successfully, please proceed to payment.", "email_template": "email/activity_update.html", "email_context": [{"type": "heading", "value": "Order INITIATED"}, {"type": "paragraph", "value": "Your truQ order has been booked successfully, please proceed to payment."}, {"cta": "https://app.mytruq.com/track-order/163adb12-ab66-4a01-9920-15d74e34c0f4", "type": "button", "value": "Track Order"}], "priority": "LOW", "target": "USER-APP", "is_read": false, "added_on": "2021-09-16T07:48:30.930Z"}}, {"model": "notifications.usernotification", "pk": "7d1e44db-f9ee-45c4-8800-444c29aabc04", "fields": {"user": "efa59874-e726-4778-a4e9-c8186f4c1661", "action_url": "/wallet", "title": "TruQ Wallet Activity", "body": null, "text_body": "Your wallet has been DEBITED with NGN 100.00  for Test wallet withdrawal.", "email_template": "email/activity_update.html", "email_context": [{"type": "heading", "value": "TruQ Wallet Activity"}, {"type": "paragraph", "value": "Hi, saviganga"}, {"type": "paragraph", "value": "Your wallet has been DEBITED with NGN 100.00  for Test wallet withdrawal."}, {"type": "heading", "value": "Transaction Ref: WITHDRAWAL_af4a31bf-233e-4f37-82bc-efd1fd721f9d"}, {"cta": "https://app.mytruq.com/wallet", "type": "button", "value": "View Your Wallet"}], "priority": "MEDIUM", "target": "USER-APP", "is_read": false, "added_on": "2021-10-30T13:36:58.077Z"}}, {"model": "notifications.usernotification", "pk": "7ee7f528-7d96-4fdb-b20c-314b8d422353", "fields": {"user": "efa59874-e726-4778-a4e9-c8186f4c1661", "action_url": "/wallet", "title": "TruQ Wallet Activity", "body": null, "text_body": "Your wallet has been DEBITED with NGN 10.00  for Test wallet withdrawal.", "email_template": "email/activity_update.html", "email_context": [{"type": "heading", "value": "TruQ Wallet Activity"}, {"type": "paragraph", "value": "Hi, saviganga"}, {"type": "paragraph", "value": "Your wallet has been DEBITED with NGN 10.00  for Test wallet withdrawal."}, {"type": "heading", "value": "Transaction Ref: WITHDRAWAL_8cedffd9-d47b-4ff5-87d5-268082b622cf"}, {"cta": "https://app.mytruq.com/wallet", "type": "button", "value": "View Your Wallet"}], "priority": "MEDIUM", "target": "USER-APP", "is_read": false, "added_on": "2021-10-30T12:05:50.052Z"}}, {"model": "notifications.usernotification", "pk": "7fb53349-0a6f-4250-a022-0e0683e13c06", "fields": {"user": "efa59874-e726-4778-a4e9-c8186f4c1661", "action_url": "/wallet", "title": "TruQ Wallet Activity", "body": null, "text_body": "Your wallet has been DEBITED with NGN 100.00  for Test wallet withdrawal no bank code in account.", "email_template": "email/activity_update.html", "email_context": [{"type": "heading", "value": "TruQ Wallet Activity"}, {"type": "paragraph", "value": "Hi, saviganga"}, {"type": "paragraph", "value": "Your wallet has been DEBITED with NGN 100.00  for Test wallet withdrawal no bank code in account."}, {"type": "heading", "value": "Transaction Ref: WITHDRAWAL_fc0be0b5-c814-4e8a-9795-10f8af120c0e"}, {"cta": "https://app.mytruq.com/wallet", "type": "button", "value": "View Your Wallet"}], "priority": "MEDIUM", "target": "USER-APP", "is_read": false, "added_on": "2021-11-01T12:32:52.343Z"}}, {"model": "notifications.usernotification", "pk": "8052698c-14db-45c5-86af-67c6e877c5b5", "fields": {"user": "efa59874-e726-4778-a4e9-c8186f4c1661", "action_url": "/order/cccb9df1-7e35-4333-945a-1700d04d2cc2", "title": "ORDER PAYMENT RECEIVED", "body": null, "text_body": "Received payment of NGN 0.00 for Order #627d59b8-9872-41f6-88f8-e86e2014adf7 !", "email_template": "email/activity_update.html", "email_context": [{"type": "heading", "value": "ORDER PAYMENT RECEIVED"}, {"type": "paragraph", "value": "Received payment of NGN 0.00 for Order #627d59b8-9872-41f6-88f8-e86e2014adf7 !"}, {"cta": "https://app.mytruq.com/track-order/cccb9df1-7e35-4333-945a-1700d04d2cc2", "type": "button", "value": "Track Order"}], "priority": "HIGH", "target": "USER-APP", "is_read": false, "added_on": "2021-10-29T21:23:38.144Z"}}, {"model": "notifications.usernotification", "pk": "80b5d18d-844a-4810-8dd7-6aa828c2dd6d", "fields": {"user": "efa59874-e726-4778-a4e9-c8186f4c1661", "action_url": "/wallet", "title": "TruQ Wallet Activity", "body": null, "text_body": "Your wallet has been CREDITED with NGN 100.00  for Withrawal reversal.", "email_template": "email/activity_update.html", "email_context": [{"type": "heading", "value": "TruQ Wallet Activity"}, {"type": "paragraph", "value": "Hi, saviganga"}, {"type": "paragraph", "value": "Your wallet has been CREDITED with NGN 100.00  for Withrawal reversal."}, {"type": "heading", "value": "Transaction Ref: WITHDRAWAL-WITHDRAWAL_<function uuid4 at 0x7f13fcc580d0>"}, {"cta": "https://app.mytruq.com/wallet", "type": "button", "value": "View Your Wallet"}], "priority": "MEDIUM", "target": "USER-APP", "is_read": false, "added_on": "2021-11-01T11:27:43.470Z"}}, {"model": "notifications.usernotification", "pk": "80deaaec-9b3d-46fd-be5c-68ffc0b9e437", "fields": {"user": "efa59874-e726-4778-a4e9-c8186f4c1661", "action_url": "/wallet", "title": "TruQ Wallet Activity", "body": null, "text_body": "Your wallet has been DEBITED with NGN 100.00  for Test wallet withdrawal.", "email_template": "email/activity_update.html", "email_context": [{"type": "heading", "value": "TruQ Wallet Activity"}, {"type": "paragraph", "value": "Hi, saviganga"}, {"type": "paragraph", "value": "Your wallet has been DEBITED with NGN 100.00  for Test wallet withdrawal."}, {"type": "heading", "value": "Transaction Ref: WITHDRAWAL_47dc8876-02fc-43ef-afe7-a3b93fa37897"}, {"cta": "https://app.mytruq.com/wallet", "type": "button", "value": "View Your Wallet"}], "priority": "MEDIUM", "target": "USER-APP", "is_read": false, "added_on": "2021-10-30T13:12:15.613Z"}}, {"model": "notifications.usernotification", "pk": "80edb30c-2b48-4d11-8435-bbf2ad19a78b", "fields": {"user": "cbe295b9-830e-45df-8a80-537fddc2f63f", "action_url": "/order/4107cb38-f168-4a58-a5ab-90543f47774b", "title": "Order ORDER PAYMENT RECEIVED", "body": null, "text_body": "Received payment of NGN 44234.4 for Order #33cc2bdf-9f06-4eb3-afc9-d2f7803ac8f5 !", "email_template": "email/activity_update.html", "email_context": [{"type": "heading", "value": "Order ORDER PAYMENT RECEIVED"}, {"type": "paragraph", "value": "Received payment of NGN 44234.4 for Order #33cc2bdf-9f06-4eb3-afc9-d2f7803ac8f5 !"}, {"cta": "https://app.mytruq.com/track-order/4107cb38-f168-4a58-a5ab-90543f47774b", "type": "button", "value": "Track Order"}], "priority": "HIGH", "target": "USER-APP", "is_read": false, "added_on": "2021-09-15T17:59:22.829Z"}}, {"model": "notifications.usernotification", "pk": "81c2181e-9743-404f-9e10-4024785fa8d5", "fields": {"user": "efa59874-e726-4778-a4e9-c8186f4c1661", "action_url": "/wallet", "title": "TruQ Wallet Activity", "body": null, "text_body": "Your wallet has been DEBITED with NGN 10.00  for Test wallet withdrawal.", "email_template": "email/activity_update.html", "email_context": [{"type": "heading", "value": "TruQ Wallet Activity"}, {"type": "paragraph", "value": "Hi, saviganga"}, {"type": "paragraph", "value": "Your wallet has been DEBITED with NGN 10.00  for Test wallet withdrawal."}, {"type": "heading", "value": "Transaction Ref: WITHDRAWAL_48a5699c-febd-4882-82e1-7f697312bec8"}, {"cta": "https://app.mytruq.com/wallet", "type": "button", "value": "View Your Wallet"}], "priority": "MEDIUM", "target": "USER-APP", "is_read": false, "added_on": "2021-10-30T12:09:21.800Z"}}, {"model": "notifications.usernotification", "pk": "844bb474-8c59-42b9-8769-98454a620088", "fields": {"user": "efa59874-e726-4778-a4e9-c8186f4c1661", "action_url": "/order/23fe8af8-bfb6-4bbf-ad6c-f7e7d952dfab", "title": "Order INITIATED", "body": null, "text_body": "Your truQ order has been booked successfully, please proceed to payment.", "email_template": "email/activity_update.html", "email_context": [{"type": "heading", "value": "Order INITIATED"}, {"type": "paragraph", "value": "Your truQ order has been booked successfully, please proceed to payment."}, {"cta": "https://app.mytruq.com/track-order/23fe8af8-bfb6-4bbf-ad6c-f7e7d952dfab", "type": "button", "value": "Track Order"}], "priority": "LOW", "target": "USER-APP", "is_read": false, "added_on": "2021-09-13T08:32:48.925Z"}}, {"model": "notifications.usernotification", "pk": "85912061-a84f-40fb-ba06-737ff05cef69", "fields": {"user": "865cfa51-0cea-4842-a315-75137c11aeab", "action_url": "/order/8c042ca5-2cd8-4189-80e6-98c0171b2180", "title": "Order INITIATED", "body": null, "text_body": "Your truQ order has been booked successfully, please proceed to payment.", "email_template": "email/activity_update.html", "email_context": [{"type": "heading", "value": "Order INITIATED"}, {"type": "paragraph", "value": "Your truQ order has been booked successfully, please proceed to payment."}, {"cta": "https://app.mytruq.com/track-order/8c042ca5-2cd8-4189-80e6-98c0171b2180", "type": "button", "value": "Track Order"}], "priority": "LOW", "target": "USER-APP", "is_read": false, "added_on": "2021-10-22T15:14:19.994Z"}}, {"model": "notifications.usernotification", "pk": "86837705-d7ba-4500-b682-36beebca689b", "fields": {"user": "efa59874-e726-4778-a4e9-c8186f4c1661", "action_url": "/order/afd61457-93bd-497a-a2a3-f2e278355294", "title": "Order INITIATED", "body": null, "text_body": "Your truQ order has been booked successfully, please proceed to payment.", "email_template": "email/activity_update.html", "email_context": [{"type": "heading", "value": "Order INITIATED"}, {"type": "paragraph", "value": "Your truQ order has been booked successfully, please proceed to payment."}, {"cta": "https://app.mytruq.com/track-order/afd61457-93bd-497a-a2a3-f2e278355294", "type": "button", "value": "Track Order"}], "priority": "LOW", "target": "USER-APP", "is_read": false, "added_on": "2021-09-13T08:46:24.499Z"}}, {"model": "notifications.usernotification", "pk": "86dc29b5-29f5-4145-9e43-7bd0b61ab0e3", "fields": {"user": "efa59874-e726-4778-a4e9-c8186f4c1661", "action_url": "/wallet", "title": "TruQ Wallet Activity", "body": null, "text_body": "Your wallet has been DEBITED with NGN 10.00  for Test wallet withdrawal.", "email_template": "email/activity_update.html", "email_context": [{"type": "heading", "value": "TruQ Wallet Activity"}, {"type": "paragraph", "value": "Hi, saviganga"}, {"type": "paragraph", "value": "Your wallet has been DEBITED with NGN 10.00  for Test wallet withdrawal."}, {"type": "heading", "value": "Transaction Ref: WITHDRAWAL_29bd4f87-fedf-405e-9b43-79530d8dbcb4"}, {"cta": "https://app.mytruq.com/wallet", "type": "button", "value": "View Your Wallet"}], "priority": "MEDIUM", "target": "USER-APP", "is_read": false, "added_on": "2021-10-30T12:34:38.653Z"}}, {"model": "notifications.usernotification", "pk": "86eb227c-d712-481e-ad22-cef7aa09753b", "fields": {"user": "efa59874-e726-4778-a4e9-c8186f4c1661", "action_url": "/wallet", "title": "TruQ Wallet Activity", "body": null, "text_body": "Your wallet has been DEBITED with NGN 100.00  for Test wallet withdrawal staging.", "email_template": "email/activity_update.html", "email_context": [{"type": "heading", "value": "TruQ Wallet Activity"}, {"type": "paragraph", "value": "Hi, saviganga"}, {"type": "paragraph", "value": "Your wallet has been DEBITED with NGN 100.00  for Test wallet withdrawal staging."}, {"type": "heading", "value": "Transaction Ref: WITHDRAWAL_dce36352-db02-4c32-be8d-37c4aa61ebce"}, {"cta": "https://app.mytruq.com/wallet", "type": "button", "value": "View Your Wallet"}], "priority": "MEDIUM", "target": "USER-APP", "is_read": false, "added_on": "2021-11-01T14:15:01.209Z"}}, {"model": "notifications.usernotification", "pk": "873ab4cc-ae0d-4199-99b8-42367dd86e79", "fields": {"user": "efa59874-e726-4778-a4e9-c8186f4c1661", "action_url": "/wallet", "title": "TruQ Wallet Activity", "body": null, "text_body": "Your wallet has been CREDITED with NGN 100.00  for Withrawal reversal.", "email_template": "email/activity_update.html", "email_context": [{"type": "heading", "value": "TruQ Wallet Activity"}, {"type": "paragraph", "value": "Hi, saviganga"}, {"type": "paragraph", "value": "Your wallet has been CREDITED with NGN 100.00  for Withrawal reversal."}, {"type": "heading", "value": "Transaction Ref: WITHDRAWAL-WITHDRAWAL_d8c9b176-6a52-4357-ad02-97e5e89e54ba"}, {"cta": "https://app.mytruq.com/wallet", "type": "button", "value": "View Your Wallet"}], "priority": "MEDIUM", "target": "USER-APP", "is_read": false, "added_on": "2021-11-01T11:34:56.444Z"}}, {"model": "notifications.usernotification", "pk": "8923b2f2-224d-4ebc-b9f2-9c7bf1d2a6b7", "fields": {"user": "5585d6b9-d98a-4e71-a83e-ed026dd49e34", "action_url": "/order/4106945e-d854-49fd-b813-26f770550493", "title": "Order INITIATED", "body": null, "text_body": "Your truQ order has been booked successfully, please proceed to payment.", "email_template": "email/activity_update.html", "email_context": [{"type": "heading", "value": "Order INITIATED"}, {"type": "paragraph", "value": "Your truQ order has been booked successfully, please proceed to payment."}, {"cta": "https://app.mytruq.com/track-order/4106945e-d854-49fd-b813-26f770550493", "type": "button", "value": "Track Order"}], "priority": "LOW", "target": "USER-APP", "is_read": false, "added_on": "2021-09-15T18:12:06.062Z"}}, {"model": "notifications.usernotification", "pk": "8a810f89-404e-40e3-9de6-003f8afe72ef", "fields": {"user": "865cfa51-0cea-4842-a315-75137c11aeab", "action_url": "/wallet", "title": "TruQ Wallet Activity", "body": null, "text_body": "Your wallet has been DEBITED with NGN 7057.48  for Order Payment ref: 75a40927-3462-42eb-be6e-c06e7b7c4810.", "email_template": "email/activity_update.html", "email_context": [{"type": "heading", "value": "TruQ Wallet Activity"}, {"type": "paragraph", "value": "Hi, Derounmu"}, {"type": "paragraph", "value": "Your wallet has been DEBITED with NGN 7057.48  for Order Payment ref: 75a40927-3462-42eb-be6e-c06e7b7c4810."}, {"type": "heading", "value": "Transaction Ref: ORDER-PYT_75a40927-3462-42eb-be6e-c06e7b7c4810"}, {"cta": "https://app.mytruq.com/wallet", "type": "button", "value": "View Your Wallet"}], "priority": "MEDIUM", "target": "USER-APP", "is_read": false, "added_on": "2021-10-22T16:51:28.680Z"}}, {"model": "notifications.usernotification", "pk": "8b5f11b4-7ae4-489b-b8dd-931198271880", "fields": {"user": "efa59874-e726-4778-a4e9-c8186f4c1661", "action_url": "/wallet", "title": "TruQ Wallet Activity", "body": null, "text_body": "Your wallet has been DEBITED with NGN 100.00  for Test wallet withdrawal no bank code in account.", "email_template": "email/activity_update.html", "email_context": [{"type": "heading", "value": "TruQ Wallet Activity"}, {"type": "paragraph", "value": "Hi, saviganga"}, {"type": "paragraph", "value": "Your wallet has been DEBITED with NGN 100.00  for Test wallet withdrawal no bank code in account."}, {"type": "heading", "value": "Transaction Ref: WITHDRAWAL_12b5d44d-0f55-44eb-8594-3e57d29a24b8"}, {"cta": "https://app.mytruq.com/wallet", "type": "button", "value": "View Your Wallet"}], "priority": "MEDIUM", "target": "USER-APP", "is_read": false, "added_on": "2021-11-01T12:37:25.043Z"}}, {"model": "notifications.usernotification", "pk": "8c36778e-c04d-4803-85e8-12a89bd206df", "fields": {"user": "09a033ba-6c35-4ac8-a3a4-169900e9191a", "action_url": "/order/163adb12-ab66-4a01-9920-15d74e34c0f4", "title": "Order OFFLOADING", "body": null, "text_body": "Your TruQ has arrived at destination. Please confirm delivery to complete the trip.", "email_template": "email/activity_update.html", "email_context": [{"type": "heading", "value": "Order OFFLOADING"}, {"type": "paragraph", "value": "Your TruQ has arrived at destination. Please confirm delivery to complete the trip."}, {"cta": "https://app.mytruq.com/track-order/163adb12-ab66-4a01-9920-15d74e34c0f4", "type": "button", "value": "Track Order"}], "priority": "LOW", "target": "USER-APP", "is_read": false, "added_on": "2021-10-03T17:14:25.777Z"}}, {"model": "notifications.usernotification", "pk": "8de611af-1cbd-40b3-9923-ce6e9c45de9d", "fields": {"user": "efa59874-e726-4778-a4e9-c8186f4c1661", "action_url": "/wallet", "title": "TruQ Wallet Activity", "body": null, "text_body": "Your wallet has been CREDITED with NGN 100.00  for Withrawal reversal.", "email_template": "email/activity_update.html", "email_context": [{"type": "heading", "value": "TruQ Wallet Activity"}, {"type": "paragraph", "value": "Hi, saviganga"}, {"type": "paragraph", "value": "Your wallet has been CREDITED with NGN 100.00  for Withrawal reversal."}, {"type": "heading", "value": "Transaction Ref: WITHRAWAL-REVERSAL_e1e1b379-d949-45e7-9068-8702143f8972"}, {"cta": "https://app.mytruq.com/wallet", "type": "button", "value": "View Your Wallet"}], "priority": "MEDIUM", "target": "USER-APP", "is_read": false, "added_on": "2021-11-01T12:37:35.695Z"}}, {"model": "notifications.usernotification", "pk": "8eb79a95-bc72-4ad2-9d08-c97fc9c153e7", "fields": {"user": "efa59874-e726-4778-a4e9-c8186f4c1661", "action_url": "/wallet", "title": "TruQ Wallet Activity", "body": null, "text_body": "Your wallet has been DEBITED with NGN 100.00  for Test wallet withdrawal no bank code in account.", "email_template": "email/activity_update.html", "email_context": [{"type": "heading", "value": "TruQ Wallet Activity"}, {"type": "paragraph", "value": "Hi, saviganga"}, {"type": "paragraph", "value": "Your wallet has been DEBITED with NGN 100.00  for Test wallet withdrawal no bank code in account."}, {"type": "heading", "value": "Transaction Ref: WITHDRAWAL_606efabf-ad0c-4823-8a54-ed3fe591db2a"}, {"cta": "https://app.mytruq.com/wallet", "type": "button", "value": "View Your Wallet"}], "priority": "MEDIUM", "target": "USER-APP", "is_read": false, "added_on": "2021-11-01T12:14:21.614Z"}}, {"model": "notifications.usernotification", "pk": "8f09c308-fe57-43d2-aa42-532ef327b746", "fields": {"user": "efa59874-e726-4778-a4e9-c8186f4c1661", "action_url": "/wallet", "title": "TruQ Wallet Activity", "body": null, "text_body": "Your wallet has been DEBITED with NGN 10.00  for Test wallet withdrawal.", "email_template": "email/activity_update.html", "email_context": [{"type": "heading", "value": "TruQ Wallet Activity"}, {"type": "paragraph", "value": "Hi, saviganga"}, {"type": "paragraph", "value": "Your wallet has been DEBITED with NGN 10.00  for Test wallet withdrawal."}, {"type": "heading", "value": "Transaction Ref: WITHDRAWAL_94cf0b63-1993-417e-94e1-16eedfcbe4e8"}, {"cta": "https://app.mytruq.com/wallet", "type": "button", "value": "View Your Wallet"}], "priority": "MEDIUM", "target": "USER-APP", "is_read": false, "added_on": "2021-10-30T12:00:33.542Z"}}, {"model": "notifications.usernotification", "pk": "8f953ba1-8e9e-4f46-aecf-56bc0467fef3", "fields": {"user": "865cfa51-0cea-4842-a315-75137c11aeab", "action_url": "/", "title": "TruQ Driver Assignment", "body": null, "text_body": "You have been assigned as a driver for: Ford mERCEDES bENZ X - STARBOY.", "email_template": "email/activity_update.html", "email_context": [{"type": "heading", "value": "TruQ Driver Assignment"}, {"type": "paragraph", "value": "You have been assigned as a driver for: Ford mERCEDES bENZ X - STARBOY."}, {"cta": "https://driver.mytruq.com/", "type": "button", "value": "Track Order"}], "priority": "MEDIUM", "target": "DRIVER-APP", "is_read": false, "added_on": "2021-10-22T16:31:02.180Z"}}, {"model": "notifications.usernotification", "pk": "8fc777ce-66b5-4ed0-a11a-12e0a51158ba", "fields": {"user": "efa59874-e726-4778-a4e9-c8186f4c1661", "action_url": "/wallet", "title": "TruQ Wallet Activity", "body": null, "text_body": "Your wallet has been DEBITED with NGN 100.00  for Test wallet withdrawal.", "email_template": "email/activity_update.html", "email_context": [{"type": "heading", "value": "TruQ Wallet Activity"}, {"type": "paragraph", "value": "Hi, saviganga"}, {"type": "paragraph", "value": "Your wallet has been DEBITED with NGN 100.00  for Test wallet withdrawal."}, {"type": "heading", "value": "Transaction Ref: WITHDRAWAL_a2c8f625-8d4c-41c7-bc4e-3157c91dadc0"}, {"cta": "https://app.mytruq.com/wallet", "type": "button", "value": "View Your Wallet"}], "priority": "MEDIUM", "target": "USER-APP", "is_read": false, "added_on": "2021-10-30T13:08:13.143Z"}}, {"model": "notifications.usernotification", "pk": "91c56ad7-5ff5-4bed-87cb-0ba0ae1d81e2", "fields": {"user": "865cfa51-0cea-4842-a315-75137c11aeab", "action_url": "/order/8c042ca5-2cd8-4189-80e6-98c0171b2180", "title": "Order ORDER ASSIGNED TO TRIP", "body": null, "text_body": "Connecting you to the closest driver right away. Track your order on: https://app.mytruq.com/track-order/8c042ca5-2cd8-4189-80e6-98c0171b2180.", "email_template": "email/activity_update.html", "email_context": [{"type": "heading", "value": "Order ORDER ASSIGNED TO TRIP"}, {"type": "paragraph", "value": "Connecting you to the closest driver right away. Track your order on: https://app.mytruq.com/track-order/8c042ca5-2cd8-4189-80e6-98c0171b2180."}, {"cta": "https://app.mytruq.com/track-order/8c042ca5-2cd8-4189-80e6-98c0171b2180", "type": "button", "value": "Track Order"}], "priority": "MEDIUM", "target": "USER-APP", "is_read": false, "added_on": "2021-10-22T16:51:40.891Z"}}, {"model": "notifications.usernotification", "pk": "92a78a7d-3cf4-4f64-9524-7e4428f94947", "fields": {"user": "efa59874-e726-4778-a4e9-c8186f4c1661", "action_url": "/wallet", "title": "TruQ Wallet Activity", "body": null, "text_body": "Your wallet has been CREDITED with NGN 10.00  for Withrawal reversal.", "email_template": "email/activity_update.html", "email_context": [{"type": "heading", "value": "TruQ Wallet Activity"}, {"type": "paragraph", "value": "Hi, saviganga"}, {"type": "paragraph", "value": "Your wallet has been CREDITED with NGN 10.00  for Withrawal reversal."}, {"type": "heading", "value": "Transaction Ref: WITHRAWAL-REVERSAL_2d7f15f5-1a28-4fb6-8215-32c009a8347c"}, {"cta": "https://app.mytruq.com/wallet", "type": "button", "value": "View Your Wallet"}], "priority": "MEDIUM", "target": "USER-APP", "is_read": false, "added_on": "2021-11-01T12:39:54.916Z"}}, {"model": "notifications.usernotification", "pk": "92d0b581-b39e-4208-81e0-43ffe5b9487b", "fields": {"user": "09a033ba-6c35-4ac8-a3a4-169900e9191a", "action_url": "/wallet", "title": "TruQ Wallet Activity", "body": null, "text_body": "Your wallet has been CREDITED with NGN 10000.00  for Wallet amount received WALLET-TOP-UP_61af2593-80f5-4b0f-a196-74e25a172fa1.", "email_template": "email/activity_update.html", "email_context": [{"type": "heading", "value": "TruQ Wallet Activity"}, {"type": "paragraph", "value": "Hi, Eby"}, {"type": "paragraph", "value": "Your wallet has been CREDITED with NGN 10000.00  for Wallet amount received WALLET-TOP-UP_61af2593-80f5-4b0f-a196-74e25a172fa1."}, {"type": "heading", "value": "Transaction Ref: WALLET-TOP-UP_61af2593-80f5-4b0f-a196-74e25a172fa1"}, {"cta": "https://app.mytruq.com/wallet", "type": "button", "value": "View Your Wallet"}], "priority": "MEDIUM", "target": "USER-APP", "is_read": false, "added_on": "2021-10-12T07:24:44.233Z"}}, {"model": "notifications.usernotification", "pk": "93d1bb0a-0394-43e3-b613-c20f57a23bb7", "fields": {"user": "efa59874-e726-4778-a4e9-c8186f4c1661", "action_url": "/wallet", "title": "TruQ Wallet Activity", "body": null, "text_body": "Your wallet has been DEBITED with NGN 100.00  for Test wallet withdrawal.", "email_template": "email/activity_update.html", "email_context": [{"type": "heading", "value": "TruQ Wallet Activity"}, {"type": "paragraph", "value": "Hi, saviganga"}, {"type": "paragraph", "value": "Your wallet has been DEBITED with NGN 100.00  for Test wallet withdrawal."}, {"type": "heading", "value": "Transaction Ref: WITHDRAWAL_febfc69c-a268-40e7-a82a-fbd2ba857977"}, {"cta": "https://app.mytruq.com/wallet", "type": "button", "value": "View Your Wallet"}], "priority": "MEDIUM", "target": "USER-APP", "is_read": false, "added_on": "2021-10-30T12:55:34.650Z"}}, {"model": "notifications.usernotification", "pk": "94eae27b-1c6d-421c-83d9-1e1c0cbdc2b3", "fields": {"user": "efa59874-e726-4778-a4e9-c8186f4c1661", "action_url": "/order/384d5d4b-6760-49c3-8adf-e2bd19ccfc9d", "title": "Order INITIATED", "body": null, "text_body": "Hi saviganga, a TruQ order has been booked for you by Eby, please get payment link from the agent.", "email_template": "email/activity_update.html", "email_context": [{"type": "heading", "value": "Order INITIATED"}, {"type": "paragraph", "value": "Hi saviganga, a TruQ order has been booked for you by Eby, please get payment link from the agent."}, {"cta": "https://app.mytruq.com/track-order/384d5d4b-6760-49c3-8adf-e2bd19ccfc9d", "type": "button", "value": "Track Order"}], "priority": "LOW", "target": "USER-APP", "is_read": false, "added_on": "2021-09-14T14:44:03.897Z"}}, {"model": "notifications.usernotification", "pk": "95df9c1d-74f0-4799-b47c-ce404633409c", "fields": {"user": "efa59874-e726-4778-a4e9-c8186f4c1661", "action_url": "/wallet", "title": "TruQ Wallet Activity", "body": null, "text_body": "Your wallet has been DEBITED with NGN 100.00  for Test wallet withdrawal.", "email_template": "email/activity_update.html", "email_context": [{"type": "heading", "value": "TruQ Wallet Activity"}, {"type": "paragraph", "value": "Hi, saviganga"}, {"type": "paragraph", "value": "Your wallet has been DEBITED with NGN 100.00  for Test wallet withdrawal."}, {"type": "heading", "value": "Transaction Ref: WITHDRAWAL_3c72b316-d7c3-4fdb-b631-f99fafa18445"}, {"cta": "https://app.mytruq.com/wallet", "type": "button", "value": "View Your Wallet"}], "priority": "MEDIUM", "target": "USER-APP", "is_read": false, "added_on": "2021-10-30T11:24:32.544Z"}}, {"model": "notifications.usernotification", "pk": "968db7f1-fed3-4cc7-b41f-c666100be253", "fields": {"user": "efa59874-e726-4778-a4e9-c8186f4c1661", "action_url": "/wallet", "title": "TruQ Wallet Activity", "body": null, "text_body": "Your wallet has been DEBITED with NGN 10.00  for Test wallet withdrawal.", "email_template": "email/activity_update.html", "email_context": [{"type": "heading", "value": "TruQ Wallet Activity"}, {"type": "paragraph", "value": "Hi, saviganga"}, {"type": "paragraph", "value": "Your wallet has been DEBITED with NGN 10.00  for Test wallet withdrawal."}, {"type": "heading", "value": "Transaction Ref: WITHDRAWAL_9ad1a0c0-aaa9-4dd2-a23a-8d264deb118f"}, {"cta": "https://app.mytruq.com/wallet", "type": "button", "value": "View Your Wallet"}], "priority": "MEDIUM", "target": "USER-APP", "is_read": false, "added_on": "2021-10-30T11:56:27.578Z"}}, {"model": "notifications.usernotification", "pk": "9810a820-fcdb-4abc-9bde-942dc1ceee1a", "fields": {"user": "09a033ba-6c35-4ac8-a3a4-169900e9191a", "action_url": "/order/6be790e7-f3ae-41e1-9efe-49a6e9c9462a", "title": "Order INITIATED", "body": null, "text_body": "Hi Eby, a TruQ order has been booked for you by saviganga, please get payment link from the agent.", "email_template": "email/activity_update.html", "email_context": [{"type": "heading", "value": "Order INITIATED"}, {"type": "paragraph", "value": "Hi Eby, a TruQ order has been booked for you by saviganga, please get payment link from the agent."}, {"cta": "https://app.mytruq.com/track-order/6be790e7-f3ae-41e1-9efe-49a6e9c9462a", "type": "button", "value": "Track Order"}], "priority": "LOW", "target": "USER-APP", "is_read": false, "added_on": "2021-09-13T09:11:37.412Z"}}, {"model": "notifications.usernotification", "pk": "988eb5aa-5a6b-4bbc-8d38-dcbf06600a27", "fields": {"user": "efa59874-e726-4778-a4e9-c8186f4c1661", "action_url": "/wallet", "title": "TruQ Wallet Activity", "body": null, "text_body": "Your wallet has been DEBITED with NGN 100.00  for Test wallet withdrawal.", "email_template": "email/activity_update.html", "email_context": [{"type": "heading", "value": "TruQ Wallet Activity"}, {"type": "paragraph", "value": "Hi, saviganga"}, {"type": "paragraph", "value": "Your wallet has been DEBITED with NGN 100.00  for Test wallet withdrawal."}, {"type": "heading", "value": "Transaction Ref: WITHDRAWAL_1c3a5fad-dc23-4c07-b292-cc5f1904ef8f"}, {"cta": "https://app.mytruq.com/wallet", "type": "button", "value": "View Your Wallet"}], "priority": "MEDIUM", "target": "USER-APP", "is_read": false, "added_on": "2021-11-01T11:27:18.167Z"}}, {"model": "notifications.usernotification", "pk": "9907cb8b-3902-48d3-b812-7427efe29f3a", "fields": {"user": "efa59874-e726-4778-a4e9-c8186f4c1661", "action_url": "/order/384d5d4b-6760-49c3-8adf-e2bd19ccfc9d", "title": "Order LOADING", "body": null, "text_body": "Your TruQ driver has arrived for pick-up.", "email_template": "email/activity_update.html", "email_context": [{"type": "heading", "value": "Order LOADING"}, {"type": "paragraph", "value": "Your TruQ driver has arrived for pick-up."}, {"cta": "https://app.mytruq.com/track-order/384d5d4b-6760-49c3-8adf-e2bd19ccfc9d", "type": "button", "value": "Track Order"}], "priority": "LOW", "target": "USER-APP", "is_read": false, "added_on": "2021-09-20T14:43:59.723Z"}}, {"model": "notifications.usernotification", "pk": "9ae982b5-dadb-4a05-a1f0-801bd20569ad", "fields": {"user": "67e6e51a-7014-49f4-b4c3-e703f4bb839e", "action_url": "/order/b7ace6a1-4420-49f1-a352-b4e896677d32", "title": "Order INITIATED", "body": null, "text_body": "Your truQ order has been booked successfully, please proceed to payment.", "email_template": "email/activity_update.html", "email_context": [{"type": "heading", "value": "Order INITIATED"}, {"type": "paragraph", "value": "Your truQ order has been booked successfully, please proceed to payment."}, {"cta": "https://app.mytruq.com/track-order/b7ace6a1-4420-49f1-a352-b4e896677d32", "type": "button", "value": "Track Order"}], "priority": "LOW", "target": "USER-APP", "is_read": false, "added_on": "2021-10-08T16:42:33.656Z"}}, {"model": "notifications.usernotification", "pk": "9c31363b-31dc-4daf-a393-7f692b35456c", "fields": {"user": "efa59874-e726-4778-a4e9-c8186f4c1661", "action_url": "/order/f75a0ef8-68e7-4fcb-800f-30898c2371c4", "title": "Order INITIATED", "body": null, "text_body": "Your truQ order has been booked successfully, please proceed to payment.", "email_template": "email/activity_update.html", "email_context": [{"type": "heading", "value": "Order INITIATED"}, {"type": "paragraph", "value": "Your truQ order has been booked successfully, please proceed to payment."}, {"cta": "https://app.mytruq.com/track-order/f75a0ef8-68e7-4fcb-800f-30898c2371c4", "type": "button", "value": "Track Order"}], "priority": "LOW", "target": "USER-APP", "is_read": false, "added_on": "2021-09-13T09:05:38.752Z"}}, {"model": "notifications.usernotification", "pk": "9d856dd1-a7ec-4440-8ec2-1fac5fca9b97", "fields": {"user": "efa59874-e726-4778-a4e9-c8186f4c1661", "action_url": "/wallet", "title": "TruQ Wallet Activity", "body": null, "text_body": "Your wallet has been DEBITED with NGN 100.00  for Test wallet withdrawal.", "email_template": "email/activity_update.html", "email_context": [{"type": "heading", "value": "TruQ Wallet Activity"}, {"type": "paragraph", "value": "Hi, saviganga"}, {"type": "paragraph", "value": "Your wallet has been DEBITED with NGN 100.00  for Test wallet withdrawal."}, {"type": "heading", "value": "Transaction Ref: WITHDRAWAL_ef22362a-b146-4a37-9444-7b7d26a868c3"}, {"cta": "https://app.mytruq.com/wallet", "type": "button", "value": "View Your Wallet"}], "priority": "MEDIUM", "target": "USER-APP", "is_read": false, "added_on": "2021-10-30T11:17:38.224Z"}}, {"model": "notifications.usernotification", "pk": "9e25e301-93b3-478c-b258-177f1a13faaa", "fields": {"user": "5585d6b9-d98a-4e71-a83e-ed026dd49e34", "action_url": "/order/4106945e-d854-49fd-b813-26f770550493", "title": "Order DISPUTED", "body": null, "text_body": "Order changed to DISPUTED by Cynthia Berry (+2348164597176).", "email_template": "email/activity_update.html", "email_context": [{"type": "heading", "value": "Order DISPUTED"}, {"type": "paragraph", "value": "Order changed to DISPUTED by Cynthia Berry (+2348164597176)."}, {"cta": "https://app.mytruq.com/track-order/4106945e-d854-49fd-b813-26f770550493", "type": "button", "value": "Track Order"}], "priority": "LOW", "target": "USER-APP", "is_read": false, "added_on": "2021-09-16T18:18:43.275Z"}}, {"model": "notifications.usernotification", "pk": "9f4ab43d-71f5-43e6-987e-4863d750e041", "fields": {"user": "09a033ba-6c35-4ac8-a3a4-169900e9191a", "action_url": "/order/a17a291d-d41b-4f2f-9e39-4c764f4c292b", "title": "Order INITIATED", "body": null, "text_body": "Your truQ order has been booked successfully, please proceed to payment.", "email_template": "email/activity_update.html", "email_context": [{"type": "heading", "value": "Order INITIATED"}, {"type": "paragraph", "value": "Your truQ order has been booked successfully, please proceed to payment."}, {"cta": "https://app.mytruq.com/track-order/a17a291d-d41b-4f2f-9e39-4c764f4c292b", "type": "button", "value": "Track Order"}], "priority": "LOW", "target": "USER-APP", "is_read": false, "added_on": "2021-09-15T11:31:15.812Z"}}, {"model": "notifications.usernotification", "pk": "9fba6ff8-01b1-4045-9dde-89ceb585bd3a", "fields": {"user": "efa59874-e726-4778-a4e9-c8186f4c1661", "action_url": "/order/67f61f4f-39fc-414f-8063-510cbc7bf006", "title": "Order ORDER PAYMENT RECEIVED", "body": null, "text_body": "Received payment of NGN 4000.00 for Order #81506055-94fc-41cb-ba2c-89c04bdda680 !", "email_template": "email/activity_update.html", "email_context": [{"type": "heading", "value": "Order ORDER PAYMENT RECEIVED"}, {"type": "paragraph", "value": "Received payment of NGN 4000.00 for Order #81506055-94fc-41cb-ba2c-89c04bdda680 !"}, {"cta": "https://app.mytruq.com/track-order/67f61f4f-39fc-414f-8063-510cbc7bf006", "type": "button", "value": "Track Order"}], "priority": "HIGH", "target": "USER-APP", "is_read": false, "added_on": "2021-09-14T15:40:57.167Z"}}, {"model": "notifications.usernotification", "pk": "a27e84d7-06f8-43d7-8406-1c7c2f1cd60b", "fields": {"user": "efa59874-e726-4778-a4e9-c8186f4c1661", "action_url": "/order/90708dd8-4134-459c-97d6-b3095818c8e8", "title": "Order INITIATED", "body": null, "text_body": "Your truQ order has been booked successfully, please proceed to payment.", "email_template": "email/activity_update.html", "email_context": [{"type": "heading", "value": "Order INITIATED"}, {"type": "paragraph", "value": "Your truQ order has been booked successfully, please proceed to payment."}, {"cta": "https://app.mytruq.com/track-order/90708dd8-4134-459c-97d6-b3095818c8e8", "type": "button", "value": "Track Order"}], "priority": "LOW", "target": "USER-APP", "is_read": false, "added_on": "2021-09-12T15:19:34.315Z"}}, {"model": "notifications.usernotification", "pk": "a293bf67-324b-4ce7-b1c8-f09cb3574632", "fields": {"user": "09a033ba-6c35-4ac8-a3a4-169900e9191a", "action_url": "/order/d2c91e39-2967-459a-a492-7f82d78041cf", "title": "Order INITIATED", "body": null, "text_body": "Your truQ order has been booked successfully, please proceed to payment.", "email_template": "email/activity_update.html", "email_context": [{"type": "heading", "value": "Order INITIATED"}, {"type": "paragraph", "value": "Your truQ order has been booked successfully, please proceed to payment."}, {"cta": "https://app.mytruq.com/track-order/d2c91e39-2967-459a-a492-7f82d78041cf", "type": "button", "value": "Track Order"}], "priority": "LOW", "target": "USER-APP", "is_read": false, "added_on": "2021-09-21T11:48:58.499Z"}}, {"model": "notifications.usernotification", "pk": "a3334a79-5d94-4e90-80cd-246f8b2422bd", "fields": {"user": "efa59874-e726-4778-a4e9-c8186f4c1661", "action_url": "/order/cccb9df1-7e35-4333-945a-1700d04d2cc2", "title": "INITIATED", "body": null, "text_body": "Your truQ order has been booked successfully, please proceed to payment.", "email_template": "email/activity_update.html", "email_context": [{"type": "heading", "value": "INITIATED"}, {"type": "paragraph", "value": "Your truQ order has been booked successfully, please proceed to payment."}, {"cta": "https://app.mytruq.com/track-order/cccb9df1-7e35-4333-945a-1700d04d2cc2", "type": "button", "value": "Track Order"}], "priority": "LOW", "target": "USER-APP", "is_read": false, "added_on": "2021-10-29T21:13:46.859Z"}}, {"model": "notifications.usernotification", "pk": "a4435244-f209-47f3-bf79-0f143c2c287a", "fields": {"user": "efa59874-e726-4778-a4e9-c8186f4c1661", "action_url": "/wallet", "title": "TruQ Wallet Activity", "body": null, "text_body": "Your wallet has been DEBITED with NGN 1.00  for wallet withdrawal test.", "email_template": "email/activity_update.html", "email_context": [{"type": "heading", "value": "TruQ Wallet Activity"}, {"type": "paragraph", "value": "Hi, saviganga"}, {"type": "paragraph", "value": "Your wallet has been DEBITED with NGN 1.00  for wallet withdrawal test."}, {"type": "heading", "value": "Transaction Ref: WALLET_WIHDRAWAL_<function uuid4 at 0x7f6e1ad8c0d0>"}, {"cta": "https://app.mytruq.com/wallet", "type": "button", "value": "View Your Wallet"}], "priority": "MEDIUM", "target": "USER-APP", "is_read": false, "added_on": "2021-10-30T09:13:54.376Z"}}, {"model": "notifications.usernotification", "pk": "a55dc049-8ce1-4dab-bbff-61a24c813334", "fields": {"user": "efa59874-e726-4778-a4e9-c8186f4c1661", "action_url": "/wallet", "title": "TruQ Wallet Activity", "body": null, "text_body": "Your wallet has been DEBITED with NGN 10.00  for Test wallet withdrawal.", "email_template": "email/activity_update.html", "email_context": [{"type": "heading", "value": "TruQ Wallet Activity"}, {"type": "paragraph", "value": "Hi, saviganga"}, {"type": "paragraph", "value": "Your wallet has been DEBITED with NGN 10.00  for Test wallet withdrawal."}, {"type": "heading", "value": "Transaction Ref: WITHDRAWAL_fc85a8c2-7699-42f9-b71a-e4b6780285b6"}, {"cta": "https://app.mytruq.com/wallet", "type": "button", "value": "View Your Wallet"}], "priority": "MEDIUM", "target": "USER-APP", "is_read": false, "added_on": "2021-10-30T12:53:44.038Z"}}, {"model": "notifications.usernotification", "pk": "a6174b1d-54c2-4d81-b5f9-b9acfa869077", "fields": {"user": "cb6036ee-8329-47d2-aaf9-8ab20dc795b0", "action_url": "/order/5ac7b574-6e9e-4401-a19e-f12fc86ea460", "title": "Order INITIATED", "body": null, "text_body": "Your truQ order has been booked successfully, please proceed to payment.", "email_template": "email/activity_update.html", "email_context": [{"type": "heading", "value": "Order INITIATED"}, {"type": "paragraph", "value": "Your truQ order has been booked successfully, please proceed to payment."}, {"cta": "https://app.mytruq.com/track-order/5ac7b574-6e9e-4401-a19e-f12fc86ea460", "type": "button", "value": "Track Order"}], "priority": "LOW", "target": "USER-APP", "is_read": false, "added_on": "2021-09-13T10:01:01.704Z"}}, {"model": "notifications.usernotification", "pk": "aa73b34a-14de-423b-9106-41bec400dca5", "fields": {"user": "f6c2efbd-d06b-48f1-8a2d-63f645a540d8", "action_url": "/order/f4f53d57-4317-454b-b0c6-53adf54cc608", "title": "Order INITIATED", "body": null, "text_body": "Hi Lola Bright, a TruQ order has been booked for you by Foluso, please get payment link from the agent.", "email_template": "email/activity_update.html", "email_context": [{"type": "heading", "value": "Order INITIATED"}, {"type": "paragraph", "value": "Hi Lola Bright, a TruQ order has been booked for you by Foluso, please get payment link from the agent."}, {"cta": "https://app.mytruq.com/track-order/f4f53d57-4317-454b-b0c6-53adf54cc608", "type": "button", "value": "Track Order"}], "priority": "LOW", "target": "USER-APP", "is_read": false, "added_on": "2021-09-15T16:45:09.333Z"}}, {"model": "notifications.usernotification", "pk": "aaf212a6-1724-41a3-9ab5-fad9864f6e82", "fields": {"user": "09a033ba-6c35-4ac8-a3a4-169900e9191a", "action_url": "/order/a17a291d-d41b-4f2f-9e39-4c764f4c292b", "title": "Order LOADING", "body": null, "text_body": "Your TruQ driver has arrived for pick-up.", "email_template": "email/activity_update.html", "email_context": [{"type": "heading", "value": "Order LOADING"}, {"type": "paragraph", "value": "Your TruQ driver has arrived for pick-up."}, {"cta": "https://app.mytruq.com/track-order/a17a291d-d41b-4f2f-9e39-4c764f4c292b", "type": "button", "value": "Track Order"}], "priority": "LOW", "target": "USER-APP", "is_read": false, "added_on": "2021-09-15T12:14:43.352Z"}}, {"model": "notifications.usernotification", "pk": "ab08c0aa-ec2c-4f45-9466-6c30cb668dd2", "fields": {"user": "efa59874-e726-4778-a4e9-c8186f4c1661", "action_url": "/order/67f61f4f-39fc-414f-8063-510cbc7bf006", "title": "Order ORDER ASSIGNED TO TRIP", "body": null, "text_body": "Connecting you to the closest driver right away. Track your order on: https://app.mytruq.com/track-order/67f61f4f-39fc-414f-8063-510cbc7bf006.", "email_template": "email/activity_update.html", "email_context": [{"type": "heading", "value": "Order ORDER ASSIGNED TO TRIP"}, {"type": "paragraph", "value": "Connecting you to the closest driver right away. Track your order on: https://app.mytruq.com/track-order/67f61f4f-39fc-414f-8063-510cbc7bf006."}, {"cta": "https://app.mytruq.com/track-order/67f61f4f-39fc-414f-8063-510cbc7bf006", "type": "button", "value": "Track Order"}], "priority": "HIGH", "target": "USER-APP", "is_read": false, "added_on": "2021-09-14T15:40:56.233Z"}}, {"model": "notifications.usernotification", "pk": "ab9f0853-1bd6-4373-8970-b30011dbac2d", "fields": {"user": "cbe295b9-830e-45df-8a80-537fddc2f63f", "action_url": "/order/4107cb38-f168-4a58-a5ab-90543f47774b", "title": "Order IN-TRANSIT", "body": null, "text_body": "Your TruQ is now heading to drop-off.", "email_template": "email/activity_update.html", "email_context": [{"type": "heading", "value": "Order IN-TRANSIT"}, {"type": "paragraph", "value": "Your TruQ is now heading to drop-off."}, {"cta": "https://app.mytruq.com/track-order/4107cb38-f168-4a58-a5ab-90543f47774b", "type": "button", "value": "Track Order"}], "priority": "LOW", "target": "USER-APP", "is_read": false, "added_on": "2021-10-03T16:17:03.050Z"}}, {"model": "notifications.usernotification", "pk": "acc9d939-f040-462c-af72-d300ea6387b4", "fields": {"user": "09a033ba-6c35-4ac8-a3a4-169900e9191a", "action_url": "/", "title": "TruQ Driver Assignment", "body": null, "text_body": "You have been assigned as a driver for: BMW A-class - 1234567.", "email_template": "email/activity_update.html", "email_context": [{"type": "heading", "value": "TruQ Driver Assignment"}, {"type": "paragraph", "value": "You have been assigned as a driver for: BMW A-class - 1234567."}, {"cta": "https://driver.mytruq.com/", "type": "button", "value": "Track Order"}], "priority": "MEDIUM", "target": "DRIVER-APP", "is_read": false, "added_on": "2021-09-20T14:41:00.643Z"}}, {"model": "notifications.usernotification", "pk": "b09b5893-3732-4fea-8fa8-df43d0340cd9", "fields": {"user": "67e6e51a-7014-49f4-b4c3-e703f4bb839e", "action_url": "/order/aca4e7cc-ef26-4d85-bed9-d441fb2d5e9a", "title": "Order INITIATED", "body": null, "text_body": "Your truQ order has been booked successfully, please proceed to payment.", "email_template": "email/activity_update.html", "email_context": [{"type": "heading", "value": "Order INITIATED"}, {"type": "paragraph", "value": "Your truQ order has been booked successfully, please proceed to payment."}, {"cta": "https://app.mytruq.com/track-order/aca4e7cc-ef26-4d85-bed9-d441fb2d5e9a", "type": "button", "value": "Track Order"}], "priority": "LOW", "target": "USER-APP", "is_read": false, "added_on": "2021-09-13T09:40:06.514Z"}}, {"model": "notifications.usernotification", "pk": "b103df53-f2dc-47be-9ff3-55cff3159637", "fields": {"user": "efa59874-e726-4778-a4e9-c8186f4c1661", "action_url": "/order/384d5d4b-6760-49c3-8adf-e2bd19ccfc9d", "title": "Order IN-TRANSIT", "body": null, "text_body": "Your TruQ is now heading to drop-off.", "email_template": "email/activity_update.html", "email_context": [{"type": "heading", "value": "Order IN-TRANSIT"}, {"type": "paragraph", "value": "Your TruQ is now heading to drop-off."}, {"cta": "https://app.mytruq.com/track-order/384d5d4b-6760-49c3-8adf-e2bd19ccfc9d", "type": "button", "value": "Track Order"}], "priority": "LOW", "target": "USER-APP", "is_read": false, "added_on": "2021-10-03T16:38:46.578Z"}}, {"model": "notifications.usernotification", "pk": "b1ad8180-5a89-4832-9bf2-6ae7782405aa", "fields": {"user": "efa59874-e726-4778-a4e9-c8186f4c1661", "action_url": "/wallet", "title": "TruQ Wallet Activity", "body": null, "text_body": "Your wallet has been DEBITED with NGN 10.00  for Test wallet withdrawal.", "email_template": "email/activity_update.html", "email_context": [{"type": "heading", "value": "TruQ Wallet Activity"}, {"type": "paragraph", "value": "Hi, saviganga"}, {"type": "paragraph", "value": "Your wallet has been DEBITED with NGN 10.00  for Test wallet withdrawal."}, {"type": "heading", "value": "Transaction Ref: WITHDRAWAL_6ea063eb-b208-432f-a15a-eb52dea5a5cf"}, {"cta": "https://app.mytruq.com/wallet", "type": "button", "value": "View Your Wallet"}], "priority": "MEDIUM", "target": "USER-APP", "is_read": false, "added_on": "2021-10-30T12:06:30.992Z"}}, {"model": "notifications.usernotification", "pk": "b1c9b55f-507f-4184-a987-78af42900e23", "fields": {"user": "865cfa51-0cea-4842-a315-75137c11aeab", "action_url": "/order/4d4edfb4-6e79-4e53-a341-1ab41af0e4f6", "title": "INITIATED", "body": null, "text_body": "Your truQ order has been booked successfully, please proceed to payment.", "email_template": "email/activity_update.html", "email_context": [{"type": "heading", "value": "INITIATED"}, {"type": "paragraph", "value": "Your truQ order has been booked successfully, please proceed to payment."}, {"cta": "https://app.mytruq.com/track-order/4d4edfb4-6e79-4e53-a341-1ab41af0e4f6", "type": "button", "value": "Track Order"}], "priority": "LOW", "target": "USER-APP", "is_read": false, "added_on": "2021-10-29T10:35:27.179Z"}}, {"model": "notifications.usernotification", "pk": "b209dfa7-636b-47ef-973f-2d3637d5c5c9", "fields": {"user": "efa59874-e726-4778-a4e9-c8186f4c1661", "action_url": "/wallet", "title": "TruQ Wallet Activity", "body": null, "text_body": "Your wallet has been DEBITED with NGN 100.00  for Test wallet withdrawal no bank code in account.", "email_template": "email/activity_update.html", "email_context": [{"type": "heading", "value": "TruQ Wallet Activity"}, {"type": "paragraph", "value": "Hi, saviganga"}, {"type": "paragraph", "value": "Your wallet has been DEBITED with NGN 100.00  for Test wallet withdrawal no bank code in account."}, {"type": "heading", "value": "Transaction Ref: WITHDRAWAL_c9baa6d7-c8e8-47d1-bffc-175e9c7650cf"}, {"cta": "https://app.mytruq.com/wallet", "type": "button", "value": "View Your Wallet"}], "priority": "MEDIUM", "target": "USER-APP", "is_read": false, "added_on": "2021-11-01T12:30:16.527Z"}}, {"model": "notifications.usernotification", "pk": "b6b30197-8e17-4561-9f14-812dc5f0ad5a", "fields": {"user": "efa59874-e726-4778-a4e9-c8186f4c1661", "action_url": "/wallet", "title": "TruQ Wallet Activity", "body": null, "text_body": "Your wallet has been DEBITED with NGN 10.00  for Test wallet withdrawal.", "email_template": "email/activity_update.html", "email_context": [{"type": "heading", "value": "TruQ Wallet Activity"}, {"type": "paragraph", "value": "Hi, saviganga"}, {"type": "paragraph", "value": "Your wallet has been DEBITED with NGN 10.00  for Test wallet withdrawal."}, {"type": "heading", "value": "Transaction Ref: WITHDRAWAL_07c8cf27-379b-4c38-9b7a-b2b3245d7b61"}, {"cta": "https://app.mytruq.com/wallet", "type": "button", "value": "View Your Wallet"}], "priority": "MEDIUM", "target": "USER-APP", "is_read": false, "added_on": "2021-10-30T12:35:44.548Z"}}, {"model": "notifications.usernotification", "pk": "b72b3e5a-f4be-4a2b-9c98-3e1d3bd96665", "fields": {"user": "09a033ba-6c35-4ac8-a3a4-169900e9191a", "action_url": "/order/163adb12-ab66-4a01-9920-15d74e34c0f4", "title": "Order MATCHED", "body": null, "text_body": "Order changed to MATCHED by Isaac Chikutukutu (+27738692207).", "email_template": "email/activity_update.html", "email_context": [{"type": "heading", "value": "Order MATCHED"}, {"type": "paragraph", "value": "Order changed to MATCHED by Isaac Chikutukutu (+27738692207)."}, {"cta": "https://app.mytruq.com/track-order/163adb12-ab66-4a01-9920-15d74e34c0f4", "type": "button", "value": "Track Order"}], "priority": "LOW", "target": "USER-APP", "is_read": false, "added_on": "2021-10-03T17:14:05.265Z"}}, {"model": "notifications.usernotification", "pk": "bdec85de-3405-435f-a182-0a6a412126cb", "fields": {"user": "aed3f7cf-c920-4b97-8ac4-e307f127d038", "action_url": "/order/18472b83-ae28-4801-9367-db58ec2db717", "title": "Order INITIATED", "body": null, "text_body": "Hi truQ User, a TruQ order has been booked for you by Williams, please get payment link from the agent.", "email_template": "email/activity_update.html", "email_context": [{"type": "heading", "value": "Order INITIATED"}, {"type": "paragraph", "value": "Hi truQ User, a TruQ order has been booked for you by Williams, please get payment link from the agent."}, {"cta": "https://app.mytruq.com/track-order/18472b83-ae28-4801-9367-db58ec2db717", "type": "button", "value": "Track Order"}], "priority": "LOW", "target": "USER-APP", "is_read": false, "added_on": "2021-09-14T16:20:46.493Z"}}, {"model": "notifications.usernotification", "pk": "be148b8c-b08f-46ac-8744-3d7b56c58f5f", "fields": {"user": "5585d6b9-d98a-4e71-a83e-ed026dd49e34", "action_url": "/order/4106945e-d854-49fd-b813-26f770550493", "title": "Order IN-TRANSIT", "body": null, "text_body": "Your TruQ is now heading to drop-off.", "email_template": "email/activity_update.html", "email_context": [{"type": "heading", "value": "Order IN-TRANSIT"}, {"type": "paragraph", "value": "Your TruQ is now heading to drop-off."}, {"cta": "https://app.mytruq.com/track-order/4106945e-d854-49fd-b813-26f770550493", "type": "button", "value": "Track Order"}], "priority": "LOW", "target": "USER-APP", "is_read": false, "added_on": "2021-09-16T18:18:28.559Z"}}, {"model": "notifications.usernotification", "pk": "bee8f4c0-6dfb-4f42-afec-fcc5ff63cad2", "fields": {"user": "2de5f7a9-929a-4f6e-9a71-ff91694c167d", "action_url": "/vehicle/43424bdd-13fb-4c82-ab4b-ddd67e4906a5", "title": "TruQ Driver Assignment", "body": null, "text_body": "You have been assigned as a driver for: Mercedes Benz mERCEDES bENZ X - BIG WIZ.", "email_template": "email/activity_update.html", "email_context": [{"type": "heading", "value": "TruQ Driver Assignment"}, {"type": "paragraph", "value": "You have been assigned as a driver for: Mercedes Benz mERCEDES bENZ X - BIG WIZ."}, {"cta": "https://driver.mytruq.com/", "type": "button", "value": "Track Order"}], "priority": "MEDIUM", "target": "DRIVER-APP", "is_read": false, "added_on": "2021-10-28T12:30:48.623Z"}}, {"model": "notifications.usernotification", "pk": "c0cc485e-b66b-40ac-b981-3462d4b65b72", "fields": {"user": "efa59874-e726-4778-a4e9-c8186f4c1661", "action_url": "/wallet", "title": "TruQ Wallet Activity", "body": null, "text_body": "Your wallet has been DEBITED with NGN 1000.00  for Test wallet withdrawal.", "email_template": "email/activity_update.html", "email_context": [{"type": "heading", "value": "TruQ Wallet Activity"}, {"type": "paragraph", "value": "Hi, saviganga"}, {"type": "paragraph", "value": "Your wallet has been DEBITED with NGN 1000.00  for Test wallet withdrawal."}, {"type": "heading", "value": "Transaction Ref: WITHDRAWAL_435069be-6a59-41be-9d0d-f42368099fcc"}, {"cta": "https://app.mytruq.com/wallet", "type": "button", "value": "View Your Wallet"}], "priority": "MEDIUM", "target": "USER-APP", "is_read": false, "added_on": "2021-10-30T12:36:21.575Z"}}, {"model": "notifications.usernotification", "pk": "c1d53fb0-779e-409e-bdee-d1fe18a9ac40", "fields": {"user": "865cfa51-0cea-4842-a315-75137c11aeab", "action_url": "/wallet", "title": "TruQ Wallet Activity", "body": null, "text_body": "Your wallet has been CREDITED with NGN 8000.00  for test manual credit.", "email_template": "email/activity_update.html", "email_context": [{"type": "heading", "value": "TruQ Wallet Activity"}, {"type": "paragraph", "value": "Hi, Derounmu"}, {"type": "paragraph", "value": "Your wallet has been CREDITED with NGN 8000.00  for test manual credit."}, {"type": "heading", "value": "Transaction Ref: MANUAL-CREDIT_7cebb402-b9e3-4ea2-bc67-a0f58a3f7dab"}, {"cta": "https://app.mytruq.com/wallet", "type": "button", "value": "View Your Wallet"}], "priority": "MEDIUM", "target": "USER-APP", "is_read": false, "added_on": "2021-10-22T16:46:51.361Z"}}, {"model": "notifications.usernotification", "pk": "c270b5a1-0d8c-490b-bb12-fc9ca24daa4c", "fields": {"user": "865cfa51-0cea-4842-a315-75137c11aeab", "action_url": "/order/0b928165-9a92-4cbb-9064-6a39b2328232", "title": "INITIATED", "body": null, "text_body": "Your truQ order has been booked successfully, please proceed to payment.", "email_template": "email/activity_update.html", "email_context": [{"type": "heading", "value": "INITIATED"}, {"type": "paragraph", "value": "Your truQ order has been booked successfully, please proceed to payment."}, {"cta": "https://app.mytruq.com/track-order/0b928165-9a92-4cbb-9064-6a39b2328232", "type": "button", "value": "Track Order"}], "priority": "LOW", "target": "USER-APP", "is_read": false, "added_on": "2021-10-29T10:39:24.380Z"}}, {"model": "notifications.usernotification", "pk": "c62227d6-0edd-4ac2-a4e7-934527b2ab5c", "fields": {"user": "efa59874-e726-4778-a4e9-c8186f4c1661", "action_url": "/order/23fe8af8-bfb6-4bbf-ad6c-f7e7d952dfab", "title": "Order ORDER PAYMENT RECEIVED", "body": null, "text_body": "Received payment of NGN 4000.00 for Order #92b55d16-cb74-4a04-8191-8f21793f72fc !", "email_template": "email/activity_update.html", "email_context": [{"type": "heading", "value": "Order ORDER PAYMENT RECEIVED"}, {"type": "paragraph", "value": "Received payment of NGN 4000.00 for Order #92b55d16-cb74-4a04-8191-8f21793f72fc !"}, {"cta": "https://app.mytruq.com/track-order/23fe8af8-bfb6-4bbf-ad6c-f7e7d952dfab", "type": "button", "value": "Track Order"}], "priority": "HIGH", "target": "USER-APP", "is_read": false, "added_on": "2021-09-13T08:38:21.328Z"}}, {"model": "notifications.usernotification", "pk": "c64af42e-99cb-4f3f-85bd-f1b2b6baf2e1", "fields": {"user": "8919976a-254a-4553-80a6-c264666e7034", "action_url": "/order/89ecda47-6a66-4d02-98aa-79e8fd0a5b95", "title": "Order INITIATED", "body": null, "text_body": "Hi Wale Fatayo, a TruQ order has been booked for you by Williams, please get payment link from the agent.", "email_template": "email/activity_update.html", "email_context": [{"type": "heading", "value": "Order INITIATED"}, {"type": "paragraph", "value": "Hi Wale Fatayo, a TruQ order has been booked for you by Williams, please get payment link from the agent."}, {"cta": "https://app.mytruq.com/track-order/89ecda47-6a66-4d02-98aa-79e8fd0a5b95", "type": "button", "value": "Track Order"}], "priority": "LOW", "target": "USER-APP", "is_read": false, "added_on": "2021-09-15T18:34:05.588Z"}}, {"model": "notifications.usernotification", "pk": "c6c09ad4-07d0-49ad-98c1-9f528b07c5c5", "fields": {"user": "efa59874-e726-4778-a4e9-c8186f4c1661", "action_url": "/order/cccb9df1-7e35-4333-945a-1700d04d2cc2", "title": "ORDER ASSIGNED TO TRIP", "body": null, "text_body": "Connecting you to the closest driver right away. Track your order on: https://app.mytruq.com/track-order/cccb9df1-7e35-4333-945a-1700d04d2cc2.", "email_template": "email/activity_update.html", "email_context": [{"type": "heading", "value": "ORDER ASSIGNED TO TRIP"}, {"type": "paragraph", "value": "Connecting you to the closest driver right away. Track your order on: https://app.mytruq.com/track-order/cccb9df1-7e35-4333-945a-1700d04d2cc2."}, {"cta": "https://app.mytruq.com/track-order/cccb9df1-7e35-4333-945a-1700d04d2cc2", "type": "button", "value": "Track Order"}], "priority": "MEDIUM", "target": "USER-APP", "is_read": false, "added_on": "2021-10-29T21:17:39.867Z"}}, {"model": "notifications.usernotification", "pk": "c76a206b-b2e6-4f93-8e5f-833cd2b35de8", "fields": {"user": "efa59874-e726-4778-a4e9-c8186f4c1661", "action_url": "/wallet", "title": "TruQ Wallet Activity", "body": null, "text_body": "Your wallet has been DEBITED with NGN 50.00  for Test wallet withdrawal.", "email_template": "email/activity_update.html", "email_context": [{"type": "heading", "value": "TruQ Wallet Activity"}, {"type": "paragraph", "value": "Hi, saviganga"}, {"type": "paragraph", "value": "Your wallet has been DEBITED with NGN 50.00  for Test wallet withdrawal."}, {"type": "heading", "value": "Transaction Ref: WITHDRAWAL_9524d35f-0942-476b-97cb-fd8c8b587583"}, {"cta": "https://app.mytruq.com/wallet", "type": "button", "value": "View Your Wallet"}], "priority": "MEDIUM", "target": "USER-APP", "is_read": false, "added_on": "2021-11-01T09:49:32.822Z"}}, {"model": "notifications.usernotification", "pk": "c880bdbe-d867-466b-bf60-acc00f52bb6d", "fields": {"user": "09a033ba-6c35-4ac8-a3a4-169900e9191a", "action_url": "/order/163adb12-ab66-4a01-9920-15d74e34c0f4", "title": "Order LOADING", "body": null, "text_body": "Your TruQ driver has arrived for pick-up.", "email_template": "email/activity_update.html", "email_context": [{"type": "heading", "value": "Order LOADING"}, {"type": "paragraph", "value": "Your TruQ driver has arrived for pick-up."}, {"cta": "https://app.mytruq.com/track-order/163adb12-ab66-4a01-9920-15d74e34c0f4", "type": "button", "value": "Track Order"}], "priority": "LOW", "target": "USER-APP", "is_read": false, "added_on": "2021-10-03T17:14:09.642Z"}}, {"model": "notifications.usernotification", "pk": "c8e5a68c-4148-4e78-b01d-016ece6c3a9c", "fields": {"user": "efa59874-e726-4778-a4e9-c8186f4c1661", "action_url": "/order/0b0a9fb8-cf6a-4c71-9ab2-4239854b5298", "title": "Order INITIATED", "body": null, "text_body": "Hi saviganga, a TruQ order has been booked for you by Eby, please get payment link from the agent.", "email_template": "email/activity_update.html", "email_context": [{"type": "heading", "value": "Order INITIATED"}, {"type": "paragraph", "value": "Hi saviganga, a TruQ order has been booked for you by Eby, please get payment link from the agent."}, {"cta": "https://app.mytruq.com/track-order/0b0a9fb8-cf6a-4c71-9ab2-4239854b5298", "type": "button", "value": "Track Order"}], "priority": "LOW", "target": "USER-APP", "is_read": false, "added_on": "2021-09-15T12:37:56.504Z"}}, {"model": "notifications.usernotification", "pk": "c9177bc0-4f84-4cd1-9664-c8e0ac95cade", "fields": {"user": "205ce7ab-02ea-432d-acef-a596fcef4950", "action_url": "/order/ccada92e-26b1-4e29-8275-53db1fcb4778", "title": "Order INITIATED", "body": null, "text_body": "Your truQ order has been booked successfully, please proceed to payment.", "email_template": "email/activity_update.html", "email_context": [{"type": "heading", "value": "Order INITIATED"}, {"type": "paragraph", "value": "Your truQ order has been booked successfully, please proceed to payment."}, {"cta": "https://app.mytruq.com/track-order/ccada92e-26b1-4e29-8275-53db1fcb4778", "type": "button", "value": "Track Order"}], "priority": "LOW", "target": "USER-APP", "is_read": false, "added_on": "2021-09-25T16:47:25.986Z"}}, {"model": "notifications.usernotification", "pk": "cbb611a0-bf94-492f-9c6e-ac0c9156a2ef", "fields": {"user": "09a033ba-6c35-4ac8-a3a4-169900e9191a", "action_url": "/order/98b6f73e-c273-4522-a71a-9b6a38aca8d1", "title": "Order INITIATED", "body": null, "text_body": "Your truQ order has been booked successfully, please proceed to payment.", "email_template": "email/activity_update.html", "email_context": [{"type": "heading", "value": "Order INITIATED"}, {"type": "paragraph", "value": "Your truQ order has been booked successfully, please proceed to payment."}, {"cta": "https://app.mytruq.com/track-order/98b6f73e-c273-4522-a71a-9b6a38aca8d1", "type": "button", "value": "Track Order"}], "priority": "LOW", "target": "USER-APP", "is_read": false, "added_on": "2021-10-05T07:38:33.783Z"}}, {"model": "notifications.usernotification", "pk": "ccadbf63-808c-4cfe-805b-33498990e6f8", "fields": {"user": "efa59874-e726-4778-a4e9-c8186f4c1661", "action_url": "/wallet", "title": "TruQ Wallet Activity", "body": null, "text_body": "Your wallet has been DEBITED with NGN 1000.00  for Test wallet withdrawal.", "email_template": "email/activity_update.html", "email_context": [{"type": "heading", "value": "TruQ Wallet Activity"}, {"type": "paragraph", "value": "Hi, saviganga"}, {"type": "paragraph", "value": "Your wallet has been DEBITED with NGN 1000.00  for Test wallet withdrawal."}, {"type": "heading", "value": "Transaction Ref: WITHDRAWAL_804ed9c8-53b1-407a-ae5d-f26d521ff10c"}, {"cta": "https://app.mytruq.com/wallet", "type": "button", "value": "View Your Wallet"}], "priority": "MEDIUM", "target": "USER-APP", "is_read": false, "added_on": "2021-10-30T12:45:56.008Z"}}, {"model": "notifications.usernotification", "pk": "cd306250-a2a2-4fa6-81a9-f0f709d84859", "fields": {"user": "efa59874-e726-4778-a4e9-c8186f4c1661", "action_url": "/wallet", "title": "TruQ Wallet Activity", "body": null, "text_body": "Your wallet has been DEBITED with NGN 100.00  for Test wallet withdrawal.", "email_template": "email/activity_update.html", "email_context": [{"type": "heading", "value": "TruQ Wallet Activity"}, {"type": "paragraph", "value": "Hi, saviganga"}, {"type": "paragraph", "value": "Your wallet has been DEBITED with NGN 100.00  for Test wallet withdrawal."}, {"type": "heading", "value": "Transaction Ref: WITHDRAWAL_915b78c0-b15a-4089-88b5-31b32e57654f"}, {"cta": "https://app.mytruq.com/wallet", "type": "button", "value": "View Your Wallet"}], "priority": "MEDIUM", "target": "USER-APP", "is_read": false, "added_on": "2021-11-01T11:10:52.755Z"}}, {"model": "notifications.usernotification", "pk": "cd52c5c2-7c5b-4775-b5cc-012a18cc8b18", "fields": {"user": "09a033ba-6c35-4ac8-a3a4-169900e9191a", "action_url": "/order/163adb12-ab66-4a01-9920-15d74e34c0f4", "title": "Order DELIVERED", "body": null, "text_body": "Your trip #163adb12-ab66-4a01-9920-15d74e34c0f4 has been completed successfully. Thank you for using TruQ!", "email_template": "email/activity_update.html", "email_context": [{"type": "heading", "value": "Order DELIVERED"}, {"type": "paragraph", "value": "Your trip #163adb12-ab66-4a01-9920-15d74e34c0f4 has been completed successfully. Thank you for using TruQ!"}, {"cta": "https://app.mytruq.com/track-order/163adb12-ab66-4a01-9920-15d74e34c0f4", "type": "button", "value": "Track Order"}], "priority": "LOW", "target": "USER-APP", "is_read": false, "added_on": "2021-10-03T17:14:36.716Z"}}, {"model": "notifications.usernotification", "pk": "cef05d90-ff62-423b-bc4f-630b2c96131c", "fields": {"user": "67e6e51a-7014-49f4-b4c3-e703f4bb839e", "action_url": "/order/8d7cbd60-97c1-460a-8f76-b4931bb17350", "title": "Order INITIATED", "body": null, "text_body": "Your truQ order has been booked successfully, please proceed to payment.", "email_template": "email/activity_update.html", "email_context": [{"type": "heading", "value": "Order INITIATED"}, {"type": "paragraph", "value": "Your truQ order has been booked successfully, please proceed to payment."}, {"cta": "https://app.mytruq.com/track-order/8d7cbd60-97c1-460a-8f76-b4931bb17350", "type": "button", "value": "Track Order"}], "priority": "LOW", "target": "USER-APP", "is_read": false, "added_on": "2021-09-13T09:54:11.895Z"}}, {"model": "notifications.usernotification", "pk": "cef9c7cb-0419-4355-a13c-bef9a19b22e4", "fields": {"user": "cbe295b9-830e-45df-8a80-537fddc2f63f", "action_url": "/order/4107cb38-f168-4a58-a5ab-90543f47774b", "title": "Order ORDER ASSIGNED TO TRIP", "body": null, "text_body": "Connecting you to the closest driver right away. Track your order on: https://app.mytruq.com/track-order/4107cb38-f168-4a58-a5ab-90543f47774b.", "email_template": "email/activity_update.html", "email_context": [{"type": "heading", "value": "Order ORDER ASSIGNED TO TRIP"}, {"type": "paragraph", "value": "Connecting you to the closest driver right away. Track your order on: https://app.mytruq.com/track-order/4107cb38-f168-4a58-a5ab-90543f47774b."}, {"cta": "https://app.mytruq.com/track-order/4107cb38-f168-4a58-a5ab-90543f47774b", "type": "button", "value": "Track Order"}], "priority": "HIGH", "target": "USER-APP", "is_read": false, "added_on": "2021-09-15T17:59:17.802Z"}}, {"model": "notifications.usernotification", "pk": "d31da95d-1cc0-40d6-aa1d-8117e3a88226", "fields": {"user": "efa59874-e726-4778-a4e9-c8186f4c1661", "action_url": "/order/af5e8a55-179d-45c8-a4d5-ef1026a7efd4", "title": "Order INITIATED", "body": null, "text_body": "Your truQ order has been booked successfully, please proceed to payment.", "email_template": "email/activity_update.html", "email_context": [{"type": "heading", "value": "Order INITIATED"}, {"type": "paragraph", "value": "Your truQ order has been booked successfully, please proceed to payment."}, {"cta": "https://app.mytruq.com/track-order/af5e8a55-179d-45c8-a4d5-ef1026a7efd4", "type": "button", "value": "Track Order"}], "priority": "LOW", "target": "USER-APP", "is_read": false, "added_on": "2021-09-12T15:31:51.602Z"}}, {"model": "notifications.usernotification", "pk": "d41c5e99-12b2-4659-b9ad-a44c1d234855", "fields": {"user": "205ce7ab-02ea-432d-acef-a596fcef4950", "action_url": "/order/73cd66b0-17be-4521-a0d3-c415398a24c2", "title": "Order INITIATED", "body": null, "text_body": "Your truQ order has been booked successfully, please proceed to payment.", "email_template": "email/activity_update.html", "email_context": [{"type": "heading", "value": "Order INITIATED"}, {"type": "paragraph", "value": "Your truQ order has been booked successfully, please proceed to payment."}, {"cta": "https://app.mytruq.com/track-order/73cd66b0-17be-4521-a0d3-c415398a24c2", "type": "button", "value": "Track Order"}], "priority": "LOW", "target": "USER-APP", "is_read": false, "added_on": "2021-09-15T18:28:28.141Z"}}, {"model": "notifications.usernotification", "pk": "d514e82b-7830-407f-a02f-40fa31db16b5", "fields": {"user": "efa59874-e726-4778-a4e9-c8186f4c1661", "action_url": "/wallet", "title": "TruQ Wallet Activity", "body": null, "text_body": "Your wallet has been DEBITED with NGN 100.00  for Test wallet withdrawal no bank code in account.", "email_template": "email/activity_update.html", "email_context": [{"type": "heading", "value": "TruQ Wallet Activity"}, {"type": "paragraph", "value": "Hi, saviganga"}, {"type": "paragraph", "value": "Your wallet has been DEBITED with NGN 100.00  for Test wallet withdrawal no bank code in account."}, {"type": "heading", "value": "Transaction Ref: WITHDRAWAL_36e98216-007d-4fa8-ad48-ffd95f113562"}, {"cta": "https://app.mytruq.com/wallet", "type": "button", "value": "View Your Wallet"}], "priority": "MEDIUM", "target": "USER-APP", "is_read": false, "added_on": "2021-11-01T14:13:57.268Z"}}, {"model": "notifications.usernotification", "pk": "d6e515cf-3d3a-4bb0-80ea-88fa3d28c4d7", "fields": {"user": "09a033ba-6c35-4ac8-a3a4-169900e9191a", "action_url": "/order/163adb12-ab66-4a01-9920-15d74e34c0f4", "title": "Order IN-QUEUE", "body": null, "text_body": "Order changed to IN-QUEUE by Isaac Chikutukutu (+27738692207).", "email_template": "email/activity_update.html", "email_context": [{"type": "heading", "value": "Order IN-QUEUE"}, {"type": "paragraph", "value": "Order changed to IN-QUEUE by Isaac Chikutukutu (+27738692207)."}, {"cta": "https://app.mytruq.com/track-order/163adb12-ab66-4a01-9920-15d74e34c0f4", "type": "button", "value": "Track Order"}], "priority": "LOW", "target": "USER-APP", "is_read": false, "added_on": "2021-10-03T17:13:58.606Z"}}, {"model": "notifications.usernotification", "pk": "d7910567-33a7-41b8-b3d3-562eb2516bb7", "fields": {"user": "cbe295b9-830e-45df-8a80-537fddc2f63f", "action_url": "/order/4107cb38-f168-4a58-a5ab-90543f47774b", "title": "Order INITIATED", "body": null, "text_body": "Hi Labby Media, a TruQ order has been booked for you by Williams, please get payment link from the agent.", "email_template": "email/activity_update.html", "email_context": [{"type": "heading", "value": "Order INITIATED"}, {"type": "paragraph", "value": "Hi Labby Media, a TruQ order has been booked for you by Williams, please get payment link from the agent."}, {"cta": "https://app.mytruq.com/track-order/4107cb38-f168-4a58-a5ab-90543f47774b", "type": "button", "value": "Track Order"}], "priority": "LOW", "target": "USER-APP", "is_read": false, "added_on": "2021-09-15T17:57:29.905Z"}}, {"model": "notifications.usernotification", "pk": "d95359e0-408f-49dd-b3fd-6b8f48e4ff22", "fields": {"user": "efa59874-e726-4778-a4e9-c8186f4c1661", "action_url": "/wallet", "title": "TruQ Wallet Activity", "body": null, "text_body": "Your wallet has been DEBITED with NGN 10.00  for Test wallet withdrawal no bank code in account.", "email_template": "email/activity_update.html", "email_context": [{"type": "heading", "value": "TruQ Wallet Activity"}, {"type": "paragraph", "value": "Hi, saviganga"}, {"type": "paragraph", "value": "Your wallet has been DEBITED with NGN 10.00  for Test wallet withdrawal no bank code in account."}, {"type": "heading", "value": "Transaction Ref: WITHDRAWAL_f9052e71-0e7a-493e-9ac7-9b2d20e9dc17"}, {"cta": "https://app.mytruq.com/wallet", "type": "button", "value": "View Your Wallet"}], "priority": "MEDIUM", "target": "USER-APP", "is_read": false, "added_on": "2021-11-01T12:39:16.966Z"}}, {"model": "notifications.usernotification", "pk": "d9a289e0-fad8-494e-9e36-44f50a4d95f3", "fields": {"user": "09a033ba-6c35-4ac8-a3a4-169900e9191a", "action_url": "/order/163adb12-ab66-4a01-9920-15d74e34c0f4", "title": "Order QUALITY-CONTROL", "body": null, "text_body": "Order changed to QUALITY-CONTROL by Isaac Chikutukutu (+27738692207).", "email_template": "email/activity_update.html", "email_context": [{"type": "heading", "value": "Order QUALITY-CONTROL"}, {"type": "paragraph", "value": "Order changed to QUALITY-CONTROL by Isaac Chikutukutu (+27738692207)."}, {"cta": "https://app.mytruq.com/track-order/163adb12-ab66-4a01-9920-15d74e34c0f4", "type": "button", "value": "Track Order"}], "priority": "LOW", "target": "USER-APP", "is_read": false, "added_on": "2021-10-03T17:13:51.891Z"}}, {"model": "notifications.usernotification", "pk": "da84c22e-6c4d-406f-9665-1b8b66c6ea9b", "fields": {"user": "efa59874-e726-4778-a4e9-c8186f4c1661", "action_url": "/wallet", "title": "TruQ Wallet Activity", "body": null, "text_body": "Your wallet has been DEBITED with NGN 10.00  for Test wallet withdrawal.", "email_template": "email/activity_update.html", "email_context": [{"type": "heading", "value": "TruQ Wallet Activity"}, {"type": "paragraph", "value": "Hi, saviganga"}, {"type": "paragraph", "value": "Your wallet has been DEBITED with NGN 10.00  for Test wallet withdrawal."}, {"type": "heading", "value": "Transaction Ref: WITHDRAWAL_1c3ced6f-846c-40c5-a5dd-43d48a098d43"}, {"cta": "https://app.mytruq.com/wallet", "type": "button", "value": "View Your Wallet"}], "priority": "MEDIUM", "target": "USER-APP", "is_read": false, "added_on": "2021-10-30T12:10:40.272Z"}}, {"model": "notifications.usernotification", "pk": "da8be946-b96d-4756-a1ca-f7d249da9420", "fields": {"user": "d7e2f682-7e38-4093-aaa1-f5e5f35367c4", "action_url": "/vehicle/eca2161e-df58-4e25-b895-0f73fa13ddd1", "title": "TruQ Driver Assignment", "body": null, "text_body": "You have been assigned as a driver for: Mercedes Benz mERCEDES bENZ X - BIG WIZZY.", "email_template": "email/activity_update.html", "email_context": [{"type": "heading", "value": "TruQ Driver Assignment"}, {"type": "paragraph", "value": "You have been assigned as a driver for: Mercedes Benz mERCEDES bENZ X - BIG WIZZY."}, {"cta": "https://driver.mytruq.com/", "type": "button", "value": "Track Order"}], "priority": "MEDIUM", "target": "DRIVER-APP", "is_read": false, "added_on": "2021-10-28T12:45:05.292Z"}}, {"model": "notifications.usernotification", "pk": "db0ab8c7-d30d-483d-9a18-e956acb676cf", "fields": {"user": "efa59874-e726-4778-a4e9-c8186f4c1661", "action_url": "/wallet", "title": "TruQ Wallet Activity", "body": null, "text_body": "Your wallet has been DEBITED with NGN 100.00  for Test wallet withdrawal no bank code in account.", "email_template": "email/activity_update.html", "email_context": [{"type": "heading", "value": "TruQ Wallet Activity"}, {"type": "paragraph", "value": "Hi, saviganga"}, {"type": "paragraph", "value": "Your wallet has been DEBITED with NGN 100.00  for Test wallet withdrawal no bank code in account."}, {"type": "heading", "value": "Transaction Ref: WITHDRAWAL_9b0a09a2-589c-4a5e-a227-cab04a625084"}, {"cta": "https://app.mytruq.com/wallet", "type": "button", "value": "View Your Wallet"}], "priority": "MEDIUM", "target": "USER-APP", "is_read": false, "added_on": "2021-11-01T12:30:58.683Z"}}, {"model": "notifications.usernotification", "pk": "dbcdbd0f-3d05-4a55-be13-bb8681c465d1", "fields": {"user": "09a033ba-6c35-4ac8-a3a4-169900e9191a", "action_url": "/", "title": "TruQ Driver Assignment", "body": null, "text_body": "You have been assigned as a driver for: BMW A-class - 1234567.", "email_template": "email/activity_update.html", "email_context": [{"type": "heading", "value": "TruQ Driver Assignment"}, {"type": "paragraph", "value": "You have been assigned as a driver for: BMW A-class - 1234567."}, {"cta": "https://driver.mytruq.com/", "type": "button", "value": "Track Order"}], "priority": "MEDIUM", "target": "DRIVER-APP", "is_read": true, "added_on": "2021-09-20T14:43:15.192Z"}}, {"model": "notifications.usernotification", "pk": "dce5e56d-e63c-4c6d-b9eb-d32bb6d17aa0", "fields": {"user": "09a033ba-6c35-4ac8-a3a4-169900e9191a", "action_url": "/order/60b8ac66-2e6b-4b98-81ee-7e30b246bc1c", "title": "Order INITIATED", "body": null, "text_body": "Your truQ order has been booked successfully, please proceed to payment.", "email_template": "email/activity_update.html", "email_context": [{"type": "heading", "value": "Order INITIATED"}, {"type": "paragraph", "value": "Your truQ order has been booked successfully, please proceed to payment."}, {"cta": "https://app.mytruq.com/track-order/60b8ac66-2e6b-4b98-81ee-7e30b246bc1c", "type": "button", "value": "Track Order"}], "priority": "LOW", "target": "USER-APP", "is_read": false, "added_on": "2021-09-14T15:52:03.803Z"}}, {"model": "notifications.usernotification", "pk": "dd9c6198-e1cd-44ee-8e6d-86d5571e00db", "fields": {"user": "09a033ba-6c35-4ac8-a3a4-169900e9191a", "action_url": "/order/5007c984-0e95-4bcd-a756-25739baf91ee", "title": "Order INITIATED", "body": null, "text_body": "Hi Eby, a TruQ order has been booked for you by Eniola, please get payment link from the agent.", "email_template": "email/activity_update.html", "email_context": [{"type": "heading", "value": "Order INITIATED"}, {"type": "paragraph", "value": "Hi Eby, a TruQ order has been booked for you by Eniola, please get payment link from the agent."}, {"cta": "https://app.mytruq.com/track-order/5007c984-0e95-4bcd-a756-25739baf91ee", "type": "button", "value": "Track Order"}], "priority": "LOW", "target": "USER-APP", "is_read": false, "added_on": "2021-09-14T15:24:01.860Z"}}, {"model": "notifications.usernotification", "pk": "deae10ce-cb46-4158-8e7d-f3dd7cd8e91d", "fields": {"user": "09a033ba-6c35-4ac8-a3a4-169900e9191a", "action_url": "/order/615d221b-7128-43f8-bb15-404224dd04d1", "title": "Order INITIATED", "body": null, "text_body": "Your truQ order has been booked successfully, please proceed to payment.", "email_template": "email/activity_update.html", "email_context": [{"type": "heading", "value": "Order INITIATED"}, {"type": "paragraph", "value": "Your truQ order has been booked successfully, please proceed to payment."}, {"cta": "https://app.mytruq.com/track-order/615d221b-7128-43f8-bb15-404224dd04d1", "type": "button", "value": "Track Order"}], "priority": "LOW", "target": "USER-APP", "is_read": false, "added_on": "2021-10-05T07:41:41.750Z"}}, {"model": "notifications.usernotification", "pk": "dff44d9a-45b1-46e9-9dc9-f9e162fc78c9", "fields": {"user": "efa59874-e726-4778-a4e9-c8186f4c1661", "action_url": "/wallet", "title": "TruQ Wallet Activity", "body": null, "text_body": "Your wallet has been DEBITED with NGN 100.00  for Test wallet withdrawal.", "email_template": "email/activity_update.html", "email_context": [{"type": "heading", "value": "TruQ Wallet Activity"}, {"type": "paragraph", "value": "Hi, saviganga"}, {"type": "paragraph", "value": "Your wallet has been DEBITED with NGN 100.00  for Test wallet withdrawal."}, {"type": "heading", "value": "Transaction Ref: WITHDRAWAL_267beef7-d40f-409a-9334-c104f1723aeb"}, {"cta": "https://app.mytruq.com/wallet", "type": "button", "value": "View Your Wallet"}], "priority": "MEDIUM", "target": "USER-APP", "is_read": false, "added_on": "2021-10-30T11:21:31.179Z"}}, {"model": "notifications.usernotification", "pk": "dff84dde-739e-499b-896a-591e0e45280b", "fields": {"user": "efa59874-e726-4778-a4e9-c8186f4c1661", "action_url": "/wallet", "title": "TruQ Wallet Activity", "body": null, "text_body": "Your wallet has been DEBITED with NGN 100.00  for Test wallet withdrawal.", "email_template": "email/activity_update.html", "email_context": [{"type": "heading", "value": "TruQ Wallet Activity"}, {"type": "paragraph", "value": "Hi, saviganga"}, {"type": "paragraph", "value": "Your wallet has been DEBITED with NGN 100.00  for Test wallet withdrawal."}, {"type": "heading", "value": "Transaction Ref: WITHDRAWAL_e7ef4aa6-c164-4b14-9e4b-c504c81ecc35"}, {"cta": "https://app.mytruq.com/wallet", "type": "button", "value": "View Your Wallet"}], "priority": "MEDIUM", "target": "USER-APP", "is_read": false, "added_on": "2021-10-30T11:23:13.884Z"}}, {"model": "notifications.usernotification", "pk": "e098ecf4-e5cb-4ac2-9cf9-67c2c77209a3", "fields": {"user": "efa59874-e726-4778-a4e9-c8186f4c1661", "action_url": "/order/c68e349a-95c0-4cd3-9777-834ba83ca3e1", "title": "Order INITIATED", "body": null, "text_body": "Hi saviganga, a TruQ order has been booked for you by Eby, please get payment link from the agent.", "email_template": "email/activity_update.html", "email_context": [{"type": "heading", "value": "Order INITIATED"}, {"type": "paragraph", "value": "Hi saviganga, a TruQ order has been booked for you by Eby, please get payment link from the agent."}, {"cta": "https://app.mytruq.com/track-order/c68e349a-95c0-4cd3-9777-834ba83ca3e1", "type": "button", "value": "Track Order"}], "priority": "LOW", "target": "USER-APP", "is_read": false, "added_on": "2021-09-13T10:09:20.552Z"}}, {"model": "notifications.usernotification", "pk": "e3c2a296-9daa-4ded-a9af-cec5f2079992", "fields": {"user": "cbe295b9-830e-45df-8a80-537fddc2f63f", "action_url": "/order/4107cb38-f168-4a58-a5ab-90543f47774b", "title": "Order LOADING", "body": null, "text_body": "Your TruQ driver has arrived for pick-up.", "email_template": "email/activity_update.html", "email_context": [{"type": "heading", "value": "Order LOADING"}, {"type": "paragraph", "value": "Your TruQ driver has arrived for pick-up."}, {"cta": "https://app.mytruq.com/track-order/4107cb38-f168-4a58-a5ab-90543f47774b", "type": "button", "value": "Track Order"}], "priority": "LOW", "target": "USER-APP", "is_read": false, "added_on": "2021-09-20T14:41:31.322Z"}}, {"model": "notifications.usernotification", "pk": "e45b61f8-78db-4d6d-9e98-8527fdd2fcff", "fields": {"user": "09a033ba-6c35-4ac8-a3a4-169900e9191a", "action_url": "/order/1cd290cd-4281-4fe2-90b8-0d3514f6a04b", "title": "Order ORDER PAYMENT RECEIVED", "body": null, "text_body": "Received payment of NGN 5976.27 for Order #d56438ef-b219-47ff-a05f-57d05ab06156 !", "email_template": "email/activity_update.html", "email_context": [{"type": "heading", "value": "Order ORDER PAYMENT RECEIVED"}, {"type": "paragraph", "value": "Received payment of NGN 5976.27 for Order #d56438ef-b219-47ff-a05f-57d05ab06156 !"}, {"cta": "https://app.mytruq.com/track-order/1cd290cd-4281-4fe2-90b8-0d3514f6a04b", "type": "button", "value": "Track Order"}], "priority": "HIGH", "target": "USER-APP", "is_read": false, "added_on": "2021-10-12T07:26:00.452Z"}}, {"model": "notifications.usernotification", "pk": "e7c9c5c2-ddad-4914-bcb8-3cf2f87e109d", "fields": {"user": "efa59874-e726-4778-a4e9-c8186f4c1661", "action_url": "/wallet", "title": "TruQ Wallet Activity", "body": null, "text_body": "Your wallet has been DEBITED with NGN 100.00  for Test wallet withdrawal no bank code in account.", "email_template": "email/activity_update.html", "email_context": [{"type": "heading", "value": "TruQ Wallet Activity"}, {"type": "paragraph", "value": "Hi, saviganga"}, {"type": "paragraph", "value": "Your wallet has been DEBITED with NGN 100.00  for Test wallet withdrawal no bank code in account."}, {"type": "heading", "value": "Transaction Ref: WITHDRAWAL_0db97495-91eb-4ad0-b37c-95c122ea49b5"}, {"cta": "https://app.mytruq.com/wallet", "type": "button", "value": "View Your Wallet"}], "priority": "MEDIUM", "target": "USER-APP", "is_read": false, "added_on": "2021-11-01T12:37:03.268Z"}}, {"model": "notifications.usernotification", "pk": "e8ba427c-7f79-49c3-bb1b-ae681d436e8d", "fields": {"user": "efa59874-e726-4778-a4e9-c8186f4c1661", "action_url": "/order/4a4ba5fa-32f1-4a8a-804a-13cd888f6915", "title": "Order INITIATED", "body": null, "text_body": "Your truQ order has been booked successfully, please proceed to payment.", "email_template": "email/activity_update.html", "email_context": [{"type": "heading", "value": "Order INITIATED"}, {"type": "paragraph", "value": "Your truQ order has been booked successfully, please proceed to payment."}, {"cta": "https://app.mytruq.com/track-order/4a4ba5fa-32f1-4a8a-804a-13cd888f6915", "type": "button", "value": "Track Order"}], "priority": "LOW", "target": "USER-APP", "is_read": false, "added_on": "2021-09-13T09:09:12.465Z"}}, {"model": "notifications.usernotification", "pk": "eb07efe2-d50f-4ec0-aade-231672a68ccb", "fields": {"user": "09a033ba-6c35-4ac8-a3a4-169900e9191a", "action_url": "/order/1cd290cd-4281-4fe2-90b8-0d3514f6a04b", "title": "Order ORDER ASSIGNED TO TRIP", "body": null, "text_body": "Connecting you to the closest driver right away. Track your order on: https://app.mytruq.com/track-order/1cd290cd-4281-4fe2-90b8-0d3514f6a04b.", "email_template": "email/activity_update.html", "email_context": [{"type": "heading", "value": "Order ORDER ASSIGNED TO TRIP"}, {"type": "paragraph", "value": "Connecting you to the closest driver right away. Track your order on: https://app.mytruq.com/track-order/1cd290cd-4281-4fe2-90b8-0d3514f6a04b."}, {"cta": "https://app.mytruq.com/track-order/1cd290cd-4281-4fe2-90b8-0d3514f6a04b", "type": "button", "value": "Track Order"}], "priority": "MEDIUM", "target": "USER-APP", "is_read": false, "added_on": "2021-10-12T07:26:00.366Z"}}, {"model": "notifications.usernotification", "pk": "ebda0815-188c-4ccb-ade1-5f44e041b88d", "fields": {"user": "efa59874-e726-4778-a4e9-c8186f4c1661", "action_url": "/wallet", "title": "TruQ Wallet Activity", "body": null, "text_body": "Your wallet has been DEBITED with NGN 100.00  for Test wallet withdrawal.", "email_template": "email/activity_update.html", "email_context": [{"type": "heading", "value": "TruQ Wallet Activity"}, {"type": "paragraph", "value": "Hi, saviganga"}, {"type": "paragraph", "value": "Your wallet has been DEBITED with NGN 100.00  for Test wallet withdrawal."}, {"type": "heading", "value": "Transaction Ref: WITHDRAWAL_5f258ae9-2a50-4c2f-8415-f025a75917a1"}, {"cta": "https://app.mytruq.com/wallet", "type": "button", "value": "View Your Wallet"}], "priority": "MEDIUM", "target": "USER-APP", "is_read": false, "added_on": "2021-10-30T11:15:57.357Z"}}, {"model": "notifications.usernotification", "pk": "ecd9c31e-ac0d-4059-a05d-d95a2d367435", "fields": {"user": "5585d6b9-d98a-4e71-a83e-ed026dd49e34", "action_url": "/order/4106945e-d854-49fd-b813-26f770550493", "title": "Order ORDER PAYMENT RECEIVED", "body": null, "text_body": "Received payment of NGN 43295 for Order #037a6db1-747f-4cb1-a37c-a7e6f879c028 !", "email_template": "email/activity_update.html", "email_context": [{"type": "heading", "value": "Order ORDER PAYMENT RECEIVED"}, {"type": "paragraph", "value": "Received payment of NGN 43295 for Order #037a6db1-747f-4cb1-a37c-a7e6f879c028 !"}, {"cta": "https://app.mytruq.com/track-order/4106945e-d854-49fd-b813-26f770550493", "type": "button", "value": "Track Order"}], "priority": "HIGH", "target": "USER-APP", "is_read": false, "added_on": "2021-09-15T18:12:31.565Z"}}, {"model": "notifications.usernotification", "pk": "ee8531ca-83f5-4fa1-a80c-96ba59d7dcf3", "fields": {"user": "09a033ba-6c35-4ac8-a3a4-169900e9191a", "action_url": "/order/163adb12-ab66-4a01-9920-15d74e34c0f4", "title": "Order IN-TRANSIT", "body": null, "text_body": "Your TruQ is now heading to drop-off.", "email_template": "email/activity_update.html", "email_context": [{"type": "heading", "value": "Order IN-TRANSIT"}, {"type": "paragraph", "value": "Your TruQ is now heading to drop-off."}, {"cta": "https://app.mytruq.com/track-order/163adb12-ab66-4a01-9920-15d74e34c0f4", "type": "button", "value": "Track Order"}], "priority": "LOW", "target": "USER-APP", "is_read": false, "added_on": "2021-10-03T17:14:17.069Z"}}, {"model": "notifications.usernotification", "pk": "eeb5b69f-e397-46eb-be54-86213aea868e", "fields": {"user": "efa59874-e726-4778-a4e9-c8186f4c1661", "action_url": "/wallet", "title": "TruQ Wallet Activity", "body": null, "text_body": "Your wallet has been DEBITED with NGN 10.00  for Test wallet withdrawal.", "email_template": "email/activity_update.html", "email_context": [{"type": "heading", "value": "TruQ Wallet Activity"}, {"type": "paragraph", "value": "Hi, saviganga"}, {"type": "paragraph", "value": "Your wallet has been DEBITED with NGN 10.00  for Test wallet withdrawal."}, {"type": "heading", "value": "Transaction Ref: WITHDRAWAL_5e78b281-15b5-4768-bb28-2c6368ecffcb"}, {"cta": "https://app.mytruq.com/wallet", "type": "button", "value": "View Your Wallet"}], "priority": "MEDIUM", "target": "USER-APP", "is_read": false, "added_on": "2021-10-30T12:19:03.566Z"}}, {"model": "notifications.usernotification", "pk": "f21de22c-5301-4e01-8b52-bc5855da97da", "fields": {"user": "09a033ba-6c35-4ac8-a3a4-169900e9191a", "action_url": "/order/11f96411-3403-4c57-8b38-53e2d34a1a29", "title": "Order INITIATED", "body": null, "text_body": "Your truQ order has been booked successfully, please proceed to payment.", "email_template": "email/activity_update.html", "email_context": [{"type": "heading", "value": "Order INITIATED"}, {"type": "paragraph", "value": "Your truQ order has been booked successfully, please proceed to payment."}, {"cta": "https://app.mytruq.com/track-order/11f96411-3403-4c57-8b38-53e2d34a1a29", "type": "button", "value": "Track Order"}], "priority": "LOW", "target": "USER-APP", "is_read": false, "added_on": "2021-10-05T09:33:54.067Z"}}, {"model": "notifications.usernotification", "pk": "f27aff33-70e5-401e-a350-8e812096270e", "fields": {"user": "efa59874-e726-4778-a4e9-c8186f4c1661", "action_url": "/wallet", "title": "TruQ Wallet Activity", "body": null, "text_body": "Your wallet has been DEBITED with NGN 10.00  for Test wallet withdrawal.", "email_template": "email/activity_update.html", "email_context": [{"type": "heading", "value": "TruQ Wallet Activity"}, {"type": "paragraph", "value": "Hi, saviganga"}, {"type": "paragraph", "value": "Your wallet has been DEBITED with NGN 10.00  for Test wallet withdrawal."}, {"type": "heading", "value": "Transaction Ref: WITHDRAWAL_3c36bd8a-84cb-4d98-ac7d-e728be2bd99a"}, {"cta": "https://app.mytruq.com/wallet", "type": "button", "value": "View Your Wallet"}], "priority": "MEDIUM", "target": "USER-APP", "is_read": false, "added_on": "2021-10-30T12:18:25.498Z"}}, {"model": "notifications.usernotification", "pk": "f5272f9a-7a87-48fa-94ca-1064b5be31c7", "fields": {"user": "efa59874-e726-4778-a4e9-c8186f4c1661", "action_url": "/wallet", "title": "TruQ Wallet Activity", "body": null, "text_body": "Your wallet has been DEBITED with NGN 100.00  for Test wallet withdrawal.", "email_template": "email/activity_update.html", "email_context": [{"type": "heading", "value": "TruQ Wallet Activity"}, {"type": "paragraph", "value": "Hi, saviganga"}, {"type": "paragraph", "value": "Your wallet has been DEBITED with NGN 100.00  for Test wallet withdrawal."}, {"type": "heading", "value": "Transaction Ref: WITHDRAWAL_a83ba876-6cfa-48ad-a189-981dbe56fec5"}, {"cta": "https://app.mytruq.com/wallet", "type": "button", "value": "View Your Wallet"}], "priority": "MEDIUM", "target": "USER-APP", "is_read": false, "added_on": "2021-10-30T11:43:07.528Z"}}, {"model": "notifications.usernotification", "pk": "f5e7477f-03bb-4da9-888d-c532eaed7811", "fields": {"user": "efa59874-e726-4778-a4e9-c8186f4c1661", "action_url": "/wallet", "title": "TruQ Wallet Activity", "body": null, "text_body": "Your wallet has been DEBITED with NGN 100.00  for Test wallet withdrawal no bank code in account.", "email_template": "email/activity_update.html", "email_context": [{"type": "heading", "value": "TruQ Wallet Activity"}, {"type": "paragraph", "value": "Hi, saviganga"}, {"type": "paragraph", "value": "Your wallet has been DEBITED with NGN 100.00  for Test wallet withdrawal no bank code in account."}, {"type": "heading", "value": "Transaction Ref: WITHDRAWAL_4d0f0819-7bc7-411b-b869-a6eca416530d"}, {"cta": "https://app.mytruq.com/wallet", "type": "button", "value": "View Your Wallet"}], "priority": "MEDIUM", "target": "USER-APP", "is_read": false, "added_on": "2021-11-01T12:20:49.688Z"}}, {"model": "notifications.usernotification", "pk": "f709b921-0151-40ed-a3d3-d934d18732b3", "fields": {"user": "67e6e51a-7014-49f4-b4c3-e703f4bb839e", "action_url": "/order/862b9f3a-c11e-4fea-b112-37dcac120edc", "title": "Order INITIATED", "body": null, "text_body": "Your truQ order has been booked successfully, please proceed to payment.", "email_template": "email/activity_update.html", "email_context": [{"type": "heading", "value": "Order INITIATED"}, {"type": "paragraph", "value": "Your truQ order has been booked successfully, please proceed to payment."}, {"cta": "https://app.mytruq.com/track-order/862b9f3a-c11e-4fea-b112-37dcac120edc", "type": "button", "value": "Track Order"}], "priority": "LOW", "target": "USER-APP", "is_read": false, "added_on": "2021-10-08T15:54:35.672Z"}}, {"model": "notifications.usernotification", "pk": "f8fcc6b8-ffa7-4555-a3f9-94f0e758f274", "fields": {"user": "efa59874-e726-4778-a4e9-c8186f4c1661", "action_url": "/wallet", "title": "TruQ Wallet Activity", "body": null, "text_body": "Your wallet has been DEBITED with NGN 100.00  for Test wallet withdrawal no bank code in account.", "email_template": "email/activity_update.html", "email_context": [{"type": "heading", "value": "TruQ Wallet Activity"}, {"type": "paragraph", "value": "Hi, saviganga"}, {"type": "paragraph", "value": "Your wallet has been DEBITED with NGN 100.00  for Test wallet withdrawal no bank code in account."}, {"type": "heading", "value": "Transaction Ref: WITHDRAWAL_32721b36-27df-4fab-9536-9a9561182556"}, {"cta": "https://app.mytruq.com/wallet", "type": "button", "value": "View Your Wallet"}], "priority": "MEDIUM", "target": "USER-APP", "is_read": false, "added_on": "2021-11-01T12:24:16.152Z"}}, {"model": "notifications.usernotification", "pk": "fa991c32-a409-46e7-af40-a71d491b3c8b", "fields": {"user": "efa59874-e726-4778-a4e9-c8186f4c1661", "action_url": "/order/7bc46609-cedf-41be-863c-653654fd558c", "title": "INITIATED", "body": null, "text_body": "Hi saviganga, a TruQ order has been booked for you by Derounmu, please get payment link from the agent.", "email_template": "email/activity_update.html", "email_context": [{"type": "heading", "value": "INITIATED"}, {"type": "paragraph", "value": "Hi saviganga, a TruQ order has been booked for you by Derounmu, please get payment link from the agent."}, {"cta": "https://app.mytruq.com/track-order/7bc46609-cedf-41be-863c-653654fd558c", "type": "button", "value": "Track Order"}], "priority": "LOW", "target": "USER-APP", "is_read": false, "added_on": "2021-10-29T10:43:55.200Z"}}, {"model": "notifications.usernotification", "pk": "fadce800-1373-438c-aedb-25916e66c70a", "fields": {"user": "efa59874-e726-4778-a4e9-c8186f4c1661", "action_url": "/wallet", "title": "TruQ Wallet Activity", "body": null, "text_body": "Your wallet has been DEBITED with NGN 1000.00  for Test wallet withdrawal.", "email_template": "email/activity_update.html", "email_context": [{"type": "heading", "value": "TruQ Wallet Activity"}, {"type": "paragraph", "value": "Hi, saviganga"}, {"type": "paragraph", "value": "Your wallet has been DEBITED with NGN 1000.00  for Test wallet withdrawal."}, {"type": "heading", "value": "Transaction Ref: WITHDRAWAL_91ea3f89-bda0-4799-ae36-f3121cded6ae"}, {"cta": "https://app.mytruq.com/wallet", "type": "button", "value": "View Your Wallet"}], "priority": "MEDIUM", "target": "USER-APP", "is_read": false, "added_on": "2021-10-30T12:38:22.734Z"}}, {"model": "notifications.usernotification", "pk": "fd82ea95-fc83-4ea1-8ac6-7a96bd1d9d56", "fields": {"user": "efa59874-e726-4778-a4e9-c8186f4c1661", "action_url": "/wallet", "title": "TruQ Wallet Activity", "body": null, "text_body": "Your wallet has been DEBITED with NGN 100.00  for Test wallet withdrawal.", "email_template": "email/activity_update.html", "email_context": [{"type": "heading", "value": "TruQ Wallet Activity"}, {"type": "paragraph", "value": "Hi, saviganga"}, {"type": "paragraph", "value": "Your wallet has been DEBITED with NGN 100.00  for Test wallet withdrawal."}, {"type": "heading", "value": "Transaction Ref: WITHDRAWAL_1aa7bbe3-eff7-481e-a663-15529524ebda"}, {"cta": "https://app.mytruq.com/wallet", "type": "button", "value": "View Your Wallet"}], "priority": "MEDIUM", "target": "USER-APP", "is_read": false, "added_on": "2021-11-01T11:22:35.913Z"}}, {"model": "notifications.usernotification", "pk": "ff3cb66c-4f8c-4ecd-a224-e490529d0606", "fields": {"user": "efa59874-e726-4778-a4e9-c8186f4c1661", "action_url": "/wallet", "title": "TruQ Wallet Activity", "body": null, "text_body": "Your wallet has been DEBITED with NGN 10.00  for Test wallet withdrawal no bank code in account.", "email_template": "email/activity_update.html", "email_context": [{"type": "heading", "value": "TruQ Wallet Activity"}, {"type": "paragraph", "value": "Hi, saviganga"}, {"type": "paragraph", "value": "Your wallet has been DEBITED with NGN 10.00  for Test wallet withdrawal no bank code in account."}, {"type": "heading", "value": "Transaction Ref: WITHDRAWAL_63902b5c-6e9d-451b-8aed-4789fe71e77d"}, {"cta": "https://app.mytruq.com/wallet", "type": "button", "value": "View Your Wallet"}], "priority": "MEDIUM", "target": "USER-APP", "is_read": false, "added_on": "2021-11-01T12:39:46.558Z"}}, {"model": "notifications.usernotification", "pk": "ffa041b1-b219-47e2-b22e-0d68f52542c1", "fields": {"user": "efa59874-e726-4778-a4e9-c8186f4c1661", "action_url": "/order/cccb9df1-7e35-4333-945a-1700d04d2cc2", "title": "ORDER ASSIGNED TO TRIP", "body": null, "text_body": "Connecting you to the closest driver right away. Track your order on: https://app.mytruq.com/track-order/cccb9df1-7e35-4333-945a-1700d04d2cc2.", "email_template": "email/activity_update.html", "email_context": [{"type": "heading", "value": "ORDER ASSIGNED TO TRIP"}, {"type": "paragraph", "value": "Connecting you to the closest driver right away. Track your order on: https://app.mytruq.com/track-order/cccb9df1-7e35-4333-945a-1700d04d2cc2."}, {"cta": "https://app.mytruq.com/track-order/cccb9df1-7e35-4333-945a-1700d04d2cc2", "type": "button", "value": "Track Order"}], "priority": "MEDIUM", "target": "USER-APP", "is_read": false, "added_on": "2021-10-29T21:23:30.771Z"}}, {"model": "notifications.orderevent", "pk": "00aff450-9406-4d42-9b74-c0540615154f", "fields": {"order": "d25f1c4c-f01d-4713-9617-92d3ca39c2f5", "event": "ORDER PAYMENT RECEIVED", "description": "Received payment of NGN 6368.55 for Order #5684fec7-03c4-4839-b5f4-1c2ff178eb08 !", "priority": "HIGH", "target": "USER-APP", "added_on": "2021-09-17T17:33:18.096Z"}}, {"model": "notifications.orderevent", "pk": "033548e3-84cf-4916-8762-75c8efa0be8b", "fields": {"order": "8c042ca5-2cd8-4189-80e6-98c0171b2180", "event": "ORDER ASSIGNED TO TRIP", "description": "Connecting you to the closest driver right away. Track your order on: https://app.mytruq.com/track-order/8c042ca5-2cd8-4189-80e6-98c0171b2180.", "priority": "MEDIUM", "target": "USER-APP", "added_on": "2021-10-22T16:51:40.672Z"}}, {"model": "notifications.orderevent", "pk": "03606dc8-7503-45bf-b39a-b7e0011979ea", "fields": {"order": "7d7842b1-d8df-44dc-9d80-c61c4ccdcca2", "event": "INITIATED", "description": "Hi Foluso, a TruQ order has been booked for you by Foluso, please get payment link from the agent.", "priority": "LOW", "target": "USER-APP", "added_on": "2021-09-25T16:45:33.232Z"}}, {"model": "notifications.orderevent", "pk": "0407507c-208f-4513-b51c-a9b2c80b2821", "fields": {"order": "3a7c5fbc-8d8d-47fe-ae0e-e4a0e01ae272", "event": "INITIATED", "description": "Your truQ order has been booked successfully, please proceed to payment.", "priority": "LOW", "target": "USER-APP", "added_on": "2021-09-13T10:02:29.987Z"}}, {"model": "notifications.orderevent", "pk": "085e137d-0fb9-4b47-9d04-445fe27ced1a", "fields": {"order": "163adb12-ab66-4a01-9920-15d74e34c0f4", "event": "IN-TRANSIT", "description": "Your TruQ is now heading to drop-off.", "priority": "LOW", "target": "USER-APP", "added_on": "2021-10-03T17:14:17.066Z"}}, {"model": "notifications.orderevent", "pk": "0adb885a-591a-43fb-ae9f-451f6cbe0efc", "fields": {"order": "23fe8af8-bfb6-4bbf-ad6c-f7e7d952dfab", "event": "ORDER PAYMENT RECEIVED", "description": "Received payment of NGN 4000.00 for Order #92b55d16-cb74-4a04-8191-8f21793f72fc !", "priority": "HIGH", "target": "USER-APP", "added_on": "2021-09-13T08:38:21.127Z"}}, {"model": "notifications.orderevent", "pk": "0cdc9ecd-e85f-4e50-9b52-d329f62e2e3c", "fields": {"order": "98b6f73e-c273-4522-a71a-9b6a38aca8d1", "event": "INITIATED", "description": "Your truQ order has been booked successfully, please proceed to payment.", "priority": "LOW", "target": "USER-APP", "added_on": "2021-10-05T07:38:33.782Z"}}, {"model": "notifications.orderevent", "pk": "15de14d5-0e60-459c-ac1e-5c83adebfbac", "fields": {"order": "71645637-a91b-47b0-bdcc-aad057369d92", "event": "INITIATED", "description": "Your truQ order has been booked successfully, please proceed to payment.", "priority": "LOW", "target": "USER-APP", "added_on": "2021-09-14T21:41:53.348Z"}}, {"model": "notifications.orderevent", "pk": "17f9bee7-50c4-4a3f-8222-96ac21795e5d", "fields": {"order": "7bc46609-cedf-41be-863c-653654fd558c", "event": "INITIATED", "description": "Hi saviganga, a TruQ order has been booked for you by Derounmu, please get payment link from the agent.", "priority": "LOW", "target": "USER-APP", "added_on": "2021-10-29T10:43:54.893Z"}}, {"model": "notifications.orderevent", "pk": "1801a1a5-ba06-4b7a-baa0-456e2eae524a", "fields": {"order": "a17a291d-d41b-4f2f-9e39-4c764f4c292b", "event": "DELIVERED", "description": "Your trip #a17a291d-d41b-4f2f-9e39-4c764f4c292b has been completed successfully. Thank you for using TruQ!", "priority": "LOW", "target": "USER-APP", "added_on": "2021-09-16T18:19:22.732Z"}}, {"model": "notifications.orderevent", "pk": "1abf0208-e209-423c-8905-d399b1f3a85e", "fields": {"order": "163adb12-ab66-4a01-9920-15d74e34c0f4", "event": "PRODUCTION", "description": "Order changed to PRODUCTION by Isaac Chikutukutu (+27738692207).", "priority": "LOW", "target": "USER-APP", "added_on": "2021-10-03T17:12:43.232Z"}}, {"model": "notifications.orderevent", "pk": "1b72e87e-d0ee-468c-b70c-3b692a9d1f63", "fields": {"order": "18472b83-ae28-4801-9367-db58ec2db717", "event": "INITIATED", "description": "Hi truQ User, a TruQ order has been booked for you by Williams, please get payment link from the agent.", "priority": "LOW", "target": "USER-APP", "added_on": "2021-09-14T16:20:46.492Z"}}, {"model": "notifications.orderevent", "pk": "1c1ce949-2232-4efe-b012-64b1e1eda78b", "fields": {"order": "615d221b-7128-43f8-bb15-404224dd04d1", "event": "INITIATED", "description": "Your truQ order has been booked successfully, please proceed to payment.", "priority": "LOW", "target": "USER-APP", "added_on": "2021-10-05T07:41:41.749Z"}}, {"model": "notifications.orderevent", "pk": "1f808ebd-bc85-4562-ab65-09a91826a600", "fields": {"order": "4107cb38-f168-4a58-a5ab-90543f47774b", "event": "ORDER PAYMENT RECEIVED", "description": "Received payment of NGN 44234.4 for Order #33cc2bdf-9f06-4eb3-afc9-d2f7803ac8f5 !", "priority": "HIGH", "target": "USER-APP", "added_on": "2021-09-15T17:59:22.827Z"}}, {"model": "notifications.orderevent", "pk": "1fa961b4-b459-4c98-b925-b9f6e640c9e4", "fields": {"order": "11c3a1c5-03e1-499d-9c94-966b357a3067", "event": "INITIATED", "description": "Hi saviganga, a TruQ order has been booked for you by Eby, please get payment link from the agent.", "priority": "LOW", "target": "USER-APP", "added_on": "2021-09-17T20:43:04.036Z"}}, {"model": "notifications.orderevent", "pk": "20dc5490-c2c2-488c-be2e-ce15d6e43f42", "fields": {"order": "d25f1c4c-f01d-4713-9617-92d3ca39c2f5", "event": "INITIATED", "description": "Hi saviganga, a TruQ order has been booked for you by Eby, please get payment link from the agent.", "priority": "LOW", "target": "USER-APP", "added_on": "2021-09-17T17:32:47.081Z"}}, {"model": "notifications.orderevent", "pk": "2146bed0-6719-4403-8a35-ba32c6d7277b", "fields": {"order": "60b8ac66-2e6b-4b98-81ee-7e30b246bc1c", "event": "INITIATED", "description": "Your truQ order has been booked successfully, please proceed to payment.", "priority": "LOW", "target": "USER-APP", "added_on": "2021-09-14T15:52:03.801Z"}}, {"model": "notifications.orderevent", "pk": "264fc47b-7a7d-419c-8924-f0c01368e3d2", "fields": {"order": "37939001-11fb-4714-9400-4e71e34ede74", "event": "INITIATED", "description": "Your truQ order has been booked successfully, please proceed to payment.", "priority": "LOW", "target": "USER-APP", "added_on": "2021-09-13T09:57:34.768Z"}}, {"model": "notifications.orderevent", "pk": "287426f7-34fb-42f3-a01d-a6f5bfa6d95f", "fields": {"order": "a17a291d-d41b-4f2f-9e39-4c764f4c292b", "event": "ORDER PAYMENT RECEIVED", "description": "Received payment of NGN 8929 for Order #115b1f28-f437-4225-a739-b4be4201faf3 !", "priority": "HIGH", "target": "USER-APP", "added_on": "2021-09-15T11:31:43.649Z"}}, {"model": "notifications.orderevent", "pk": "2a2dec98-85d9-46ab-8929-4519e98027a0", "fields": {"order": "4106945e-d854-49fd-b813-26f770550493", "event": "LOADING", "description": "Your TruQ driver has arrived for pick-up.", "priority": "LOW", "target": "USER-APP", "added_on": "2021-09-16T18:18:17.190Z"}}, {"model": "notifications.orderevent", "pk": "301b22ae-a00c-42f0-89ff-152eac3053ad", "fields": {"order": "384d5d4b-6760-49c3-8adf-e2bd19ccfc9d", "event": "INITIATED", "description": "Hi saviganga, a TruQ order has been booked for you by Eby, please get payment link from the agent.", "priority": "LOW", "target": "USER-APP", "added_on": "2021-09-14T14:44:03.896Z"}}, {"model": "notifications.orderevent", "pk": "344e4c3c-53d0-41b3-9cff-6202299a612b", "fields": {"order": "67f61f4f-39fc-414f-8063-510cbc7bf006", "event": "ORDER PAYMENT RECEIVED", "description": "Received payment of NGN 4000.00 for Order #81506055-94fc-41cb-ba2c-89c04bdda680 !", "priority": "HIGH", "target": "USER-APP", "added_on": "2021-09-14T15:40:57.165Z"}}, {"model": "notifications.orderevent", "pk": "348cea43-9a8c-45c7-94e1-696a07a5165f", "fields": {"order": "851a2f2f-f28d-42c9-9e4f-cd8fec29de88", "event": "INITIATED", "description": "Hi saviganga, a TruQ order has been booked for you by Eby, please get payment link from the agent.", "priority": "LOW", "target": "USER-APP", "added_on": "2021-09-17T17:27:33.333Z"}}, {"model": "notifications.orderevent", "pk": "37473d55-0fb7-4868-88d4-1dd985efd3cb", "fields": {"order": "a17a291d-d41b-4f2f-9e39-4c764f4c292b", "event": "IN-TRANSIT", "description": "Your TruQ is now heading to drop-off.", "priority": "LOW", "target": "USER-APP", "added_on": "2021-09-16T18:19:12.831Z"}}, {"model": "notifications.orderevent", "pk": "390f777f-c4d8-4e43-a264-990d4727c8a2", "fields": {"order": "d25f1c4c-f01d-4713-9617-92d3ca39c2f5", "event": "ORDER ASSIGNED TO TRIP", "description": "Connecting you to the closest driver right away. Track your order on: https://app.mytruq.com/track-order/d25f1c4c-f01d-4713-9617-92d3ca39c2f5.", "priority": "HIGH", "target": "USER-APP", "added_on": "2021-09-17T17:33:16.902Z"}}, {"model": "notifications.orderevent", "pk": "3b8c0638-f592-4953-a6cd-e66db1ca4a98", "fields": {"order": "384d5d4b-6760-49c3-8adf-e2bd19ccfc9d", "event": "ORDER ASSIGNED TO TRIP", "description": "Connecting you to the closest driver right away. Track your order on: https://app.mytruq.com/track-order/384d5d4b-6760-49c3-8adf-e2bd19ccfc9d.", "priority": "HIGH", "target": "USER-APP", "added_on": "2021-09-14T14:44:29.002Z"}}, {"model": "notifications.orderevent", "pk": "3d0b0cd6-3d37-4765-a329-e9d7f4e9e875", "fields": {"order": "67f61f4f-39fc-414f-8063-510cbc7bf006", "event": "ORDER ASSIGNED TO TRIP", "description": "Connecting you to the closest driver right away. Track your order on: https://app.mytruq.com/track-order/67f61f4f-39fc-414f-8063-510cbc7bf006.", "priority": "HIGH", "target": "USER-APP", "added_on": "2021-09-14T15:40:56.232Z"}}, {"model": "notifications.orderevent", "pk": "3f37d65a-569d-46c6-bb80-2790f866a4a6", "fields": {"order": "4106945e-d854-49fd-b813-26f770550493", "event": "OFFLOADING", "description": "Your TruQ has arrived at destination. Please confirm delivery to complete the trip.", "priority": "LOW", "target": "USER-APP", "added_on": "2021-09-16T18:18:34.562Z"}}, {"model": "notifications.orderevent", "pk": "410f9123-3c9f-4414-b873-4b5349d25d11", "fields": {"order": "a17a291d-d41b-4f2f-9e39-4c764f4c292b", "event": "Your trip has been accepted by Cynthia Berry.", "description": null, "priority": "LOW", "target": "USER-APP", "added_on": "2021-09-15T12:14:32.261Z"}}, {"model": "notifications.orderevent", "pk": "44636f6d-2663-486f-87c2-0f0f71756677", "fields": {"order": "23fe8af8-bfb6-4bbf-ad6c-f7e7d952dfab", "event": "LOADING", "description": "Your TruQ driver has arrived for pick-up.", "priority": "LOW", "target": "USER-APP", "added_on": "2021-09-20T14:43:49.854Z"}}, {"model": "notifications.orderevent", "pk": "463ba661-b401-44df-9ce7-232d91eade8c", "fields": {"order": "a17a291d-d41b-4f2f-9e39-4c764f4c292b", "event": "OFFLOADING", "description": "Your TruQ has arrived at destination. Please confirm delivery to complete the trip.", "priority": "LOW", "target": "USER-APP", "added_on": "2021-09-16T18:19:17.114Z"}}, {"model": "notifications.orderevent", "pk": "4a540ae9-5acf-4675-979c-828884307cb5", "fields": {"order": "b7ace6a1-4420-49f1-a352-b4e896677d32", "event": "INITIATED", "description": "Your truQ order has been booked successfully, please proceed to payment.", "priority": "LOW", "target": "USER-APP", "added_on": "2021-10-08T16:42:33.347Z"}}, {"model": "notifications.orderevent", "pk": "4aa3d08b-4d1d-478f-bfe5-809c61e01bf7", "fields": {"order": "ece9c749-6e28-4b18-b5dd-97bf07864de4", "event": "INITIATED", "description": "Hi saviganga, a TruQ order has been booked for you by Eby, please get payment link from the agent.", "priority": "LOW", "target": "USER-APP", "added_on": "2021-09-13T12:57:44.188Z"}}, {"model": "notifications.orderevent", "pk": "4b7c12c8-3947-42da-a521-552031369269", "fields": {"order": "d2c91e39-2967-459a-a492-7f82d78041cf", "event": "INITIATED", "description": "Your truQ order has been booked successfully, please proceed to payment.", "priority": "LOW", "target": "USER-APP", "added_on": "2021-09-21T11:48:58.498Z"}}, {"model": "notifications.orderevent", "pk": "4e7cbb54-2893-4298-af10-38758128d872", "fields": {"order": "163adb12-ab66-4a01-9920-15d74e34c0f4", "event": "MATCHED", "description": "Order changed to MATCHED by Isaac Chikutukutu (+27738692207).", "priority": "LOW", "target": "USER-APP", "added_on": "2021-10-03T17:14:05.262Z"}}, {"model": "notifications.orderevent", "pk": "50b7b3f0-3bb5-4724-89ab-a975f3eae581", "fields": {"order": "4107cb38-f168-4a58-a5ab-90543f47774b", "event": "INITIATED", "description": "Hi Labby Media, a TruQ order has been booked for you by Williams, please get payment link from the agent.", "priority": "LOW", "target": "USER-APP", "added_on": "2021-09-15T17:57:29.904Z"}}, {"model": "notifications.orderevent", "pk": "51a12b56-6f14-4b4c-b9c0-cf04d37e5618", "fields": {"order": "1cd290cd-4281-4fe2-90b8-0d3514f6a04b", "event": "ORDER ASSIGNED TO TRIP", "description": "Connecting you to the closest driver right away. Track your order on: https://app.mytruq.com/track-order/1cd290cd-4281-4fe2-90b8-0d3514f6a04b.", "priority": "MEDIUM", "target": "USER-APP", "added_on": "2021-10-12T07:26:00.365Z"}}, {"model": "notifications.orderevent", "pk": "588d719c-4ad0-439d-8838-647b6a428d36", "fields": {"order": "4a4ba5fa-32f1-4a8a-804a-13cd888f6915", "event": "INITIATED", "description": "Your truQ order has been booked successfully, please proceed to payment.", "priority": "LOW", "target": "USER-APP", "added_on": "2021-09-13T09:09:12.280Z"}}, {"model": "notifications.orderevent", "pk": "596ff453-de72-4e73-a694-07f72bbb0328", "fields": {"order": "4106945e-d854-49fd-b813-26f770550493", "event": "DELIVERED", "description": "Your trip #4106945e-d854-49fd-b813-26f770550493 has been completed successfully. Thank you for using TruQ!", "priority": "LOW", "target": "USER-APP", "added_on": "2021-09-16T18:18:39.929Z"}}, {"model": "notifications.orderevent", "pk": "59b949cc-9fcf-41b2-84ea-e0e89eec92da", "fields": {"order": "163adb12-ab66-4a01-9920-15d74e34c0f4", "event": "PAYMENT-RECEIVED", "description": "Order changed to PAYMENT-RECEIVED by Isaac Chikutukutu (+27738692207).", "priority": "LOW", "target": "USER-APP", "added_on": "2021-09-23T10:39:57.328Z"}}, {"model": "notifications.orderevent", "pk": "5c443755-3362-47be-9dad-05e5729152e3", "fields": {"order": "c7fc34fc-73ea-475c-adaf-15f88f99f5d4", "event": "INITIATED", "description": "Hi saviganga, a TruQ order has been booked for you by Eby, please get payment link from the agent.", "priority": "LOW", "target": "USER-APP", "added_on": "2021-09-17T17:14:35.214Z"}}, {"model": "notifications.orderevent", "pk": "63180f51-8fad-464a-9863-95ddafa7ba9d", "fields": {"order": "c4f5e478-ac65-4707-b0b9-1b0829d216d6", "event": "INITIATED", "description": "Your truQ order has been booked successfully, please proceed to payment.", "priority": "LOW", "target": "USER-APP", "added_on": "2021-09-25T14:03:02.143Z"}}, {"model": "notifications.orderevent", "pk": "66ba78d7-320e-4c7a-ba9e-2ed91dcd37a0", "fields": {"order": "5ac7b574-6e9e-4401-a19e-f12fc86ea460", "event": "INITIATED", "description": "Your truQ order has been booked successfully, please proceed to payment.", "priority": "LOW", "target": "USER-APP", "added_on": "2021-09-13T10:01:01.702Z"}}, {"model": "notifications.orderevent", "pk": "671b2202-f8b1-4295-a761-3408346929be", "fields": {"order": "f75a0ef8-68e7-4fcb-800f-30898c2371c4", "event": "INITIATED", "description": "Your truQ order has been booked successfully, please proceed to payment.", "priority": "LOW", "target": "USER-APP", "added_on": "2021-09-13T09:05:38.565Z"}}, {"model": "notifications.orderevent", "pk": "694eea53-20e2-47e2-a074-1f1a7dae68ac", "fields": {"order": "8c042ca5-2cd8-4189-80e6-98c0171b2180", "event": "INITIATED", "description": "Your truQ order has been booked successfully, please proceed to payment.", "priority": "LOW", "target": "USER-APP", "added_on": "2021-10-22T15:14:19.751Z"}}, {"model": "notifications.orderevent", "pk": "6c1dcd65-49d0-402a-98bb-bec4aa5a5e5c", "fields": {"order": "90708dd8-4134-459c-97d6-b3095818c8e8", "event": "INITIATED", "description": "Your truQ order has been booked successfully, please proceed to payment.", "priority": "LOW", "target": "USER-APP", "added_on": "2021-09-12T15:19:33.899Z"}}, {"model": "notifications.orderevent", "pk": "703b941d-be8c-473f-a767-e7a77f29b255", "fields": {"order": "d2a3b974-fcf0-467a-b1fd-a9c03dcc48ea", "event": "INITIATED", "description": "Hi Eby, a TruQ order has been booked for you by saviganga, please get payment link from the agent.", "priority": "LOW", "target": "USER-APP", "added_on": "2021-09-13T09:30:14.206Z"}}, {"model": "notifications.orderevent", "pk": "710278de-c18d-4490-97cf-51036176c6bb", "fields": {"order": "0b928165-9a92-4cbb-9064-6a39b2328232", "event": "INITIATED", "description": "Your truQ order has been booked successfully, please proceed to payment.", "priority": "LOW", "target": "USER-APP", "added_on": "2021-10-29T10:39:24.092Z"}}, {"model": "notifications.orderevent", "pk": "71e1d9d3-a3c7-418f-a051-93eea85be525", "fields": {"order": "5007c984-0e95-4bcd-a756-25739baf91ee", "event": "INITIATED", "description": "Hi Eby, a TruQ order has been booked for you by Eniola, please get payment link from the agent.", "priority": "LOW", "target": "USER-APP", "added_on": "2021-09-14T15:24:01.859Z"}}, {"model": "notifications.orderevent", "pk": "75526ecf-9db1-48d2-aebf-4ce31f327811", "fields": {"order": "4107cb38-f168-4a58-a5ab-90543f47774b", "event": "LOADING", "description": "Your TruQ driver has arrived for pick-up.", "priority": "LOW", "target": "USER-APP", "added_on": "2021-09-20T14:41:31.316Z"}}, {"model": "notifications.orderevent", "pk": "767e4397-5ff1-48ec-b1ce-561d6f18d7e6", "fields": {"order": "163adb12-ab66-4a01-9920-15d74e34c0f4", "event": "INITIATED", "description": "Your truQ order has been booked successfully, please proceed to payment.", "priority": "LOW", "target": "USER-APP", "added_on": "2021-09-16T07:48:30.930Z"}}, {"model": "notifications.orderevent", "pk": "780dc051-1de9-4697-ad03-1d5fa034906a", "fields": {"order": "afd61457-93bd-497a-a2a3-f2e278355294", "event": "INITIATED", "description": "Your truQ order has been booked successfully, please proceed to payment.", "priority": "LOW", "target": "USER-APP", "added_on": "2021-09-13T08:46:24.246Z"}}, {"model": "notifications.orderevent", "pk": "792eebd4-3d02-4b72-bb91-eec41613d0d6", "fields": {"order": "384d5d4b-6760-49c3-8adf-e2bd19ccfc9d", "event": "IN-TRANSIT", "description": "Your TruQ is now heading to drop-off.", "priority": "LOW", "target": "USER-APP", "added_on": "2021-10-03T16:38:46.575Z"}}, {"model": "notifications.orderevent", "pk": "8096043f-8ff5-4eba-9b5c-ee5d276a9c57", "fields": {"order": "1cd290cd-4281-4fe2-90b8-0d3514f6a04b", "event": "ORDER PAYMENT RECEIVED", "description": "Received payment of NGN 5976.27 for Order #d56438ef-b219-47ff-a05f-57d05ab06156 !", "priority": "HIGH", "target": "USER-APP", "added_on": "2021-10-12T07:26:00.450Z"}}, {"model": "notifications.orderevent", "pk": "824945b8-0d16-46f6-9389-2827017ef46e", "fields": {"order": "384d5d4b-6760-49c3-8adf-e2bd19ccfc9d", "event": "ORDER PAYMENT RECEIVED", "description": "Received payment of NGN 4000.00 for Order #b76b9591-bc13-409a-8ea0-25b761644faa !", "priority": "HIGH", "target": "USER-APP", "added_on": "2021-09-14T14:44:30.148Z"}}, {"model": "notifications.orderevent", "pk": "82b40da5-e2ce-4cd3-b1dc-fa2423239a3f", "fields": {"order": "4106945e-d854-49fd-b813-26f770550493", "event": "ORDER ASSIGNED TO TRIP", "description": "Connecting you to the closest driver right away. Track your order on: https://app.mytruq.com/track-order/4106945e-d854-49fd-b813-26f770550493.", "priority": "MEDIUM", "target": "USER-APP", "added_on": "2021-09-15T18:12:31.456Z"}}, {"model": "notifications.orderevent", "pk": "842e5895-10a6-434d-9aa6-b1455e7d0630", "fields": {"order": "11f96411-3403-4c57-8b38-53e2d34a1a29", "event": "INITIATED", "description": "Your truQ order has been booked successfully, please proceed to payment.", "priority": "LOW", "target": "USER-APP", "added_on": "2021-10-05T09:33:54.066Z"}}, {"model": "notifications.orderevent", "pk": "84963145-814c-4da7-9dfa-85bdf11cff93", "fields": {"order": "163adb12-ab66-4a01-9920-15d74e34c0f4", "event": "LOADING", "description": "Your TruQ driver has arrived for pick-up.", "priority": "LOW", "target": "USER-APP", "added_on": "2021-10-03T17:14:09.632Z"}}, {"model": "notifications.orderevent", "pk": "851da120-e35d-4945-a64c-ab53a03d8d2f", "fields": {"order": "fb521513-4a29-4551-963e-c56e23bcfabc", "event": "INITIATED", "description": "Your truQ order has been booked successfully, please proceed to payment.", "priority": "LOW", "target": "USER-APP", "added_on": "2021-10-29T10:41:55.783Z"}}, {"model": "notifications.orderevent", "pk": "8668c607-b5f3-490a-9700-71cf4a3870b2", "fields": {"order": "cccb9df1-7e35-4333-945a-1700d04d2cc2", "event": "ORDER ASSIGNED TO TRIP", "description": "Connecting you to the closest driver right away. Track your order on: https://app.mytruq.com/track-order/cccb9df1-7e35-4333-945a-1700d04d2cc2.", "priority": "MEDIUM", "target": "USER-APP", "added_on": "2021-10-29T21:17:39.635Z"}}, {"model": "notifications.orderevent", "pk": "86e299fd-acfd-4f88-b33d-9ce9e275a5e6", "fields": {"order": "4106945e-d854-49fd-b813-26f770550493", "event": "IN-TRANSIT", "description": "Your TruQ is now heading to drop-off.", "priority": "LOW", "target": "USER-APP", "added_on": "2021-09-16T18:18:28.557Z"}}, {"model": "notifications.orderevent", "pk": "88abc669-cb78-44e8-bb57-2bb84c6f5438", "fields": {"order": "b21c719d-945c-43c3-aa22-72b12df039bc", "event": "INITIATED", "description": "Your truQ order has been booked successfully, please proceed to payment.", "priority": "LOW", "target": "USER-APP", "added_on": "2021-09-15T18:15:05.650Z"}}, {"model": "notifications.orderevent", "pk": "89fabbb7-d6c7-4d31-874e-77aa0b63d268", "fields": {"order": "4a686f86-5dcd-47bc-a142-0ffa18053078", "event": "INITIATED", "description": "Your truQ order has been booked successfully, please proceed to payment.", "priority": "LOW", "target": "USER-APP", "added_on": "2021-09-13T09:47:02.748Z"}}, {"model": "notifications.orderevent", "pk": "8bb956bd-a50a-4473-9839-9b048c6aaf29", "fields": {"order": "163adb12-ab66-4a01-9920-15d74e34c0f4", "event": "IN-QUEUE", "description": "Order changed to IN-QUEUE by Isaac Chikutukutu (+27738692207).", "priority": "LOW", "target": "USER-APP", "added_on": "2021-10-03T17:13:58.603Z"}}, {"model": "notifications.orderevent", "pk": "8c2113ee-fd06-45fc-b698-bef7f5bec9b3", "fields": {"order": "163adb12-ab66-4a01-9920-15d74e34c0f4", "event": "OFFLOADING", "description": "Your TruQ has arrived at destination. Please confirm delivery to complete the trip.", "priority": "LOW", "target": "USER-APP", "added_on": "2021-10-03T17:14:25.774Z"}}, {"model": "notifications.orderevent", "pk": "92017c3d-d057-4df3-a4b5-5b7cba86df67", "fields": {"order": "4d4edfb4-6e79-4e53-a341-1ab41af0e4f6", "event": "INITIATED", "description": "Your truQ order has been booked successfully, please proceed to payment.", "priority": "LOW", "target": "USER-APP", "added_on": "2021-10-29T10:35:26.870Z"}}, {"model": "notifications.orderevent", "pk": "97889117-f978-4f06-bd1b-df56c7e0b0e0", "fields": {"order": "1cd290cd-4281-4fe2-90b8-0d3514f6a04b", "event": "INITIATED", "description": "Your truQ order has been booked successfully, please proceed to payment.", "priority": "LOW", "target": "USER-APP", "added_on": "2021-10-12T07:25:41.429Z"}}, {"model": "notifications.orderevent", "pk": "9b3c8dad-9a51-4319-b88b-809a5aa5d2a5", "fields": {"order": "4106945e-d854-49fd-b813-26f770550493", "event": "INITIATED", "description": "Your truQ order has been booked successfully, please proceed to payment.", "priority": "LOW", "target": "USER-APP", "added_on": "2021-09-15T18:12:06.061Z"}}, {"model": "notifications.orderevent", "pk": "9b86da3a-dfe6-473a-9c26-73dadcf230e9", "fields": {"order": "8c042ca5-2cd8-4189-80e6-98c0171b2180", "event": "ORDER PAYMENT RECEIVED", "description": "Received payment of NGN 7057.48 for Order #75a40927-3462-42eb-be6e-c06e7b7c4810 !", "priority": "HIGH", "target": "USER-APP", "added_on": "2021-10-22T16:51:44.117Z"}}, {"model": "notifications.orderevent", "pk": "9bf63311-f46d-45be-bfe5-7b8af7c4ae1a", "fields": {"order": "0b0a9fb8-cf6a-4c71-9ab2-4239854b5298", "event": "INITIATED", "description": "Hi saviganga, a TruQ order has been booked for you by Eby, please get payment link from the agent.", "priority": "LOW", "target": "USER-APP", "added_on": "2021-09-15T12:37:56.502Z"}}, {"model": "notifications.orderevent", "pk": "9fc31fb8-1178-4ee0-a281-f45099ab04d6", "fields": {"order": "cccb9df1-7e35-4333-945a-1700d04d2cc2", "event": "ORDER PAYMENT RECEIVED", "description": "Received payment of NGN 0.00 for Order #627d59b8-9872-41f6-88f8-e86e2014adf7 !", "priority": "HIGH", "target": "USER-APP", "added_on": "2021-10-29T21:23:36.095Z"}}, {"model": "notifications.orderevent", "pk": "a0cdce22-6669-470c-808a-a9ee30d34d9a", "fields": {"order": "78333eaa-1c66-4db4-9786-205458bc44c7", "event": "INITIATED", "description": "Hi Lola, a TruQ order has been booked for you by Foluso, please get payment link from the agent.", "priority": "LOW", "target": "USER-APP", "added_on": "2021-09-26T20:19:17.125Z"}}, {"model": "notifications.orderevent", "pk": "a8ac0018-9842-4291-a935-1d163771a4d7", "fields": {"order": "c68e349a-95c0-4cd3-9777-834ba83ca3e1", "event": "INITIATED", "description": "Hi saviganga, a TruQ order has been booked for you by Eby, please get payment link from the agent.", "priority": "LOW", "target": "USER-APP", "added_on": "2021-09-13T10:09:20.551Z"}}, {"model": "notifications.orderevent", "pk": "aa80aee6-d008-4023-85cb-596d17774af6", "fields": {"order": "67f61f4f-39fc-414f-8063-510cbc7bf006", "event": "Your trip has been accepted by Cynthia Berry.", "description": null, "priority": "LOW", "target": "USER-APP", "added_on": "2021-10-12T11:22:14.108Z"}}, {"model": "notifications.orderevent", "pk": "aa8bdc75-0221-4dca-8955-e5d9ad6267ce", "fields": {"order": "163adb12-ab66-4a01-9920-15d74e34c0f4", "event": "QUALITY-CONTROL", "description": "Order changed to QUALITY-CONTROL by Isaac Chikutukutu (+27738692207).", "priority": "LOW", "target": "USER-APP", "added_on": "2021-10-03T17:13:51.887Z"}}, {"model": "notifications.orderevent", "pk": "b0f9bdf7-3716-477a-973e-aaacad931c28", "fields": {"order": "a17a291d-d41b-4f2f-9e39-4c764f4c292b", "event": "LOADING", "description": "Your TruQ driver has arrived for pick-up.", "priority": "LOW", "target": "USER-APP", "added_on": "2021-09-15T12:14:43.347Z"}}, {"model": "notifications.orderevent", "pk": "b49a2387-5697-4fbe-9d5c-661248ed7cd9", "fields": {"order": "1800edb1-ff5d-4e87-a202-608b9b482c24", "event": "INITIATED", "description": "Your truQ order has been booked successfully, please proceed to payment.", "priority": "LOW", "target": "USER-APP", "added_on": "2021-10-08T16:26:35.030Z"}}, {"model": "notifications.orderevent", "pk": "ba8b108d-a80f-4f40-a8b3-948f735850dc", "fields": {"order": "163adb12-ab66-4a01-9920-15d74e34c0f4", "event": "DELIVERED", "description": "Your trip #163adb12-ab66-4a01-9920-15d74e34c0f4 has been completed successfully. Thank you for using TruQ!", "priority": "LOW", "target": "USER-APP", "added_on": "2021-10-03T17:14:36.710Z"}}, {"model": "notifications.orderevent", "pk": "bbaa3581-086d-4a8a-a145-01a574919ce8", "fields": {"order": "cccb9df1-7e35-4333-945a-1700d04d2cc2", "event": "INITIATED", "description": "Your truQ order has been booked successfully, please proceed to payment.", "priority": "LOW", "target": "USER-APP", "added_on": "2021-10-29T21:13:46.646Z"}}, {"model": "notifications.orderevent", "pk": "bc40fef5-56fb-421d-b54f-ec51f064db97", "fields": {"order": "8d7cbd60-97c1-460a-8f76-b4931bb17350", "event": "INITIATED", "description": "Your truQ order has been booked successfully, please proceed to payment.", "priority": "LOW", "target": "USER-APP", "added_on": "2021-09-13T09:54:11.710Z"}}, {"model": "notifications.orderevent", "pk": "bdd746dc-a499-49b0-9f67-93e17a9a154f", "fields": {"order": "23fe8af8-bfb6-4bbf-ad6c-f7e7d952dfab", "event": "ORDER ASSIGNED TO TRIP", "description": "Connecting you to the closest driver right away. Track your order on: https://app.mytruq.com/track-order/23fe8af8-bfb6-4bbf-ad6c-f7e7d952dfab.", "priority": "MEDIUM", "target": "USER-APP", "added_on": "2021-09-13T08:38:20.405Z"}}, {"model": "notifications.orderevent", "pk": "c0073508-84e5-4177-9b22-773f42cf9942", "fields": {"order": "a17a291d-d41b-4f2f-9e39-4c764f4c292b", "event": "ORDER ASSIGNED TO TRIP", "description": "Connecting you to the closest driver right away. Track your order on: https://app.mytruq.com/track-order/a17a291d-d41b-4f2f-9e39-4c764f4c292b.", "priority": "MEDIUM", "target": "USER-APP", "added_on": "2021-09-15T11:31:43.528Z"}}, {"model": "notifications.orderevent", "pk": "c1ec39dd-32b9-48bb-9db2-e66648fd37da", "fields": {"order": "73cd66b0-17be-4521-a0d3-c415398a24c2", "event": "INITIATED", "description": "Your truQ order has been booked successfully, please proceed to payment.", "priority": "LOW", "target": "USER-APP", "added_on": "2021-09-15T18:28:28.139Z"}}, {"model": "notifications.orderevent", "pk": "c52454ac-231e-498e-aea3-0237fe7dac35", "fields": {"order": "0677aabb-7ee3-4a6d-bc69-6e350013c00b", "event": "INITIATED", "description": "Your truQ order has been booked successfully, please proceed to payment.", "priority": "LOW", "target": "USER-APP", "added_on": "2021-09-16T07:52:04.234Z"}}, {"model": "notifications.orderevent", "pk": "c5b6f1cf-9b8d-404e-9fa9-2e028b8044af", "fields": {"order": "a17a291d-d41b-4f2f-9e39-4c764f4c292b", "event": "INITIATED", "description": "Your truQ order has been booked successfully, please proceed to payment.", "priority": "LOW", "target": "USER-APP", "added_on": "2021-09-15T11:31:15.811Z"}}, {"model": "notifications.orderevent", "pk": "c7994c1c-146c-4ee5-a337-4eba491e5275", "fields": {"order": "4106945e-d854-49fd-b813-26f770550493", "event": "ORDER PAYMENT RECEIVED", "description": "Received payment of NGN 43295 for Order #037a6db1-747f-4cb1-a37c-a7e6f879c028 !", "priority": "HIGH", "target": "USER-APP", "added_on": "2021-09-15T18:12:31.564Z"}}, {"model": "notifications.orderevent", "pk": "ce0c95b8-dd15-4f02-8c76-cb4d9f14cbe9", "fields": {"order": "f4f53d57-4317-454b-b0c6-53adf54cc608", "event": "INITIATED", "description": "Hi Lola Bright, a TruQ order has been booked for you by Foluso, please get payment link from the agent.", "priority": "LOW", "target": "USER-APP", "added_on": "2021-09-15T16:45:09.331Z"}}, {"model": "notifications.orderevent", "pk": "ce75e537-2fc9-400d-9ba6-9e977e550d6e", "fields": {"order": "4107cb38-f168-4a58-a5ab-90543f47774b", "event": "IN-TRANSIT", "description": "Your TruQ is now heading to drop-off.", "priority": "LOW", "target": "USER-APP", "added_on": "2021-10-03T16:17:03.041Z"}}, {"model": "notifications.orderevent", "pk": "cfff3926-daf5-438d-a819-9b58f25bf4f6", "fields": {"order": "23fe8af8-bfb6-4bbf-ad6c-f7e7d952dfab", "event": "INITIATED", "description": "Your truQ order has been booked successfully, please proceed to payment.", "priority": "LOW", "target": "USER-APP", "added_on": "2021-09-13T08:32:48.729Z"}}, {"model": "notifications.orderevent", "pk": "d2346256-a6f5-4a64-87fc-7b29906ed341", "fields": {"order": "862b9f3a-c11e-4fea-b112-37dcac120edc", "event": "INITIATED", "description": "Your truQ order has been booked successfully, please proceed to payment.", "priority": "LOW", "target": "USER-APP", "added_on": "2021-10-08T15:54:35.364Z"}}, {"model": "notifications.orderevent", "pk": "d3c0fca4-10a4-4d34-a51f-32dfd3a4443b", "fields": {"order": "4107cb38-f168-4a58-a5ab-90543f47774b", "event": "ORDER ASSIGNED TO TRIP", "description": "Connecting you to the closest driver right away. Track your order on: https://app.mytruq.com/track-order/4107cb38-f168-4a58-a5ab-90543f47774b.", "priority": "HIGH", "target": "USER-APP", "added_on": "2021-09-15T17:59:17.801Z"}}, {"model": "notifications.orderevent", "pk": "d8125f8d-9f76-4e02-93b4-107730794d05", "fields": {"order": "89ecda47-6a66-4d02-98aa-79e8fd0a5b95", "event": "INITIATED", "description": "Hi Wale Fatayo, a TruQ order has been booked for you by Williams, please get payment link from the agent.", "priority": "LOW", "target": "USER-APP", "added_on": "2021-09-15T18:34:05.588Z"}}, {"model": "notifications.orderevent", "pk": "d953c651-2e24-4d42-bad5-02d45b01bf49", "fields": {"order": "384d5d4b-6760-49c3-8adf-e2bd19ccfc9d", "event": "LOADING", "description": "Your TruQ driver has arrived for pick-up.", "priority": "LOW", "target": "USER-APP", "added_on": "2021-09-20T14:43:59.720Z"}}, {"model": "notifications.orderevent", "pk": "da592858-4ad8-483c-b333-52b1e56af077", "fields": {"order": "6be790e7-f3ae-41e1-9efe-49a6e9c9462a", "event": "INITIATED", "description": "Hi Eby, a TruQ order has been booked for you by saviganga, please get payment link from the agent.", "priority": "LOW", "target": "USER-APP", "added_on": "2021-09-13T09:11:37.208Z"}}, {"model": "notifications.orderevent", "pk": "dd22cdbe-3870-43ec-a372-c58b4efa792c", "fields": {"order": "aca4e7cc-ef26-4d85-bed9-d441fb2d5e9a", "event": "INITIATED", "description": "Your truQ order has been booked successfully, please proceed to payment.", "priority": "LOW", "target": "USER-APP", "added_on": "2021-09-13T09:40:06.330Z"}}, {"model": "notifications.orderevent", "pk": "dd4a33b0-ae23-4aa2-9c97-d6e701055db4", "fields": {"order": "dfdb31b9-91a8-4481-834a-9736cba206fc", "event": "INITIATED", "description": "Your truQ order has been booked successfully, please proceed to payment.", "priority": "LOW", "target": "USER-APP", "added_on": "2021-09-13T09:07:50.778Z"}}, {"model": "notifications.orderevent", "pk": "e7ebd771-9917-4c41-b580-c9c3565f3c19", "fields": {"order": "67f61f4f-39fc-414f-8063-510cbc7bf006", "event": "INITIATED", "description": "Hi saviganga, a TruQ order has been booked for you by Eby, please get payment link from the agent.", "priority": "LOW", "target": "USER-APP", "added_on": "2021-09-14T15:31:34.675Z"}}, {"model": "notifications.orderevent", "pk": "eb1c5e1e-c441-451f-9e00-91497b0466c1", "fields": {"order": "4107cb38-f168-4a58-a5ab-90543f47774b", "event": "OFFLOADING", "description": "Your TruQ has arrived at destination. Please confirm delivery to complete the trip.", "priority": "LOW", "target": "USER-APP", "added_on": "2021-10-03T17:16:11.940Z"}}, {"model": "notifications.orderevent", "pk": "eec0409c-72b8-412c-9c13-7e2c35c1e2ae", "fields": {"order": "8c042ca5-2cd8-4189-80e6-98c0171b2180", "event": "Your trip has been accepted by Aderounmu Bamgbose.", "description": null, "priority": "LOW", "target": "USER-APP", "added_on": "2021-10-25T13:59:22.668Z"}}, {"model": "notifications.orderevent", "pk": "effb3728-62ea-4a51-a457-fa1120b06c07", "fields": {"order": "cccb9df1-7e35-4333-945a-1700d04d2cc2", "event": "ORDER ASSIGNED TO TRIP", "description": "Connecting you to the closest driver right away. Track your order on: https://app.mytruq.com/track-order/cccb9df1-7e35-4333-945a-1700d04d2cc2.", "priority": "MEDIUM", "target": "USER-APP", "added_on": "2021-10-29T21:23:30.464Z"}}, {"model": "notifications.orderevent", "pk": "f1f0aa7f-22e4-4e71-9a9c-011956377c4a", "fields": {"order": "4106945e-d854-49fd-b813-26f770550493", "event": "DISPUTED", "description": "Order changed to DISPUTED by Cynthia Berry (+2348164597176).", "priority": "LOW", "target": "USER-APP", "added_on": "2021-09-16T18:18:43.270Z"}}, {"model": "notifications.orderevent", "pk": "f9f3c772-35c6-455d-a294-f8cb6fec7289", "fields": {"order": "af5e8a55-179d-45c8-a4d5-ef1026a7efd4", "event": "INITIATED", "description": "Your truQ order has been booked successfully, please proceed to payment.", "priority": "LOW", "target": "USER-APP", "added_on": "2021-09-12T15:31:51.160Z"}}, {"model": "notifications.orderevent", "pk": "fd1894f6-8557-4087-8699-92d39ad47ee0", "fields": {"order": "ccada92e-26b1-4e29-8275-53db1fcb4778", "event": "INITIATED", "description": "Your truQ order has been booked successfully, please proceed to payment.", "priority": "LOW", "target": "USER-APP", "added_on": "2021-09-25T16:47:25.985Z"}}, {"model": "notifications.orderevent", "pk": "fd86f843-fbd0-4277-a477-d09303c6eb59", "fields": {"order": "163adb12-ab66-4a01-9920-15d74e34c0f4", "event": "Your trip has been accepted by Isaac Chikutukutu.", "description": null, "priority": "LOW", "target": "USER-APP", "added_on": "2021-09-23T10:39:37.284Z"}}, {"model": "payments.tripvehiclepayment", "pk": "115dd538-0b09-4f37-a926-e492132045b3", "fields": {"trip": "2e5aba19-858e-4655-93cd-89c039b05634", "currency": "NGN", "amount": "5916.51", "is_paid": false, "paid_on": null, "added_on": "2021-10-12T07:26:00.359Z", "updated_on": "2021-10-12T07:26:00.359Z"}}, {"model": "payments.tripvehiclepayment", "pk": "15f45f7b-41f4-47ca-9822-a1b1aabe0e0f", "fields": {"trip": "54d340de-1b15-47b6-90c1-f17dda7f7d1f", "currency": "NGN", "amount": "6986.91", "is_paid": false, "paid_on": null, "added_on": "2021-10-22T16:51:39.561Z", "updated_on": "2021-10-22T16:51:39.561Z"}}, {"model": "payments.tripvehiclepayment", "pk": "166f7be0-9985-4cd8-9bd9-8e3341dfcfa6", "fields": {"trip": "be30c4c4-a5eb-4d28-ae4f-8c92c5e881b4", "currency": "NGN", "amount": "9499.05", "is_paid": false, "paid_on": null, "added_on": "2021-10-29T21:17:37.793Z", "updated_on": "2021-10-29T21:17:37.793Z"}}, {"model": "payments.tripvehiclepayment", "pk": "5d01a7aa-1aee-4eb4-a059-545a2fd6c5aa", "fields": {"trip": "c4935ed1-a07e-47c3-bac5-4d38ef8b50b9", "currency": "NGN", "amount": "3960.00", "is_paid": false, "paid_on": null, "added_on": "2021-09-14T14:44:28.996Z", "updated_on": "2021-09-14T14:44:28.996Z"}}, {"model": "payments.tripvehiclepayment", "pk": "78ae0992-3e2a-409f-96b0-4f43e305208e", "fields": {"trip": "73e5ee1f-423a-4de9-be0a-59d1d8347672", "currency": "NGN", "amount": "8839.71", "is_paid": false, "paid_on": null, "added_on": "2021-09-15T11:31:43.522Z", "updated_on": "2021-09-15T11:31:43.522Z"}}, {"model": "payments.tripvehiclepayment", "pk": "8b4f6fe2-958a-43c3-b844-9fb28243b3f9", "fields": {"trip": "bec10cd9-3b7d-4361-96dd-5678c029bf4c", "currency": "NGN", "amount": "3960.00", "is_paid": false, "paid_on": null, "added_on": "2021-09-14T15:40:56.226Z", "updated_on": "2021-09-14T15:40:56.226Z"}}, {"model": "payments.tripvehiclepayment", "pk": "8b7c8809-dc71-491c-874f-379318994baa", "fields": {"trip": "c28fd98e-de00-40bb-9074-ae2e1e53cedb", "currency": "NGN", "amount": "43792.06", "is_paid": false, "paid_on": null, "added_on": "2021-09-15T17:59:17.794Z", "updated_on": "2021-09-15T17:59:17.794Z"}}, {"model": "payments.tripvehiclepayment", "pk": "b04f5a2d-61bc-41e7-8cf2-50485a6f9615", "fields": {"trip": "7e472086-b5a2-4688-b41b-30bcbd4a9479", "currency": "NGN", "amount": "6304.86", "is_paid": false, "paid_on": null, "added_on": "2021-09-17T17:33:16.896Z", "updated_on": "2021-09-17T17:33:16.896Z"}}, {"model": "payments.tripvehiclepayment", "pk": "d42b90fb-6952-4dbe-bec7-c3a91fa90f4e", "fields": {"trip": "f92a27f5-ffab-42c6-9e2b-a9c937d0897a", "currency": "NGN", "amount": "3960.00", "is_paid": false, "paid_on": null, "added_on": "2021-09-13T08:38:19.391Z", "updated_on": "2021-09-13T08:38:19.391Z"}}, {"model": "payments.tripvehiclepayment", "pk": "ff84c774-a2e3-4568-8c12-de4036734a59", "fields": {"trip": "702cc4b5-329c-4e7a-9057-b233fdc52a52", "currency": "NGN", "amount": "42862.05", "is_paid": false, "paid_on": null, "added_on": "2021-09-15T18:12:31.447Z", "updated_on": "2021-09-15T18:12:31.447Z"}}, {"model": "payments.orderpayment", "pk": "026bd696-e56e-4683-a805-33f599abd527", "fields": {"order": "4d4edfb4-6e79-4e53-a341-1ab41af0e4f6", "currency": "NGN", "charges": "4040.00", "coupon": null, "amount_paid": "0.00", "balance": "0.00", "is_paid": false, "paid_on": null, "added_on": "2021-10-29T10:35:26.563Z", "updated_on": "2021-10-29T10:35:26.563Z"}}, {"model": "payments.orderpayment", "pk": "037a6db1-747f-4cb1-a37c-a7e6f879c028", "fields": {"order": "4106945e-d854-49fd-b813-26f770550493", "currency": "NGN", "charges": "43295.00", "coupon": null, "amount_paid": "43295.00", "balance": "0.00", "is_paid": true, "paid_on": null, "added_on": "2021-09-15T18:12:06.468Z", "updated_on": "2021-09-15T18:12:31.340Z"}}, {"model": "payments.orderpayment", "pk": "0900696f-1df7-4379-b107-6e55208a83d1", "fields": {"order": "71645637-a91b-47b0-bdcc-aad057369d92", "currency": "NGN", "charges": "4000.00", "coupon": null, "amount_paid": "0.00", "balance": "0.00", "is_paid": false, "paid_on": null, "added_on": "2021-09-14T21:41:53.707Z", "updated_on": "2021-09-14T21:41:53.707Z"}}, {"model": "payments.orderpayment", "pk": "0a2cc7bd-2bb6-4437-88c0-3ce9f4b4217d", "fields": {"order": "37939001-11fb-4714-9400-4e71e34ede74", "currency": "NGN", "charges": "16473.50", "coupon": null, "amount_paid": "0.00", "balance": "0.00", "is_paid": false, "paid_on": null, "added_on": "2021-09-13T09:57:44.501Z", "updated_on": "2021-09-13T09:57:44.501Z"}}, {"model": "payments.orderpayment", "pk": "0bed5dc2-62cb-44e2-b156-1dc60dfaedbb", "fields": {"order": "ece9c749-6e28-4b18-b5dd-97bf07864de4", "currency": "NGN", "charges": "4000.00", "coupon": null, "amount_paid": "0.00", "balance": "0.00", "is_paid": false, "paid_on": null, "added_on": "2021-09-13T12:57:44.636Z", "updated_on": "2021-09-13T12:57:44.636Z"}}, {"model": "payments.orderpayment", "pk": "0d3f972e-3c7c-486c-935d-9d3ddc1c1968", "fields": {"order": "11f96411-3403-4c57-8b38-53e2d34a1a29", "currency": "NGN", "charges": "5542.58", "coupon": null, "amount_paid": "0.00", "balance": "0.00", "is_paid": false, "paid_on": null, "added_on": "2021-10-05T09:33:54.453Z", "updated_on": "2021-10-05T09:33:54.453Z"}}, {"model": "payments.orderpayment", "pk": "0fae3e9d-a08f-4c7f-8e12-cd2942a78f14", "fields": {"order": "73cd66b0-17be-4521-a0d3-c415398a24c2", "currency": "NGN", "charges": "4000.00", "coupon": null, "amount_paid": "0.00", "balance": "0.00", "is_paid": false, "paid_on": null, "added_on": "2021-09-15T18:28:28.533Z", "updated_on": "2021-09-15T18:28:28.533Z"}}, {"model": "payments.orderpayment", "pk": "115b1f28-f437-4225-a739-b4be4201faf3", "fields": {"order": "a17a291d-d41b-4f2f-9e39-4c764f4c292b", "currency": "NGN", "charges": "8929.00", "coupon": null, "amount_paid": "8929.00", "balance": "0.00", "is_paid": true, "paid_on": null, "added_on": "2021-09-15T11:31:16.131Z", "updated_on": "2021-09-15T11:31:43.306Z"}}, {"model": "payments.orderpayment", "pk": "1e54c627-f607-476e-8140-9f3dbed8868f", "fields": {"order": "b21c719d-945c-43c3-aa22-72b12df039bc", "currency": "NGN", "charges": "36795.00", "coupon": null, "amount_paid": "0.00", "balance": "0.00", "is_paid": false, "paid_on": null, "added_on": "2021-09-15T18:15:06.027Z", "updated_on": "2021-09-15T18:15:06.027Z"}}, {"model": "payments.orderpayment", "pk": "1ffe2270-7859-4af6-82a8-895642848487", "fields": {"order": "851a2f2f-f28d-42c9-9e4f-cd8fec29de88", "currency": "NGN", "charges": "16448.55", "coupon": null, "amount_paid": "0.00", "balance": "0.00", "is_paid": false, "paid_on": null, "added_on": "2021-09-17T17:27:33.703Z", "updated_on": "2021-09-17T17:27:33.703Z"}}, {"model": "payments.orderpayment", "pk": "294ec9ee-4626-431e-9234-f7a66558fabd", "fields": {"order": "3a7c5fbc-8d8d-47fe-ae0e-e4a0e01ae272", "currency": "NGN", "charges": "16675.50", "coupon": null, "amount_paid": "0.00", "balance": "0.00", "is_paid": false, "paid_on": null, "added_on": "2021-09-13T10:02:32.805Z", "updated_on": "2021-09-13T10:02:32.805Z"}}, {"model": "payments.orderpayment", "pk": "29b61f16-cc9f-4e02-b585-e93f7cda2786", "fields": {"order": "c4f5e478-ac65-4707-b0b9-1b0829d216d6", "currency": "NGN", "charges": "9298.06", "coupon": null, "amount_paid": "0.00", "balance": "0.00", "is_paid": false, "paid_on": null, "added_on": "2021-10-03T12:45:42.142Z", "updated_on": "2021-10-03T12:45:42.142Z"}}, {"model": "payments.orderpayment", "pk": "2ec85cb6-6aa1-4bdf-aca0-567e54b7217b", "fields": {"order": "f4f53d57-4317-454b-b0c6-53adf54cc608", "currency": "NGN", "charges": "4000.00", "coupon": null, "amount_paid": "0.00", "balance": "0.00", "is_paid": false, "paid_on": null, "added_on": "2021-09-15T16:45:09.731Z", "updated_on": "2021-09-15T16:45:09.731Z"}}, {"model": "payments.orderpayment", "pk": "2f36c135-7c67-462c-be5a-7200ca4ba950", "fields": {"order": "0b928165-9a92-4cbb-9064-6a39b2328232", "currency": "NGN", "charges": "4040.00", "coupon": null, "amount_paid": "0.00", "balance": "0.00", "is_paid": false, "paid_on": null, "added_on": "2021-10-29T10:39:23.784Z", "updated_on": "2021-10-29T10:39:23.784Z"}}, {"model": "payments.orderpayment", "pk": "319bb9a8-f9e8-4b2e-b964-dbc049bc6e7f", "fields": {"order": "0677aabb-7ee3-4a6d-bc69-6e350013c00b", "currency": "NGN", "charges": "14797.20", "coupon": null, "amount_paid": "0.00", "balance": "0.00", "is_paid": false, "paid_on": null, "added_on": "2021-09-16T07:52:04.606Z", "updated_on": "2021-09-16T07:52:04.606Z"}}, {"model": "payments.orderpayment", "pk": "33cc2bdf-9f06-4eb3-afc9-d2f7803ac8f5", "fields": {"order": "4107cb38-f168-4a58-a5ab-90543f47774b", "currency": "NGN", "charges": "44234.40", "coupon": null, "amount_paid": "44234.40", "balance": "0.00", "is_paid": true, "paid_on": null, "added_on": "2021-09-15T17:57:30.409Z", "updated_on": "2021-09-15T17:59:17.591Z"}}, {"model": "payments.orderpayment", "pk": "38bbe25b-fda1-4184-b017-45f9a4066151", "fields": {"order": "862b9f3a-c11e-4fea-b112-37dcac120edc", "currency": "NGN", "charges": "7033.03", "coupon": null, "amount_paid": "0.00", "balance": "0.00", "is_paid": false, "paid_on": null, "added_on": "2021-10-08T15:54:40.894Z", "updated_on": "2021-10-08T15:54:40.894Z"}}, {"model": "payments.orderpayment", "pk": "39a73cde-841d-4ddf-b209-a2f82ea4a377", "fields": {"order": "b7ace6a1-4420-49f1-a352-b4e896677d32", "currency": "NGN", "charges": "6646.00", "coupon": null, "amount_paid": "0.00", "balance": "0.00", "is_paid": false, "paid_on": null, "added_on": "2021-10-08T16:42:40.414Z", "updated_on": "2021-10-08T16:42:40.414Z"}}, {"model": "payments.orderpayment", "pk": "3c9a72e6-3e25-44fc-ac4f-ca1c8d1d14e0", "fields": {"order": "60b8ac66-2e6b-4b98-81ee-7e30b246bc1c", "currency": "NGN", "charges": "4000.00", "coupon": null, "amount_paid": "0.00", "balance": "0.00", "is_paid": false, "paid_on": null, "added_on": "2021-09-14T15:52:04.209Z", "updated_on": "2021-09-14T15:52:04.209Z"}}, {"model": "payments.orderpayment", "pk": "3e9547b5-9cdf-4ec5-a3cd-44ad02f98aca", "fields": {"order": "5007c984-0e95-4bcd-a756-25739baf91ee", "currency": "NGN", "charges": "4000.00", "coupon": null, "amount_paid": "0.00", "balance": "0.00", "is_paid": false, "paid_on": null, "added_on": "2021-09-14T15:24:02.261Z", "updated_on": "2021-09-14T15:24:02.261Z"}}, {"model": "payments.orderpayment", "pk": "5045d3c6-4bdc-44b0-9c36-cc3c3da510a6", "fields": {"order": "18472b83-ae28-4801-9367-db58ec2db717", "currency": "NGN", "charges": "7000.00", "coupon": null, "amount_paid": "0.00", "balance": "0.00", "is_paid": false, "paid_on": null, "added_on": "2021-09-14T16:20:46.888Z", "updated_on": "2021-09-14T16:20:46.888Z"}}, {"model": "payments.orderpayment", "pk": "5076117c-00bd-4f7a-be14-cf63b786378f", "fields": {"order": "7bc46609-cedf-41be-863c-653654fd558c", "currency": "NGN", "charges": "4040.00", "coupon": null, "amount_paid": "0.00", "balance": "0.00", "is_paid": false, "paid_on": null, "added_on": "2021-10-29T10:43:54.585Z", "updated_on": "2021-10-29T10:43:54.586Z"}}, {"model": "payments.orderpayment", "pk": "50bc3fd3-41f3-4b14-a84b-5f24616163af", "fields": {"order": "1800edb1-ff5d-4e87-a202-608b9b482c24", "currency": "NGN", "charges": "7057.48", "coupon": null, "amount_paid": "0.00", "balance": "0.00", "is_paid": false, "paid_on": null, "added_on": "2021-10-08T16:26:39.242Z", "updated_on": "2021-10-08T16:26:39.242Z"}}, {"model": "payments.orderpayment", "pk": "5684fec7-03c4-4839-b5f4-1c2ff178eb08", "fields": {"order": "d25f1c4c-f01d-4713-9617-92d3ca39c2f5", "currency": "NGN", "charges": "6368.55", "coupon": null, "amount_paid": "6368.55", "balance": "0.00", "is_paid": true, "paid_on": null, "added_on": "2021-09-17T17:32:47.546Z", "updated_on": "2021-09-17T17:33:16.789Z"}}, {"model": "payments.orderpayment", "pk": "574a6a4c-e904-4b60-9d20-dece820f9a4c", "fields": {"order": "c68e349a-95c0-4cd3-9777-834ba83ca3e1", "currency": "NGN", "charges": "4000.00", "coupon": null, "amount_paid": "0.00", "balance": "0.00", "is_paid": false, "paid_on": null, "added_on": "2021-09-13T10:09:20.926Z", "updated_on": "2021-09-13T10:09:20.926Z"}}, {"model": "payments.orderpayment", "pk": "5d1f6941-38ba-432d-8a92-30b37b888399", "fields": {"order": "c7fc34fc-73ea-475c-adaf-15f88f99f5d4", "currency": "NGN", "charges": "16448.55", "coupon": null, "amount_paid": "0.00", "balance": "0.00", "is_paid": false, "paid_on": null, "added_on": "2021-09-17T17:14:35.565Z", "updated_on": "2021-09-17T17:14:35.565Z"}}, {"model": "payments.orderpayment", "pk": "5e5c2438-e66f-47a5-b545-d81ec1cf2cb7", "fields": {"order": "5ac7b574-6e9e-4401-a19e-f12fc86ea460", "currency": "NGN", "charges": "4000.00", "coupon": null, "amount_paid": "0.00", "balance": "0.00", "is_paid": false, "paid_on": null, "added_on": "2021-09-13T10:01:02.042Z", "updated_on": "2021-09-13T10:01:02.042Z"}}, {"model": "payments.orderpayment", "pk": "627d59b8-9872-41f6-88f8-e86e2014adf7", "fields": {"order": "cccb9df1-7e35-4333-945a-1700d04d2cc2", "currency": "NGN", "charges": "9595.00", "coupon": null, "amount_paid": "9595.00", "balance": "0.00", "is_paid": true, "paid_on": null, "added_on": "2021-10-29T21:13:46.339Z", "updated_on": "2021-10-29T21:23:28.528Z"}}, {"model": "payments.orderpayment", "pk": "713a8e6c-fc2c-44de-b8c0-733ff7534785", "fields": {"order": "afd61457-93bd-497a-a2a3-f2e278355294", "currency": "NGN", "charges": "7944.05", "coupon": null, "amount_paid": "0.00", "balance": "0.00", "is_paid": false, "paid_on": null, "added_on": "2021-09-13T08:46:27.572Z", "updated_on": "2021-09-13T08:46:27.573Z"}}, {"model": "payments.orderpayment", "pk": "75a40927-3462-42eb-be6e-c06e7b7c4810", "fields": {"order": "8c042ca5-2cd8-4189-80e6-98c0171b2180", "currency": "NGN", "charges": "7057.48", "coupon": null, "amount_paid": "7057.48", "balance": "0.00", "is_paid": true, "paid_on": null, "added_on": "2021-10-22T15:14:19.467Z", "updated_on": "2021-10-22T16:51:33.468Z"}}, {"model": "payments.orderpayment", "pk": "7e542fd9-f1bc-48dc-8b9b-423ae5e31f29", "fields": {"order": "4a686f86-5dcd-47bc-a142-0ffa18053078", "currency": "NGN", "charges": "10857.90", "coupon": null, "amount_paid": "0.00", "balance": "0.00", "is_paid": false, "paid_on": null, "added_on": "2021-09-13T09:47:05.821Z", "updated_on": "2021-09-13T09:47:05.821Z"}}, {"model": "payments.orderpayment", "pk": "81506055-94fc-41cb-ba2c-89c04bdda680", "fields": {"order": "67f61f4f-39fc-414f-8063-510cbc7bf006", "currency": "NGN", "charges": "4000.00", "coupon": null, "amount_paid": "4000.00", "balance": "0.00", "is_paid": true, "paid_on": null, "added_on": "2021-09-14T15:31:35.064Z", "updated_on": "2021-09-14T15:40:56.102Z"}}, {"model": "payments.orderpayment", "pk": "8fc0f791-3b69-4791-8550-3031c2fcdc55", "fields": {"order": "0b0a9fb8-cf6a-4c71-9ab2-4239854b5298", "currency": "NGN", "charges": "8929.00", "coupon": null, "amount_paid": "0.00", "balance": "0.00", "is_paid": false, "paid_on": null, "added_on": "2021-09-15T12:37:56.816Z", "updated_on": "2021-09-15T12:37:56.816Z"}}, {"model": "payments.orderpayment", "pk": "909db866-074a-4827-af95-a8c73b01f665", "fields": {"order": "11c3a1c5-03e1-499d-9c94-966b357a3067", "currency": "NGN", "charges": "9500.00", "coupon": null, "amount_paid": "0.00", "balance": "0.00", "is_paid": false, "paid_on": null, "added_on": "2021-09-17T20:43:04.454Z", "updated_on": "2021-09-17T20:43:04.454Z"}}, {"model": "payments.orderpayment", "pk": "91bae239-97a1-4c61-a232-8f52de7d6e0c", "fields": {"order": "98b6f73e-c273-4522-a71a-9b6a38aca8d1", "currency": "NGN", "charges": "4040.00", "coupon": null, "amount_paid": "0.00", "balance": "0.00", "is_paid": false, "paid_on": null, "added_on": "2021-10-05T07:38:34.216Z", "updated_on": "2021-10-05T07:38:34.216Z"}}, {"model": "payments.orderpayment", "pk": "92b55d16-cb74-4a04-8191-8f21793f72fc", "fields": {"order": "23fe8af8-bfb6-4bbf-ad6c-f7e7d952dfab", "currency": "NGN", "charges": "4000.00", "coupon": null, "amount_paid": "4000.00", "balance": "0.00", "is_paid": true, "paid_on": null, "added_on": "2021-09-13T08:32:51.898Z", "updated_on": "2021-09-13T08:38:13.951Z"}}, {"model": "payments.orderpayment", "pk": "9f44184b-d38b-4623-845a-faf35d86fc3b", "fields": {"order": "6be790e7-f3ae-41e1-9efe-49a6e9c9462a", "currency": "NGN", "charges": "10857.90", "coupon": null, "amount_paid": "0.00", "balance": "0.00", "is_paid": false, "paid_on": null, "added_on": "2021-09-13T09:11:40.900Z", "updated_on": "2021-09-13T09:11:40.900Z"}}, {"model": "payments.orderpayment", "pk": "b76b9591-bc13-409a-8ea0-25b761644faa", "fields": {"order": "384d5d4b-6760-49c3-8adf-e2bd19ccfc9d", "currency": "NGN", "charges": "4000.00", "coupon": null, "amount_paid": "4000.00", "balance": "0.00", "is_paid": true, "paid_on": null, "added_on": "2021-09-14T14:44:04.209Z", "updated_on": "2021-09-14T14:44:28.803Z"}}, {"model": "payments.orderpayment", "pk": "b78a8038-616d-4c81-8c7b-63aefaea1548", "fields": {"order": "ccada92e-26b1-4e29-8275-53db1fcb4778", "currency": "NGN", "charges": "6306.34", "coupon": null, "amount_paid": "0.00", "balance": "0.00", "is_paid": false, "paid_on": null, "added_on": "2021-10-03T12:45:33.233Z", "updated_on": "2021-10-03T12:45:33.233Z"}}, {"model": "payments.orderpayment", "pk": "bf0bf84e-11cd-4431-8a66-3860528b9aa0", "fields": {"order": "aca4e7cc-ef26-4d85-bed9-d441fb2d5e9a", "currency": "NGN", "charges": "10802.35", "coupon": null, "amount_paid": "0.00", "balance": "0.00", "is_paid": false, "paid_on": null, "added_on": "2021-09-13T09:40:09.286Z", "updated_on": "2021-09-13T09:40:09.286Z"}}, {"model": "payments.orderpayment", "pk": "ca36c569-eabb-459f-91af-e29255051975", "fields": {"order": "7d7842b1-d8df-44dc-9d80-c61c4ccdcca2", "currency": "NGN", "charges": "6306.34", "coupon": null, "amount_paid": "0.00", "balance": "0.00", "is_paid": false, "paid_on": null, "added_on": "2021-10-03T12:45:37.636Z", "updated_on": "2021-10-03T12:45:37.636Z"}}, {"model": "payments.orderpayment", "pk": "ca96a25c-8606-416a-86c1-33a358046d74", "fields": {"order": "fb521513-4a29-4551-963e-c56e23bcfabc", "currency": "NGN", "charges": "4040.00", "coupon": null, "amount_paid": "0.00", "balance": "0.00", "is_paid": false, "paid_on": null, "added_on": "2021-10-29T10:41:55.478Z", "updated_on": "2021-10-29T10:41:55.478Z"}}, {"model": "payments.orderpayment", "pk": "d56438ef-b219-47ff-a05f-57d05ab06156", "fields": {"order": "1cd290cd-4281-4fe2-90b8-0d3514f6a04b", "currency": "NGN", "charges": "5976.27", "coupon": null, "amount_paid": "5976.27", "balance": "0.00", "is_paid": true, "paid_on": null, "added_on": "2021-10-12T07:25:41.821Z", "updated_on": "2021-10-12T07:26:00.257Z"}}, {"model": "payments.orderpayment", "pk": "d85cd85f-fe3b-4f97-9bf6-18d75999d4b2", "fields": {"order": "615d221b-7128-43f8-bb15-404224dd04d1", "currency": "NGN", "charges": "4040.00", "coupon": null, "amount_paid": "0.00", "balance": "0.00", "is_paid": false, "paid_on": null, "added_on": "2021-10-05T07:41:42.066Z", "updated_on": "2021-10-05T07:41:42.066Z"}}, {"model": "payments.orderpayment", "pk": "e3337437-74c8-4a59-a1ec-072a454d753e", "fields": {"order": "d2c91e39-2967-459a-a492-7f82d78041cf", "currency": "NGN", "charges": "16564.60", "coupon": null, "amount_paid": "0.00", "balance": "0.00", "is_paid": false, "paid_on": null, "added_on": "2021-09-21T11:48:58.960Z", "updated_on": "2021-09-21T11:48:58.960Z"}}, {"model": "payments.orderpayment", "pk": "e9be687b-7106-4ae8-b618-80e458b2d831", "fields": {"order": "78333eaa-1c66-4db4-9786-205458bc44c7", "currency": "NGN", "charges": "5997.38", "coupon": null, "amount_paid": "0.00", "balance": "0.00", "is_paid": false, "paid_on": null, "added_on": "2021-10-03T12:45:28.626Z", "updated_on": "2021-10-03T12:45:28.626Z"}}, {"model": "payments.orderpayment", "pk": "f131e8dc-cf91-4904-9989-2a8fd34f5cb7", "fields": {"order": "163adb12-ab66-4a01-9920-15d74e34c0f4", "currency": "NGN", "charges": "17564.60", "coupon": null, "amount_paid": "0.00", "balance": "0.00", "is_paid": false, "paid_on": null, "added_on": "2021-09-16T07:48:31.345Z", "updated_on": "2021-09-16T07:48:31.345Z"}}, {"model": "payments.orderpayment", "pk": "f33898bb-4524-472f-9043-c0a35f8c0a67", "fields": {"order": "89ecda47-6a66-4d02-98aa-79e8fd0a5b95", "currency": "NGN", "charges": "36795.00", "coupon": null, "amount_paid": "0.00", "balance": "0.00", "is_paid": false, "paid_on": null, "added_on": "2021-09-15T18:34:06.162Z", "updated_on": "2021-09-15T18:34:06.162Z"}}, {"model": "payments.orderpayment", "pk": "fa57633b-4e16-4d49-9781-39149d61a9a9", "fields": {"order": "d2a3b974-fcf0-467a-b1fd-a9c03dcc48ea", "currency": "NGN", "charges": "10802.35", "coupon": null, "amount_paid": "0.00", "balance": "0.00", "is_paid": false, "paid_on": null, "added_on": "2021-09-13T09:30:17.073Z", "updated_on": "2021-09-13T09:30:17.073Z"}}, {"model": "payments.orderpaymententry", "pk": "171c433b-78c8-46d9-a41b-08732bf47636", "fields": {"payment": "627d59b8-9872-41f6-88f8-e86e2014adf7", "ref": "ORDER-PYT_627d59b8-9872-41f6-88f8-e86e2014adf7_84a2322d-bdee-4ec3-9b61-45d23bc57653", "currency": "NGN", "amount": "0.00", "method": "ELECTRONIC_TRANSFER", "channel": "WALLET", "added_on": "2021-10-29T21:23:27.393Z", "updated_on": "2021-10-29T21:23:27.393Z"}}, {"model": "payments.orderpaymententry", "pk": "2e85e2f1-9a63-466e-8448-671e5a5885af", "fields": {"payment": "92b55d16-cb74-4a04-8191-8f21793f72fc", "ref": "ORDER-PYT_92b55d16-cb74-4a04-8191-8f21793f72fc_69bf0fb6-cae8-45d7-8919-3657c1f4636f", "currency": "NGN", "amount": "4000.00", "method": "ELECTRONIC_TRANSFER", "channel": "WALLET", "added_on": "2021-09-13T08:38:13.234Z", "updated_on": "2021-09-13T08:38:13.234Z"}}, {"model": "payments.orderpaymententry", "pk": "4a8cc4d1-a24b-4c9a-9a81-58ee00371b85", "fields": {"payment": "627d59b8-9872-41f6-88f8-e86e2014adf7", "ref": "ORDER-PYT_627d59b8-9872-41f6-88f8-e86e2014adf7_1b42dc3b-1f0b-4029-84b1-928a1e43e874", "currency": "NGN", "amount": "9595.00", "method": "ELECTRONIC_TRANSFER", "channel": "WALLET", "added_on": "2021-10-29T21:17:29.461Z", "updated_on": "2021-10-29T21:17:29.461Z"}}, {"model": "payments.orderpaymententry", "pk": "4f5c34ba-e8d5-45d4-831e-caeac27f8385", "fields": {"payment": "81506055-94fc-41cb-ba2c-89c04bdda680", "ref": "ORDER-PYT_81506055-94fc-41cb-ba2c-89c04bdda680_207491e3-713f-423a-b634-7bb11230392b", "currency": "NGN", "amount": "4000.00", "method": "ELECTRONIC_TRANSFER", "channel": "WALLET", "added_on": "2021-09-14T15:40:56.100Z", "updated_on": "2021-09-14T15:40:56.100Z"}}, {"model": "payments.orderpaymententry", "pk": "62f1c5bd-9982-46b0-ba2c-ba6a45020f9f", "fields": {"payment": "fa57633b-4e16-4d49-9781-39149d61a9a9", "ref": "BRIG-PYT_123459", "currency": "NGN", "amount": "10802.35", "method": "ELECTRONIC_TRANSFER", "channel": "BRIG", "added_on": "2021-09-13T09:42:43.463Z", "updated_on": "2021-09-13T09:42:43.463Z"}}, {"model": "payments.orderpaymententry", "pk": "77d50da1-4926-4ea6-8d7f-017594349c95", "fields": {"payment": "5684fec7-03c4-4839-b5f4-1c2ff178eb08", "ref": "ORDER-PYT_5684fec7-03c4-4839-b5f4-1c2ff178eb08_e523b2b1-7de6-4ddc-81d1-441bc35f23e6", "currency": "NGN", "amount": "6368.55", "method": "ELECTRONIC_TRANSFER", "channel": "WALLET", "added_on": "2021-09-17T17:33:16.788Z", "updated_on": "2021-09-17T17:33:16.788Z"}}, {"model": "payments.orderpaymententry", "pk": "7de6f565-5f95-4717-8c91-cc7843cbe82a", "fields": {"payment": "75a40927-3462-42eb-be6e-c06e7b7c4810", "ref": "ORDER-PYT_75a40927-3462-42eb-be6e-c06e7b7c4810_04056019-dde3-48ed-b2f3-0cfe95392d96", "currency": "NGN", "amount": "7057.48", "method": "ELECTRONIC_TRANSFER", "channel": "WALLET", "added_on": "2021-10-22T16:51:32.777Z", "updated_on": "2021-10-22T16:51:32.777Z"}}, {"model": "payments.orderpaymententry", "pk": "86218cb5-7676-4b90-a003-43cd6f875923", "fields": {"payment": "d56438ef-b219-47ff-a05f-57d05ab06156", "ref": "ORDER-PYT_d56438ef-b219-47ff-a05f-57d05ab06156_6600f795-5f44-476d-ad25-343ecc3b7103", "currency": "NGN", "amount": "5976.27", "method": "ELECTRONIC_TRANSFER", "channel": "WALLET", "added_on": "2021-10-12T07:26:00.255Z", "updated_on": "2021-10-12T07:26:00.255Z"}}, {"model": "payments.orderpaymententry", "pk": "a8d58b03-4413-446b-a7b0-4354be73db9d", "fields": {"payment": "037a6db1-747f-4cb1-a37c-a7e6f879c028", "ref": "ORDER-PYT_037a6db1-747f-4cb1-a37c-a7e6f879c028_8a04420d-52e2-47ac-be70-393d09787b49", "currency": "NGN", "amount": "43295.00", "method": "ELECTRONIC_TRANSFER", "channel": "PAYSTACK", "added_on": "2021-09-15T18:12:31.338Z", "updated_on": "2021-09-15T18:12:31.338Z"}}, {"model": "payments.orderpaymententry", "pk": "b4856041-5e36-4690-b665-698fb835629a", "fields": {"payment": "115b1f28-f437-4225-a739-b4be4201faf3", "ref": "ORDER-PYT_115b1f28-f437-4225-a739-b4be4201faf3_55ecc19f-1abd-41a3-ac4c-9a6bb043bbba", "currency": "NGN", "amount": "8929.00", "method": "ELECTRONIC_TRANSFER", "channel": "PAYSTACK", "added_on": "2021-09-15T11:31:43.305Z", "updated_on": "2021-09-15T11:31:43.305Z"}}, {"model": "payments.orderpaymententry", "pk": "d2461737-2db0-46f6-bee6-0b911dab723e", "fields": {"payment": "b76b9591-bc13-409a-8ea0-25b761644faa", "ref": "ORDER-PYT_b76b9591-bc13-409a-8ea0-25b761644faa_f5b9a0d7-f468-4d18-9774-67db783bacea", "currency": "NGN", "amount": "4000.00", "method": "ELECTRONIC_TRANSFER", "channel": "WALLET", "added_on": "2021-09-14T14:44:28.802Z", "updated_on": "2021-09-14T14:44:28.802Z"}}, {"model": "payments.orderpaymententry", "pk": "ed06c862-b626-4b3c-9982-3b6a01e0c30e", "fields": {"payment": "33cc2bdf-9f06-4eb3-afc9-d2f7803ac8f5", "ref": "ORDER-PYT_33cc2bdf-9f06-4eb3-afc9-d2f7803ac8f5_9089b249-01ee-4d91-a630-dfc24c05ab92", "currency": "NGN", "amount": "44234.40", "method": "ELECTRONIC_TRANSFER", "channel": "PAYSTACK", "added_on": "2021-09-15T17:59:17.590Z", "updated_on": "2021-09-15T17:59:17.590Z"}}, {"model": "places.place", "pk": "00ba1401-4450-419f-9995-43f50617b698", "fields": {"address": "1004 Federal Housing Complex Rd, Victoria Island 106104, Lagos, Nigeria", "longitude": "3.434207200000000000", "latitude": "6.439834500000001000", "category": "RESIDENTIAL"}}, {"model": "places.place", "pk": "011b49ab-4b9c-4ce4-904f-1b30c0741c27", "fields": {"address": "13 Adejoke Sokoya St, Ojodu 101233, Ojodu, Nigeria", "longitude": "3.355475500000000000", "latitude": "6.648185700000000000", "category": "RESIDENTIAL"}}, {"model": "places.place", "pk": "020c7404-2798-431e-b2be-462fbc386786", "fields": {"address": "28 Gregory Arueya St, Mile 12 105102, Lagos, Nigeria", "longitude": "3.394508300000000000", "latitude": "6.604411400000000000", "category": "RESIDENTIAL"}}, {"model": "places.place", "pk": "028412b1-91fd-4da5-bbf1-8829662a330e", "fields": {"address": "13 Adejoke Sokoya St, Ojodu 101233, Ojodu, Nigeria", "longitude": "3.355458799999999600", "latitude": "6.648157100000000000", "category": "RESIDENTIAL"}}, {"model": "places.place", "pk": "09a13a79-047c-4ae1-a8f7-e927ce655724", "fields": {"address": "1st Ave, Amuwo 102102, Lagos, Nigeria", "longitude": "3.300935900000000000", "latitude": "6.460026600000001000", "category": "RESIDENTIAL"}}, {"model": "places.place", "pk": "0a2f73fc-ca54-4041-ab08-5c997146af2d", "fields": {"address": "13 Adejoke Sokoya St, Ojodu 101233, Ojodu, Nigeria", "longitude": "3.355458799999999600", "latitude": "6.648164899999999000", "category": "RESIDENTIAL"}}, {"model": "places.place", "pk": "12271c44-f38b-4894-a899-b22d42409932", "fields": {"address": "7 Palm Avenue, Mushin 102215, Lagos, Nigeria", "longitude": "3.352166400000000000", "latitude": "6.537216000000000000", "category": "RESIDENTIAL"}}, {"model": "places.place", "pk": "14717b01-ea58-429d-86a3-9d9f3921b032", "fields": {"address": "Ago Palace Way, Lagos, Nigeria", "longitude": "3.302768100000000000", "latitude": "6.500195799999999000", "category": "RESIDENTIAL"}}, {"model": "places.place", "pk": "1aaa652b-f190-4dfd-b7bb-4ad9fe85bce2", "fields": {"address": "Yaba, Oworonshoki, Nigeria", "longitude": "3.371093600000000000", "latitude": "6.509544200000000000", "category": "RESIDENTIAL"}}, {"model": "places.place", "pk": "1b4b9d7f-2d84-4384-97dd-19518d6aec26", "fields": {"address": "2a Oje Imianvan St, Allen, Ikeja, Nigeria", "longitude": "3.374782499999999796", "latitude": "6.609187699999999666", "category": "RESIDENTIAL"}}, {"model": "places.place", "pk": "22f2e52b-afdf-48b4-a256-495b436e9948", "fields": {"address": "Omolola St, Surulere 102215, Lagos, Nigeria", "longitude": "3.328903000000000000", "latitude": "6.501491499999999000", "category": "RESIDENTIAL"}}, {"model": "places.place", "pk": "25298982-f38e-4c38-9c88-3816d3a45870", "fields": {"address": "41 Ago Palace Way, Oshodi-Isolo 102214, Lagos, Nigeria", "longitude": "3.311666800000000000", "latitude": "6.508349000000000000", "category": "RESIDENTIAL"}}, {"model": "places.place", "pk": "2eed4146-8b40-4cba-9c08-4e326c7dfbf1", "fields": {"address": "7b Dr. S. Ezekuse Cl, Lekki Phase 1, Lagos, Nigeria", "longitude": "3.472230000000000150", "latitude": "6.450928499999999843", "category": "RESIDENTIAL"}}, {"model": "places.place", "pk": "312c43ef-0a10-4b5b-b52a-b5f19495b48e", "fields": {"address": "University Rd, University Of Lagos 101245, Lagos, Nigeria", "longitude": "3.385407500000000000", "latitude": "6.519031399999998000", "category": "RESIDENTIAL"}}, {"model": "places.place", "pk": "334ea175-a36e-4628-b852-38b18aac8747", "fields": {"address": "6a Admiralty Rd, Lekki Phase 1 106104, Lagos, Nigeria", "longitude": "3.470042599999999800", "latitude": "6.449264400000000000", "category": "RESIDENTIAL"}}, {"model": "places.place", "pk": "367dfebf-330f-432f-9b94-d8d8d195bf19", "fields": {"address": "13 Adejoke Sokoya St, Ojodu 101233, Ojodu, Nigeria", "longitude": "3.355459500000000000", "latitude": "6.648155900000000000", "category": "RESIDENTIAL"}}, {"model": "places.place", "pk": "3873ae33-1c9e-4b82-819f-6fd69ea2bf3f", "fields": {"address": "Ibadan, Nigeria", "longitude": "3.510453699999999788", "latitude": "6.619413100000000050", "category": "RESIDENTIAL"}}, {"model": "places.place", "pk": "3dc1eff1-b3b2-48bd-adc8-fe3d15fe05ac", "fields": {"address": "Ago Palace Way, Apapa 102103, Lagos, Nigeria", "longitude": "3.325659599999999000", "latitude": "6.445728199999999000", "category": "RESIDENTIAL"}}, {"model": "places.place", "pk": "3fd0168a-f83e-4ee6-a2a2-bcffa730b72a", "fields": {"address": "Ikeja, Nigeria", "longitude": "3.351486299999999918", "latitude": "6.601837999999999873", "category": "RESIDENTIAL"}}, {"model": "places.place", "pk": "405a2b4d-7fa8-47aa-a09e-c36eef4fb181", "fields": {"address": "V8 Dr. S. Ezekuse Cl, Lekki Phase 1 106104, Lagos, Nigeria", "longitude": "3.472268900000000000", "latitude": "6.450943900000000000", "category": "RESIDENTIAL"}}, {"model": "places.place", "pk": "476a75a1-d74d-4318-91f6-b2aaab7499c9", "fields": {"address": "24 Oshodi Rd, Mafoluku Oshodi 102214, Lagos, Nigeria", "longitude": "3.348889600000000000", "latitude": "6.556876800000000000", "category": "RESIDENTIAL"}}, {"model": "places.place", "pk": "4a64e5e3-bc8f-446d-8f2e-118f58b77e9d", "fields": {"address": "3 Adebayo Mokuolu St, Araromi 105102, Lagos, Nigeria", "longitude": "3.371827200000000000", "latitude": "6.556876799999999500", "category": "RESIDENTIAL"}}, {"model": "places.place", "pk": "4df6ba1c-ea76-4165-af9f-79664e2e33c4", "fields": {"address": "V8 Dr. S. Ezekuse Cl, Lekki Phase 1 106104, Lagos, Nigeria", "longitude": "3.472270400000000000", "latitude": "6.450936800000000000", "category": "RESIDENTIAL"}}, {"model": "places.place", "pk": "515de0e4-a835-4a4d-bcca-ba22dc1668bb", "fields": {"address": "9A Dr. S. Ezekuse Cl, Lekki Phase I 105102, Lagos, Nigeria", "longitude": "3.472283499999999600", "latitude": "6.450902000000000000", "category": "RESIDENTIAL"}}, {"model": "places.place", "pk": "5700d09a-49de-41c6-bae0-a304fbbe0978", "fields": {"address": "27 Shotinoye St, Mushin 102215, Lagos, Nigeria", "longitude": "3.345612800000000000", "latitude": "6.537216000000000000", "category": "RESIDENTIAL"}}, {"model": "places.place", "pk": "57656315-684f-454d-b27b-2575b94047f1", "fields": {"address": "Unknown address", "longitude": "3.371032297696840000", "latitude": "6.503666520369220000", "category": "RESIDENTIAL"}}, {"model": "places.place", "pk": "5a77c11c-bff7-4bc6-9bf7-2b1ebf5fcc5f", "fields": {"address": "30 Gregory Arueya St, Mile 12 105102, Lagos, Nigeria", "longitude": "3.394478399999999700", "latitude": "6.604436700000000000", "category": "RESIDENTIAL"}}, {"model": "places.place", "pk": "5cea9b5c-fb51-4ac5-85d7-f5ead1e71d84", "fields": {"address": "36 Palm Avenue, Mushin 300001, Lagos, Nigeria", "longitude": "3.348889599999999700", "latitude": "6.537216000000000000", "category": "RESIDENTIAL"}}, {"model": "places.place", "pk": "5f999a15-4266-4383-802d-883e8fb8217d", "fields": {"address": "22/24 Oshodi Rd, Mafoluku Oshodi, Lagos, Nigeria", "longitude": "3.348889600000000133", "latitude": "6.556876800000000394", "category": "RESIDENTIAL"}}, {"model": "places.place", "pk": "636eee64-c5d1-47ff-8000-1c0048e09f3b", "fields": {"address": "Hussey Rd, Igbobi 100001, Lagos, Nigeria", "longitude": "3.371926999999999000", "latitude": "6.519476999999999000", "category": "RESIDENTIAL"}}, {"model": "places.place", "pk": "63708f57-14b7-4837-bf82-6a53441a7b87", "fields": {"address": "20 Owodunni St, Onipanu 102215, Lagos, Nigeria", "longitude": "3.365273599999999600", "latitude": "6.537216000000000000", "category": "RESIDENTIAL"}}, {"model": "places.place", "pk": "648e4810-d10e-4012-b3c1-5dd96d2fff33", "fields": {"address": "Unknown address", "longitude": "6.509400000000000000", "latitude": "3.371100000000000000", "category": "RESIDENTIAL"}}, {"model": "places.place", "pk": "65eba4ab-b7e6-4590-b659-f9a1eab9e399", "fields": {"address": "Oshodi Oke, Papa Ajao 102215, Lagos, Nigeria", "longitude": "3.348889600000000000", "latitude": "6.553600000000000000", "category": "RESIDENTIAL"}}, {"model": "places.place", "pk": "66c87440-752f-4baf-b5ef-a63759406721", "fields": {"address": "1 Oje Imianvan St, Oregun, Ikeja, Nigeria", "longitude": "3.361143977195570010", "latitude": "6.602585371938359593", "category": "RESIDENTIAL"}}, {"model": "places.place", "pk": "6772bba6-16b9-46a3-b885-ac72ae5ddda5", "fields": {"address": "Abraham Adesanya Estate, Eti-Osa 106104, Lekki, Nigeria", "longitude": "3.590128199999999000", "latitude": "6.465714500000000000", "category": "RESIDENTIAL"}}, {"model": "places.place", "pk": "6fcebb1f-cd70-4b62-bfda-f322eae8786b", "fields": {"address": "Ikorodu Rd, Ojota 105102, Lagos, Nigeria", "longitude": "3.379379200000000000", "latitude": "6.587957599999999000", "category": "RESIDENTIAL"}}, {"model": "places.place", "pk": "7112d98e-1b6d-4e4b-88de-60c33e799717", "fields": {"address": "V8 Dr. S. Ezekuse Cl, Lekki Phase 1 106104, Lagos, Nigeria", "longitude": "3.472267000000000000", "latitude": "6.450958800000000000", "category": "RESIDENTIAL"}}, {"model": "places.place", "pk": "7128b2de-62ae-49ee-95c0-2e29740820b5", "fields": {"address": "13 Adejoke Sokoya St, Ojodu 101233, Ojodu, Nigeria", "longitude": "3.355477700000000000", "latitude": "6.648186900000000000", "category": "RESIDENTIAL"}}, {"model": "places.place", "pk": "76afbf84-b86e-4f62-8985-72977aced9d7", "fields": {"address": "Edward Ademoroti Cl, Ojodu 101233, Lagos, Nigeria", "longitude": "3.355936100000000000", "latitude": "6.647992100000000000", "category": "RESIDENTIAL"}}, {"model": "places.place", "pk": "771daf0f-6953-49f5-9384-5f5c40c47b9f", "fields": {"address": "V8 Dr. S. Ezekuse Cl, Lekki Phase 1 106104, Lagos, Nigeria", "longitude": "3.472269099999999700", "latitude": "6.450929100000000000", "category": "RESIDENTIAL"}}, {"model": "places.place", "pk": "777d73a6-87d8-4435-b77b-b7237b872b4f", "fields": {"address": "13 Adejoke Sokoya St, Ojodu 101233, Ojodu, Nigeria", "longitude": "3.355475700000000000", "latitude": "6.648189000000000000", "category": "RESIDENTIAL"}}, {"model": "places.place", "pk": "78c5bf8a-a1f3-4608-bc15-6d79308f7b6f", "fields": {"address": "Unknown address", "longitude": "6.503666520369220000", "latitude": "3.371032297696840000", "category": "RESIDENTIAL"}}, {"model": "places.place", "pk": "7b1122f3-ab72-4e72-8c96-17fd9c8e005f", "fields": {"address": "2a Oje Imianvan St, Allen, Ikeja, Nigeria", "longitude": "3.472230000000000150", "latitude": "6.450928499999999843", "category": "RESIDENTIAL"}}, {"model": "places.place", "pk": "7c991592-7305-4786-96df-8b49718e5e79", "fields": {"address": "Airport Rd, Lagos, Nigeria", "longitude": "3.330309500000000000", "latitude": "6.567753800000000000", "category": "RESIDENTIAL"}}, {"model": "places.place", "pk": "8007f0c8-c268-4cda-b4b1-01a470848b98", "fields": {"address": "22/24 Oshodi Rd, Mafoluku Oshodi, Lagos, Nigeria", "longitude": "3.348889600000000133", "latitude": "6.556876800000000394", "category": "RESIDENTIAL"}}, {"model": "places.place", "pk": "829054c2-6232-4cfa-93dc-aaa9d61ce582", "fields": {"address": "Aviation Estate, 1 Ade - Idowu St, Omole Phase 1 102214, Lagos, Nigeria", "longitude": "3.325952000000000000", "latitude": "6.556876799999999500", "category": "RESIDENTIAL"}}, {"model": "places.place", "pk": "844700e5-89c3-4f69-b5f2-c73ca7dbd2ec", "fields": {"address": "Omolara Cl, Somolu 102216, Lagos, Nigeria", "longitude": "3.372581800000000000", "latitude": "6.550147600000001000", "category": "RESIDENTIAL"}}, {"model": "places.place", "pk": "8e27d9d1-5a97-410e-abf1-761d9b8a5d6b", "fields": {"address": "Lekki Phase 1 106104, Lekki, Nigeria", "longitude": "3.472349500000000000", "latitude": "6.447809299999999000", "category": "RESIDENTIAL"}}, {"model": "places.place", "pk": "8ebdb285-cc81-4335-b9b8-f425d7f15c19", "fields": {"address": "3 Alh. Wahab Kajogbola St, Ilasamaja 102214, Lagos, Nigeria", "longitude": "3.306098800000000000", "latitude": "6.512871800000000000", "category": "RESIDENTIAL"}}, {"model": "places.place", "pk": "9428b287-1f27-43ad-b1ac-274ae891942d", "fields": {"address": "9A Dr. S. Ezekuse Cl, Lekki Phase I 105102, Lagos, Nigeria", "longitude": "3.472302000000000000", "latitude": "6.450912900000000000", "category": "RESIDENTIAL"}}, {"model": "places.place", "pk": "974eb31a-e71c-471a-a45d-2810f3faacec", "fields": {"address": "Lagos, Nigeria", "longitude": "3.379205700000000000", "latitude": "6.524379300000000000", "category": "RESIDENTIAL"}}, {"model": "places.place", "pk": "9bb354e3-5d7b-4610-b3c2-2d45380c58ce", "fields": {"address": "Oladele Oyejeji Street, Abule Egba 102213, Lagos, Nigeria", "longitude": "3.295563300000000000", "latitude": "6.650034600000000000", "category": "RESIDENTIAL"}}, {"model": "places.place", "pk": "9e18cf12-a155-4de7-9668-c8fc29a8b37a", "fields": {"address": "University of Lagos, University Road Lagos Mainland Akoka, Yaba 101245, Lagos, Nigeria", "longitude": "3.389910300000000000", "latitude": "6.515734999999999000", "category": "RESIDENTIAL"}}, {"model": "places.place", "pk": "a274aba6-ed9a-49a7-ad25-a9d9511dd871", "fields": {"address": "7b Dr. S. Ezekuse Cl, Lekki Phase 1, Lagos, Nigeria", "longitude": "3.472230000000000150", "latitude": "6.450928499999999843", "category": "RESIDENTIAL"}}, {"model": "places.place", "pk": "a3074206-d0d4-4345-bb88-9b3fb52ece94", "fields": {"address": "Ikeja, Nigeria", "longitude": "3.342565500000000078", "latitude": "6.588706600000000080", "category": "RESIDENTIAL"}}, {"model": "places.place", "pk": "a30f8836-7b1d-4dba-9033-71b16d8f8cad", "fields": {"address": "2 Olaniiji St, Oregun, Lagos, Nigeria", "longitude": "3.472230000000000150", "latitude": "6.450928499999999843", "category": "RESIDENTIAL"}}, {"model": "places.place", "pk": "a39b7a87-a154-4666-ae44-d24412bda819", "fields": {"address": "36 Palm Avenue, Mushin 300001, Lagos, Nigeria", "longitude": "3.348889600000000000", "latitude": "6.537216000000000000", "category": "RESIDENTIAL"}}, {"model": "places.place", "pk": "a3e5e8bf-b189-4c6d-bf78-60aa9d6d0d61", "fields": {"address": "2 Olaniiji St, Oregun, Lagos, Nigeria", "longitude": "3.361802942835550034", "latitude": "6.602426243028640229", "category": "RESIDENTIAL"}}, {"model": "places.place", "pk": "a476d59d-cf26-4cf7-a72f-9526064bd140", "fields": {"address": "29 Debo Bashorun St, Ilasamaja 102214, Lagos, Nigeria", "longitude": "3.310546600000000000", "latitude": "6.509304200000000000", "category": "RESIDENTIAL"}}, {"model": "places.place", "pk": "a99a0f7a-98f8-4c91-80ff-86157f640df4", "fields": {"address": "Iwaya Rd, Lagos Mainland 101245, Lagos, Nigeria", "longitude": "3.387515400000000000", "latitude": "6.505348400000000000", "category": "RESIDENTIAL"}}, {"model": "places.place", "pk": "af677dc1-7c53-405f-9f86-0a849d634d8e", "fields": {"address": "123b Joel Ogunnaike St, Ikeja GRA 101233, Lagos, Nigeria", "longitude": "3.348876600000000000", "latitude": "6.584361700000001000", "category": "RESIDENTIAL"}}, {"model": "places.place", "pk": "afd6a51f-f5b5-4eb9-b45b-92c044410b19", "fields": {"address": "5 Noma Street Gra Edo G.R.A, 960135, Nigeria", "longitude": "8.675277000000000000", "latitude": "9.081999000000000000", "category": "RESIDENTIAL"}}, {"model": "places.place", "pk": "b52b0bca-611d-4715-a364-aa45b6fde072", "fields": {"address": "Yaba Bus Park, Lagos Mainland 101245, Lagos, Nigeria", "longitude": "3.372491900000000000", "latitude": "6.509940800000000000", "category": "RESIDENTIAL"}}, {"model": "places.place", "pk": "b91cbc06-4627-4e69-922c-040e678c3087", "fields": {"address": "1 Chief Ogunjemilusi St, Idimu 102213, Lagos, Nigeria", "longitude": "3.243460600000000000", "latitude": "6.581358199999999000", "category": "RESIDENTIAL"}}, {"model": "places.place", "pk": "ba619471-f4a6-44a6-ab62-1d7af82ad108", "fields": {"address": "3b Olaniiji St, Allen, Ikeja, Nigeria", "longitude": "3.472230000000000150", "latitude": "6.450928499999999843", "category": "RESIDENTIAL"}}, {"model": "places.place", "pk": "bd30b01b-77b8-48c2-85b3-167ae29111fa", "fields": {"address": "V8 Dr. S. Ezekuse Cl, Lekki Phase 1 106104, Lagos, Nigeria", "longitude": "3.472270600000000000", "latitude": "6.450890700000000000", "category": "RESIDENTIAL"}}, {"model": "places.place", "pk": "be3de3bc-2c04-468c-8ee5-048c513f2917", "fields": {"address": "15 1st Avenue, B Cl, Festac Town 102102, Lagos, Nigeria", "longitude": "3.296670000000000000", "latitude": "6.466934000000000000", "category": "RESIDENTIAL"}}, {"model": "places.place", "pk": "be5ed010-528e-42f5-b3d9-97e5b2f3e560", "fields": {"address": "22/24 Oshodi Rd, Mafoluku Oshodi, Lagos, Nigeria", "longitude": "3.348889600000000133", "latitude": "6.556876800000000394", "category": "RESIDENTIAL"}}, {"model": "places.place", "pk": "bfaa21a5-4eb1-4690-a415-8d759e8f8c0e", "fields": {"address": "3 Sholanke Cl, Mile 12 105102, Lagos, Nigeria", "longitude": "3.394893400000000000", "latitude": "6.604741400000001000", "category": "RESIDENTIAL"}}, {"model": "places.place", "pk": "c1ac1e18-4e32-48bb-87e4-cfc67b0e159a", "fields": {"address": "13 Adejoke Sokoya St, Ojodu 101233, Ojodu, Nigeria", "longitude": "3.355477600000000000", "latitude": "6.648183900000000000", "category": "RESIDENTIAL"}}, {"model": "places.place", "pk": "c87dd0fb-e297-4d89-b839-f0d0c237afb5", "fields": {"address": "1st Ave, Amuwo Odofin 102102, Lagos, Nigeria", "longitude": "3.295499000000000000", "latitude": "6.471367900000001000", "category": "RESIDENTIAL"}}, {"model": "places.place", "pk": "c98bbbb8-629d-4f0f-91d4-1a0deda508af", "fields": {"address": "25 Akeju St, Somolu 102216, Lagos, Nigeria", "longitude": "3.371827200000000000", "latitude": "6.537216000000000000", "category": "RESIDENTIAL"}}, {"model": "places.place", "pk": "cbde9fb3-466e-444d-9a1a-951035f23115", "fields": {"address": "101233, Ikeja, Nigeria", "longitude": "3.351486300000000000", "latitude": "6.601838000000000000", "category": "RESIDENTIAL"}}, {"model": "places.place", "pk": "d3c65960-3539-4900-a926-553a892d4668", "fields": {"address": "3b Olaniiji St, Allen, Ikeja, Nigeria", "longitude": "3.362067288105929919", "latitude": "6.602757157293139834", "category": "RESIDENTIAL"}}, {"model": "places.place", "pk": "d3e0d1dd-782b-4b8d-add0-e44766dc80f8", "fields": {"address": "22/24 Oshodi Rd, Mafoluku Oshodi, Lagos, Nigeria", "longitude": "3.348889600000000133", "latitude": "6.556876800000000394", "category": "RESIDENTIAL"}}, {"model": "places.place", "pk": "d525fcb2-9497-4c4d-8cf1-9f45b846cb24", "fields": {"address": "24 Oshodi Rd, Mafoluku Oshodi 102214, Lagos, Nigeria", "longitude": "3.348889599999999700", "latitude": "6.556876799999999500", "category": "RESIDENTIAL"}}, {"model": "places.place", "pk": "d54ae74b-4693-4f73-830e-45d23db6ad68", "fields": {"address": "Okota Rd, Oshodi-Isolo 102214, Lagos, Nigeria", "longitude": "3.319126400000000000", "latitude": "6.516675500000000000", "category": "RESIDENTIAL"}}, {"model": "places.place", "pk": "d7438086-2be2-4618-8cc0-ad996d927d06", "fields": {"address": "2a Oje Imianvan St, Allen, Ikeja, Nigeria", "longitude": "3.362136323196129872", "latitude": "6.602942637522530411", "category": "RESIDENTIAL"}}, {"model": "places.place", "pk": "d77131cf-9fe6-4cf2-9077-d50b3b2c3337", "fields": {"address": "29 Debo Bashorun St, Ilasamaja 102214, Lagos, Nigeria", "longitude": "3.310356100000000000", "latitude": "6.509466700000000000", "category": "RESIDENTIAL"}}, {"model": "places.place", "pk": "dc253dea-93c3-4159-b95b-88acb72582cb", "fields": {"address": "V8 Dr. S. Ezekuse Cl, Lekki Phase 1 106104, Lagos, Nigeria", "longitude": "3.472270700000000000", "latitude": "6.450893700000000000", "category": "RESIDENTIAL"}}, {"model": "places.place", "pk": "e368436e-543f-46e3-80e7-9418abd24469", "fields": {"address": "9A Dr. S. Ezekuse Cl, Lekki Phase I 105102, Lagos, Nigeria", "longitude": "3.472298300000000000", "latitude": "6.450903400000000000", "category": "RESIDENTIAL"}}, {"model": "places.place", "pk": "e7484382-bce3-404e-abf3-605a01b0f33a", "fields": {"address": "1 Oje Imianvan St, Oregun, Ikeja, Nigeria", "longitude": "3.361886834528490020", "latitude": "6.602853571897820295", "category": "RESIDENTIAL"}}, {"model": "places.place", "pk": "e91f3d9f-eec8-4109-9a6e-5376f9a450e6", "fields": {"address": "7b Dr. S. Ezekuse Cl, Lekki Phase 1 106104, Lagos, Nigeria", "longitude": "3.472230000000000000", "latitude": "6.450928500000002000", "category": "RESIDENTIAL"}}, {"model": "places.place", "pk": "e9297f32-b844-4606-95f9-ffc468c45c02", "fields": {"address": "surulere", "longitude": "6.498300000000000000", "latitude": "3.348600000000000000", "category": "RESIDENTIAL"}}, {"model": "places.place", "pk": "ec0cf9b1-5455-4ce1-a512-ed973950a1ce", "fields": {"address": "1 Ayodele St, Yaba 101245, Lagos, Nigeria", "longitude": "3.381132499999999700", "latitude": "6.518742599999999500", "category": "RESIDENTIAL"}}, {"model": "places.place", "pk": "edfcb076-7f99-4d3a-a711-ce7b1f466f8c", "fields": {"address": "6 Odulana St, Mushin 102215, Lagos, Nigeria", "longitude": "3.352166400000000000", "latitude": "6.530662400000000000", "category": "RESIDENTIAL"}}, {"model": "places.place", "pk": "f0f17652-ab97-45aa-a98c-9b7f46e25336", "fields": {"address": "13 Adejoke Sokoya St, Ojodu 101233, Ojodu, Nigeria", "longitude": "3.355460600000000000", "latitude": "6.648172600000000000", "category": "RESIDENTIAL"}}, {"model": "places.place", "pk": "f1de4864-d2ac-418e-a68b-30837de5e51d", "fields": {"address": "Jakande Gate Bus Stop, Egbe Road, Ejigbo, LCDA 102214, Lagos, Nigeria", "longitude": "3.308410900000000000", "latitude": "6.530052999999999000", "category": "RESIDENTIAL"}}, {"model": "places.place", "pk": "f35c32be-d709-4651-add3-f4ecd888b9df", "fields": {"address": "6a Admiralty Rd, Lekki Phase 1 106104, Lagos, Nigeria", "longitude": "3.470042600000000000", "latitude": "6.449264400000000000", "category": "RESIDENTIAL"}}, {"model": "places.place", "pk": "f798a1c6-8550-4f5b-a827-d018e00c2878", "fields": {"address": "6 Odulana St, Mushin 102215, Lagos, Nigeria", "longitude": "3.352166399999999800", "latitude": "6.530662400000001000", "category": "RESIDENTIAL"}}, {"model": "places.place", "pk": "fc11afff-7b9b-4215-bd4f-294a31ccd3b9", "fields": {"address": "2a Oje Imianvan St, Allen, Ikeja, Nigeria", "longitude": "3.362122297492680101", "latitude": "6.602858464410419792", "category": "RESIDENTIAL"}}, {"model": "places.place", "pk": "fdc26f31-1d57-4cd1-b83d-f3f50115afab", "fields": {"address": "Ibadan, Nigeria", "longitude": "3.947039600000000093", "latitude": "7.377535499999999580", "category": "RESIDENTIAL"}}, {"model": "places.place", "pk": "fe030fa1-5465-4494-8a3e-50c127fe7715", "fields": {"address": "V8 Dr. S. Ezekuse Cl, Lekki Phase 1 106104, Lagos, Nigeria", "longitude": "3.472262900000000000", "latitude": "6.450944500000000000", "category": "RESIDENTIAL"}}, {"model": "users.role", "pk": 2, "fields": {}}, {"model": "users.role", "pk": 4, "fields": {}}, {"model": "users.customuser", "pk": "09a033ba-6c35-4ac8-a3a4-169900e9191a", "fields": {"password": "pbkdf2_sha256$260000$Uo729gA0SRgMbTwf8YBWEr$igRB50v/2fRWn8LKXIhc+yfoXc74TxA396JKotqUgCA=", "last_login": "2021-11-02T09:34:51.888Z", "is_superuser": true, "phone": "+2348164597176", "secondary_phone": null, "email": "cynthia@mytruq.com", "full_name": "Cynthia Berry", "short_name": "Eby", "is_staff": true, "is_verified": true, "is_active": true, "updated_on": "2021-09-16T14:40:18.656Z", "date_joined": "2021-09-12T13:02:24Z", "groups": [], "user_permissions": [], "roles": []}}, {"model": "users.customuser", "pk": "205ce7ab-02ea-432d-acef-a596fcef4950", "fields": {"password": "pbkdf2_sha256$260000$ncUE0FI6pUE0Ezy4LTpPgp$gfevSNIJwLhGnRhodgKtkDb3ixH378OQik9HORijzak=", "last_login": "2021-09-25T16:43:47.544Z", "is_superuser": false, "phone": "+2348083724213", "secondary_phone": null, "email": "folly_me09@yahoo.com", "full_name": "Foluso Ojo", "short_name": "Foluso", "is_staff": false, "is_verified": true, "is_active": true, "updated_on": "2021-09-15T16:34:46.740Z", "date_joined": "2021-09-15T16:34:01.344Z", "groups": [], "user_permissions": [], "roles": []}}, {"model": "users.customuser", "pk": "2de5f7a9-929a-4f6e-9a71-ff91694c167d", "fields": {"password": "pbkdf2_sha256$260000$wBpSr8w2EwGbhTxc2rV90q$4lmwmOsMThUEXVJY92Z4dUZzslD8d+rZ6KNiTWuRg1U=", "last_login": "2021-10-28T12:27:48.736Z", "is_superuser": false, "phone": "+2349040913973", "secondary_phone": null, "email": "asavioura@gmail.com", "full_name": "Adepooyeeb", "short_name": "Tweebies", "is_staff": false, "is_verified": false, "is_active": true, "updated_on": "2021-10-28T12:25:44.858Z", "date_joined": "2021-10-28T12:25:41.660Z", "groups": [], "user_permissions": [], "roles": []}}, {"model": "users.customuser", "pk": "5585d6b9-d98a-4e71-a83e-ed026dd49e34", "fields": {"password": "pbkdf2_sha256$260000$brtf55UdOcPjcVL1YUCgEd$vfqTl72vPmgcNT1egCF5FioNOGeLQDx9J46Q+k2e7eg=", "last_login": "2021-09-18T18:49:31.213Z", "is_superuser": false, "phone": "+2348134124726", "secondary_phone": null, "email": "fatayowilliams25@gmail.com", "full_name": "Williams Fatayo", "short_name": "Williams", "is_staff": false, "is_verified": true, "is_active": true, "updated_on": "2021-09-14T16:06:44.768Z", "date_joined": "2021-09-14T15:40:36.869Z", "groups": [], "user_permissions": [], "roles": []}}, {"model": "users.customuser", "pk": "67e6e51a-7014-49f4-b4c3-e703f4bb839e", "fields": {"password": "pbkdf2_sha256$260000$vmJTZSHH7gNuTewQMo54bM$/DuQWAylWF/t7E5JAhuoxoOi/LiVlcVvMFiBfQkJU8Y=", "last_login": "2021-09-13T09:37:20.852Z", "is_superuser": false, "phone": "+2349133779814", "secondary_phone": null, "email": null, "full_name": "Samad Yisau", "short_name": "SammieYisau", "is_staff": false, "is_verified": false, "is_active": true, "updated_on": "2021-09-13T09:36:56.335Z", "date_joined": "2021-09-13T09:36:53.667Z", "groups": [], "user_permissions": [], "roles": []}}, {"model": "users.customuser", "pk": "765780cc-b422-445e-8557-1d63b1cbcb50", "fields": {"password": "", "last_login": null, "is_superuser": false, "phone": "+2349087625442", "secondary_phone": null, "email": "0840kkoo@mytruq.com", "full_name": "Foluso", "short_name": "Foluso", "is_staff": false, "is_verified": false, "is_active": true, "updated_on": "2021-09-25T16:45:31.066Z", "date_joined": "2021-09-25T16:45:31.066Z", "groups": [], "user_permissions": [], "roles": []}}, {"model": "users.customuser", "pk": "865cfa51-0cea-4842-a315-75137c11aeab", "fields": {"password": "pbkdf2_sha256$260000$dGmhRDxqH87O06TuYVTMVd$ggpK5XWdlefgoGGgD1SRXa8PVkXVzsKXStsvu2fhGFs=", "last_login": "2021-10-22T15:10:31.624Z", "is_superuser": false, "phone": "+2349037507068", "secondary_phone": null, "email": "derounmu@gmail.com", "full_name": "Aderounmu Bamgbose", "short_name": "Derounmu", "is_staff": false, "is_verified": false, "is_active": true, "updated_on": "2021-10-28T14:37:32.061Z", "date_joined": "2021-10-22T14:55:16.490Z", "groups": [], "user_permissions": [], "roles": []}}, {"model": "users.customuser", "pk": "8919976a-254a-4553-80a6-c264666e7034", "fields": {"password": "", "last_login": null, "is_superuser": false, "phone": "+2348033916196", "secondary_phone": null, "email": "08033916196@mytruq.com", "full_name": "Wale Fatayo", "short_name": "Wale Fatayo", "is_staff": false, "is_verified": false, "is_active": true, "updated_on": "2021-09-15T18:34:04.322Z", "date_joined": "2021-09-15T18:34:04.321Z", "groups": [], "user_permissions": [], "roles": []}}, {"model": "users.customuser", "pk": "aed3f7cf-c920-4b97-8ac4-e307f127d038", "fields": {"password": "", "last_login": null, "is_superuser": false, "phone": "+2347048833178", "secondary_phone": null, "email": "fatayo@mytruq.com", "full_name": "truQ User", "short_name": "truQ User", "is_staff": false, "is_verified": false, "is_active": true, "updated_on": "2021-09-14T16:20:44.930Z", "date_joined": "2021-09-14T16:20:44.929Z", "groups": [], "user_permissions": [], "roles": []}}, {"model": "users.customuser", "pk": "cb6036ee-8329-47d2-aaf9-8ab20dc795b0", "fields": {"password": "pbkdf2_sha256$260000$TyluZaY0lhahprACAbaSJD$uqISK5pUXN1PjvfKQhd0e5ZLMs+u3lLL6l59aAXzDes=", "last_login": "2021-10-22T14:11:49.743Z", "is_superuser": true, "phone": "+27738692207", "secondary_phone": null, "email": "isaacchikutukutu@gmail.com", "full_name": "Isaac Chikutukutu", "short_name": "Izak", "is_staff": true, "is_verified": false, "is_active": true, "updated_on": "2021-09-15T21:55:38.409Z", "date_joined": "2021-09-12T12:30:51Z", "groups": [], "user_permissions": [], "roles": []}}, {"model": "users.customuser", "pk": "cbe295b9-830e-45df-8a80-537fddc2f63f", "fields": {"password": "", "last_login": null, "is_superuser": false, "phone": "+2348075278382", "secondary_phone": null, "email": "labbymedia@gmail.com", "full_name": "Labby Media", "short_name": "Labby Media", "is_staff": false, "is_verified": false, "is_active": true, "updated_on": "2021-09-15T17:57:28.252Z", "date_joined": "2021-09-15T17:57:28.252Z", "groups": [], "user_permissions": [], "roles": []}}, {"model": "users.customuser", "pk": "d7e2f682-7e38-4093-aaa1-f5e5f35367c4", "fields": {"password": "pbkdf2_sha256$260000$WljzrgvrMh5tTPx4gLkIyf$GZ8jz6AZH5Dwvxls0A9ZHA3fL43zs5n/yCd9J5hptvo=", "last_login": "2021-10-28T12:42:45.501Z", "is_superuser": false, "phone": "+2348112213729", "secondary_phone": null, "email": "savigangaa@gmail.com", "full_name": "Adepoju Toyeeb", "short_name": "Tweebs", "is_staff": false, "is_verified": false, "is_active": true, "updated_on": "2021-10-28T12:42:19.361Z", "date_joined": "2021-10-28T12:42:15.783Z", "groups": [], "user_permissions": [], "roles": []}}, {"model": "users.customuser", "pk": "e748044b-9c53-473a-8000-e97038ddcb83", "fields": {"password": "pbkdf2_sha256$260000$Bndme28RPIAUj1Lltpgl4Z$Rah9tvNNvBPWGaZkAx1vW2zh+vTaA0c5dvLP9K4dBXU=", "last_login": "2021-09-17T10:36:27.329Z", "is_superuser": false, "phone": "+2348095371430", "secondary_phone": null, "email": "eniolaorireyemi@gmail.com", "full_name": "Eniola Orireyemi", "short_name": "Eniola", "is_staff": false, "is_verified": true, "is_active": true, "updated_on": "2021-09-14T15:35:28.820Z", "date_joined": "2021-09-14T10:54:37.520Z", "groups": [], "user_permissions": [], "roles": []}}, {"model": "users.customuser", "pk": "ec1d3096-b998-4c4d-9c4e-b8bc9a178f8c", "fields": {"password": "", "last_login": null, "is_superuser": false, "phone": "+2348083678822", "secondary_phone": null, "email": "090@mytruq.com", "full_name": "Lola", "short_name": "Lola", "is_staff": false, "is_verified": false, "is_active": true, "updated_on": "2021-09-26T20:19:15.541Z", "date_joined": "2021-09-26T20:19:15.541Z", "groups": [], "user_permissions": [], "roles": []}}, {"model": "users.customuser", "pk": "efa59874-e726-4778-a4e9-c8186f4c1661", "fields": {"password": "pbkdf2_sha256$260000$ZhgCW1GpaUvLMmhtcAIjau$1kImKYG4LzKaIrdBBsoigr2pGg3HvKKWFlkG+Bj7aV4=", "last_login": "2021-11-01T14:10:02.973Z", "is_superuser": true, "phone": "+2348113786220", "secondary_phone": null, "email": "akatugbasaviour@gmail.com", "full_name": "Saviour Akatugba", "short_name": "saviganga", "is_staff": true, "is_verified": false, "is_active": true, "updated_on": "2021-10-22T16:45:24.290Z", "date_joined": "2021-09-12T12:59:24.443Z", "groups": [], "user_permissions": [], "roles": []}}, {"model": "users.customuser", "pk": "f6c2efbd-d06b-48f1-8a2d-63f645a540d8", "fields": {"password": "", "last_login": null, "is_superuser": false, "phone": "+2348088987655", "secondary_phone": null, "email": "folu.kilo@gmail.com", "full_name": "Lola Bright", "short_name": "Lola Bright", "is_staff": false, "is_verified": false, "is_active": true, "updated_on": "2021-09-15T16:45:08.057Z", "date_joined": "2021-09-15T16:45:08.056Z", "groups": [], "user_permissions": [], "roles": []}}, {"model": "users.userprofile", "pk": "03792d7d-c180-4fec-8d55-487411c5ce24", "fields": {"user": "aed3f7cf-c920-4b97-8ac4-e307f127d038", "currency": "NGN", "country": "NG", "province": "LAGOS", "city": "LAGOS", "home_address": null, "gender": "", "bio": null, "average_rating": "5.00", "picture": "", "social_facebook": null, "social_twitter": null, "social_instagram": null, "social_telegram": null, "referral_code": "2DAD87A2AB90176"}}, {"model": "users.userprofile", "pk": "0682f844-0c8f-4b24-a458-44844eea9908", "fields": {"user": "765780cc-b422-445e-8557-1d63b1cbcb50", "currency": "NGN", "country": "NG", "province": "LAGOS", "city": "LAGOS", "home_address": null, "gender": "", "bio": null, "average_rating": "5.00", "picture": "", "social_facebook": null, "social_twitter": null, "social_instagram": null, "social_telegram": null, "referral_code": "4197DB06DBE4ABD"}}, {"model": "users.userprofile", "pk": "0ee68b8c-cbec-439b-a703-4f32cc4d76f5", "fields": {"user": "ec1d3096-b998-4c4d-9c4e-b8bc9a178f8c", "currency": "NGN", "country": "NG", "province": "LAGOS", "city": "LAGOS", "home_address": null, "gender": "", "bio": null, "average_rating": "5.00", "picture": "", "social_facebook": null, "social_twitter": null, "social_instagram": null, "social_telegram": null, "referral_code": "FEA87FAB6FD1D6E"}}, {"model": "users.userprofile", "pk": "12e171f9-6fba-48f9-84ff-12fa70753488", "fields": {"user": "cb6036ee-8329-47d2-aaf9-8ab20dc795b0", "currency": "NGN", "country": "NG", "province": "LAGOS", "city": "LAGOS", "home_address": "f798a1c6-8550-4f5b-a827-d018e00c2878", "gender": "MALE", "bio": "", "average_rating": "5.00", "picture": "ProfilePictures/IMG_9692.JPG", "social_facebook": null, "social_twitter": null, "social_instagram": null, "social_telegram": null, "referral_code": "FD2569EC9E7BE70"}}, {"model": "users.userprofile", "pk": "1fe848a7-4cc5-4cfc-9636-e39a099485fd", "fields": {"user": "cbe295b9-830e-45df-8a80-537fddc2f63f", "currency": "NGN", "country": "NG", "province": "LAGOS", "city": "LAGOS", "home_address": null, "gender": "", "bio": null, "average_rating": "5.00", "picture": "", "social_facebook": null, "social_twitter": null, "social_instagram": null, "social_telegram": null, "referral_code": "2232A8BC016820E"}}, {"model": "users.userprofile", "pk": "2d8a73e3-b2bd-4f8a-ab11-084d89fd8b0f", "fields": {"user": "8919976a-254a-4553-80a6-c264666e7034", "currency": "NGN", "country": "NG", "province": "LAGOS", "city": "LAGOS", "home_address": null, "gender": "", "bio": null, "average_rating": "5.00", "picture": "", "social_facebook": null, "social_twitter": null, "social_instagram": null, "social_telegram": null, "referral_code": "7F363232F76FB20"}}, {"model": "users.userprofile", "pk": "33dc2b5e-6bac-45c0-ba4b-10062ebae2a8", "fields": {"user": "205ce7ab-02ea-432d-acef-a596fcef4950", "currency": "NGN", "country": "NG", "province": "LAGOS", "city": "LAGOS", "home_address": null, "gender": "", "bio": null, "average_rating": "5.00", "picture": "", "social_facebook": null, "social_twitter": null, "social_instagram": null, "social_telegram": null, "referral_code": "CDF4D2D64C596A5"}}, {"model": "users.userprofile", "pk": "4cea142f-0932-441e-b87d-52a442698313", "fields": {"user": "2de5f7a9-929a-4f6e-9a71-ff91694c167d", "currency": "NGN", "country": "NG", "province": "LAGOS", "city": "LAGOS", "home_address": null, "gender": "", "bio": null, "average_rating": "5.00", "picture": "", "social_facebook": null, "social_twitter": null, "social_instagram": null, "social_telegram": null, "referral_code": "2349040913973"}}, {"model": "users.userprofile", "pk": "58936c88-b946-4fe1-97a6-3fe6f9f6b6d4", "fields": {"user": "865cfa51-0cea-4842-a315-75137c11aeab", "currency": "NGN", "country": "NG", "province": "AKOKA", "city": "LAGOS", "home_address": null, "gender": "", "bio": null, "average_rating": "5.00", "picture": "", "social_facebook": null, "social_twitter": null, "social_instagram": null, "social_telegram": null, "referral_code": "BIG BAMZ"}}, {"model": "users.userprofile", "pk": "69ff8866-f3fd-4cf0-a336-92d8efea2937", "fields": {"user": "d7e2f682-7e38-4093-aaa1-f5e5f35367c4", "currency": "NGN", "country": "NG", "province": "LAGOS", "city": "LAGOS", "home_address": null, "gender": "", "bio": null, "average_rating": "5.00", "picture": "", "social_facebook": null, "social_twitter": null, "social_instagram": null, "social_telegram": null, "referral_code": "2348112213729"}}, {"model": "users.userprofile", "pk": "76133570-95f4-4373-9c6e-4d2e933d6c4f", "fields": {"user": "5585d6b9-d98a-4e71-a83e-ed026dd49e34", "currency": "NGN", "country": "NG", "province": "LAGOS", "city": "LAGOS", "home_address": "405a2b4d-7fa8-47aa-a09e-c36eef4fb181", "gender": "MALE", "bio": "Qwerty", "average_rating": "5.00", "picture": "", "social_facebook": null, "social_twitter": null, "social_instagram": null, "social_telegram": null, "referral_code": "6595D9912C79CC2E"}}, {"model": "users.userprofile", "pk": "7a7f205b-42bf-4b67-bbb9-1f4f7002f52a", "fields": {"user": "efa59874-e726-4778-a4e9-c8186f4c1661", "currency": "NGN", "country": "NG", "province": "LAGOS", "city": "LAGOS", "home_address": "974eb31a-e71c-471a-a45d-2810f3faacec", "gender": "", "bio": null, "average_rating": "5.00", "picture": "", "social_facebook": null, "social_twitter": null, "social_instagram": null, "social_telegram": null, "referral_code": "4DA20FE2CAE8D9B"}}, {"model": "users.userprofile", "pk": "87f70ed5-f7d7-4e70-b4cc-866c899fe77d", "fields": {"user": "09a033ba-6c35-4ac8-a3a4-169900e9191a", "currency": "NGN", "country": "NG", "province": "LAGOS", "city": "LAGOS", "home_address": "515de0e4-a835-4a4d-bcca-ba22dc1668bb", "gender": "FEMALE", "bio": "His redemption is my qualification.\r\nTalk is King.\r\nDev girl.", "average_rating": "5.00", "picture": "ProfilePictures/Onboarding_Checklist.png", "social_facebook": null, "social_twitter": null, "social_instagram": null, "social_telegram": null, "referral_code": "1AAEE922A3C51C3F"}}, {"model": "users.userprofile", "pk": "aef64de0-0a7c-4ee9-990b-1b4d50aa9363", "fields": {"user": "e748044b-9c53-473a-8000-e97038ddcb83", "currency": "NGN", "country": "NG", "province": "LAGOS", "city": "LAGOS", "home_address": "9428b287-1f27-43ad-b1ac-274ae891942d", "gender": "MALE", "bio": null, "average_rating": "5.00", "picture": "", "social_facebook": null, "social_twitter": null, "social_instagram": null, "social_telegram": null, "referral_code": "62B3DBA8B2C8C6BB"}}, {"model": "users.userprofile", "pk": "c7840c57-30ce-4dcf-bc73-395255b8665b", "fields": {"user": "67e6e51a-7014-49f4-b4c3-e703f4bb839e", "currency": "NGN", "country": "NG", "province": "LAGOS", "city": "LAGOS", "home_address": null, "gender": "", "bio": null, "average_rating": "5.00", "picture": "", "social_facebook": null, "social_twitter": null, "social_instagram": null, "social_telegram": null, "referral_code": "6BA4DEEBD6AD5C2F"}}, {"model": "users.userprofile", "pk": "e9be23a0-7929-4036-b715-9cd675f09910", "fields": {"user": "f6c2efbd-d06b-48f1-8a2d-63f645a540d8", "currency": "NGN", "country": "NG", "province": "LAGOS", "city": "LAGOS", "home_address": null, "gender": "", "bio": null, "average_rating": "5.00", "picture": "", "social_facebook": null, "social_twitter": null, "social_instagram": null, "social_telegram": null, "referral_code": "6F0C094C68857AB0"}}, {"model": "users.userverificationdevice", "pk": 1, "fields": {"name": "", "confirmed": true, "user": "efa59874-e726-4778-a4e9-c8186f4c1661", "secret_key": "26900e8e31202d7de463c132f7c5aedab1b27382", "last_verified_counter": 906367}}, {"model": "users.userverificationdevice", "pk": 2, "fields": {"name": "", "confirmed": true, "user": "09a033ba-6c35-4ac8-a3a4-169900e9191a", "secret_key": "e1f2900452471dd5998f3dd2be62c46747add968", "last_verified_counter": 906362}}, {"model": "users.userverificationdevice", "pk": 3, "fields": {"name": "", "confirmed": true, "user": "67e6e51a-7014-49f4-b4c3-e703f4bb839e", "secret_key": "a127427d8648d003e5bb4fa25ed0173120a25229", "last_verified_counter": -1}}, {"model": "users.userverificationdevice", "pk": 4, "fields": {"name": "", "confirmed": true, "user": "e748044b-9c53-473a-8000-e97038ddcb83", "secret_key": "41de4aaa243857f6bd26ff098e29d0009a1e845b", "last_verified_counter": 906453}}, {"model": "users.userverificationdevice", "pk": 5, "fields": {"name": "", "confirmed": true, "user": "5585d6b9-d98a-4e71-a83e-ed026dd49e34", "secret_key": "e96afbff27c666565bc185b68ab230b4bc377e4b", "last_verified_counter": 906463}}, {"model": "users.userverificationdevice", "pk": 6, "fields": {"name": "", "confirmed": true, "user": "205ce7ab-02ea-432d-acef-a596fcef4950", "secret_key": "4b7f6d0c5efc88aa3b1bb41d8f4058aa8b2726b3", "last_verified_counter": 906513}}, {"model": "users.userverificationdevice", "pk": 7, "fields": {"name": "", "confirmed": true, "user": "865cfa51-0cea-4842-a315-75137c11aeab", "secret_key": "eda84cdd86a27e6bf6bb389bcaf97a768a024935", "last_verified_counter": -1}}, {"model": "users.userverificationdevice", "pk": 8, "fields": {"name": "", "confirmed": true, "user": "2de5f7a9-929a-4f6e-9a71-ff91694c167d", "secret_key": "50f4fd1f6778bff21e49bef87188323ff9575ed4", "last_verified_counter": -1}}, {"model": "users.userverificationdevice", "pk": 9, "fields": {"name": "", "confirmed": true, "user": "d7e2f682-7e38-4093-aaa1-f5e5f35367c4", "secret_key": "0a6beeaaaa399f99de7fc3ace304fb3a186f868d", "last_verified_counter": -1}}, {"model": "wallet.userbankaccount", "pk": "1d4240bd-6682-44cc-ad6b-1998662bd4eb", "fields": {"user": "efa59874-e726-4778-a4e9-c8186f4c1661", "alias": null, "bank": "GTBank", "account_number": "0148321314", "bank_code": "058", "recipient_code": "RCP_skc7k8yz1zcca1m", "account_type": "SAVINGS", "is_default": false, "created_on": "2021-10-30T09:02:09.526Z", "updated_on": "2021-11-01T09:30:45.662Z"}}, {"model": "wallet.userbankaccount", "pk": "39cf405c-2049-46fe-9d6f-009430b1f766", "fields": {"user": "09a033ba-6c35-4ac8-a3a4-169900e9191a", "alias": null, "bank": "GTB", "account_number": "0125894668", "bank_code": "058", "recipient_code": null, "account_type": "SAVINGS", "is_default": false, "created_on": "2021-11-02T13:00:06.395Z", "updated_on": "2021-11-02T13:00:06.395Z"}}, {"model": "wallet.userbankaccount", "pk": "d34d1101-e9f3-43d4-b638-722a5400a5e7", "fields": {"user": "efa59874-e726-4778-a4e9-c8186f4c1661", "alias": null, "bank": "UBA", "account_number": "2147862633", "bank_code": "033", "recipient_code": "RCP_p5gc9clr4q6dys6", "account_type": "CURRENT", "is_default": false, "created_on": "2021-11-01T12:12:44.544Z", "updated_on": "2021-11-01T12:38:22.740Z"}}, {"model": "wallet.userwalletwithdrawalrequest", "pk": "03fe7529-9e27-4a86-811f-513bfa84b697", "fields": {"user": "efa59874-e726-4778-a4e9-c8186f4c1661", "account": "d34d1101-e9f3-43d4-b638-722a5400a5e7", "currency": "NGN", "amount": "100.00", "is_accepted": false, "description": "Test wallet withdrawal staging", "created_on": "2021-11-01T14:15:01.201Z", "updated_on": "2021-11-01T14:15:01.201Z"}}, {"model": "wallet.userwalletwithdrawalrequest", "pk": "0481a20f-37f3-4194-b887-5bab437254ed", "fields": {"user": "efa59874-e726-4778-a4e9-c8186f4c1661", "account": "1d4240bd-6682-44cc-ad6b-1998662bd4eb", "currency": "NGN", "amount": "1000.00", "is_accepted": false, "description": "Test wallet withdrawal", "created_on": "2021-10-30T12:45:11.317Z", "updated_on": "2021-10-30T12:45:11.317Z"}}, {"model": "wallet.userwalletwithdrawalrequest", "pk": "09cf5ef3-f2cd-4c93-acc8-fa63f77702d5", "fields": {"user": "efa59874-e726-4778-a4e9-c8186f4c1661", "account": "1d4240bd-6682-44cc-ad6b-1998662bd4eb", "currency": "NGN", "amount": "10.00", "is_accepted": false, "description": "Test wallet withdrawal", "created_on": "2021-10-30T12:16:56.496Z", "updated_on": "2021-10-30T12:16:56.496Z"}}, {"model": "wallet.userwalletwithdrawalrequest", "pk": "0b726c2a-73ae-412a-ab10-93841d745735", "fields": {"user": "efa59874-e726-4778-a4e9-c8186f4c1661", "account": "1d4240bd-6682-44cc-ad6b-1998662bd4eb", "currency": "NGN", "amount": "10.00", "is_accepted": false, "description": "Test wallet withdrawal", "created_on": "2021-10-30T12:19:01.838Z", "updated_on": "2021-10-30T12:19:01.838Z"}}, {"model": "wallet.userwalletwithdrawalrequest", "pk": "0bfbde48-453c-4490-a9e7-24f81c293e75", "fields": {"user": "efa59874-e726-4778-a4e9-c8186f4c1661", "account": "d34d1101-e9f3-43d4-b638-722a5400a5e7", "currency": "NGN", "amount": "100.00", "is_accepted": false, "description": "Test wallet withdrawal no bank code in account", "created_on": "2021-11-01T12:20:48.147Z", "updated_on": "2021-11-01T12:20:48.147Z"}}, {"model": "wallet.userwalletwithdrawalrequest", "pk": "0d8ec15d-5f43-40c7-9c89-3c6a855fa45d", "fields": {"user": "efa59874-e726-4778-a4e9-c8186f4c1661", "account": "d34d1101-e9f3-43d4-b638-722a5400a5e7", "currency": "NGN", "amount": "100.00", "is_accepted": false, "description": "Test wallet withdrawal no bank code in account", "created_on": "2021-11-01T12:21:44.784Z", "updated_on": "2021-11-01T12:21:44.784Z"}}, {"model": "wallet.userwalletwithdrawalrequest", "pk": "0fc63523-35ff-499f-b01f-bb0d21b03358", "fields": {"user": "efa59874-e726-4778-a4e9-c8186f4c1661", "account": "1d4240bd-6682-44cc-ad6b-1998662bd4eb", "currency": "NGN", "amount": "100.00", "is_accepted": false, "description": "Test wallet withdrawal", "created_on": "2021-10-30T13:36:56.445Z", "updated_on": "2021-10-30T13:36:56.445Z"}}, {"model": "wallet.userwalletwithdrawalrequest", "pk": "10075b94-49f7-4db8-8170-82ed08ae9ba7", "fields": {"user": "efa59874-e726-4778-a4e9-c8186f4c1661", "account": "1d4240bd-6682-44cc-ad6b-1998662bd4eb", "currency": "NGN", "amount": "10.00", "is_accepted": false, "description": "Test wallet withdrawal", "created_on": "2021-10-30T12:35:42.864Z", "updated_on": "2021-10-30T12:35:42.864Z"}}, {"model": "wallet.userwalletwithdrawalrequest", "pk": "119c7609-2bdd-45b9-990e-6f9c15213edb", "fields": {"user": "efa59874-e726-4778-a4e9-c8186f4c1661", "account": "d34d1101-e9f3-43d4-b638-722a5400a5e7", "currency": "NGN", "amount": "100.00", "is_accepted": false, "description": "Test wallet withdrawal no bank code in account", "created_on": "2021-11-01T12:28:35.056Z", "updated_on": "2021-11-01T12:28:35.056Z"}}, {"model": "wallet.userwalletwithdrawalrequest", "pk": "147d8950-c2bb-4e24-a191-dc7d4ba26db4", "fields": {"user": "efa59874-e726-4778-a4e9-c8186f4c1661", "account": "d34d1101-e9f3-43d4-b638-722a5400a5e7", "currency": "NGN", "amount": "100.00", "is_accepted": false, "description": "Test wallet withdrawal no bank code in account", "created_on": "2021-11-01T12:15:49.143Z", "updated_on": "2021-11-01T12:15:49.143Z"}}, {"model": "wallet.userwalletwithdrawalrequest", "pk": "153a962b-6034-4acb-a6ba-c782bfe9e828", "fields": {"user": "efa59874-e726-4778-a4e9-c8186f4c1661", "account": "1d4240bd-6682-44cc-ad6b-1998662bd4eb", "currency": "NGN", "amount": "10.00", "is_accepted": false, "description": "Test wallet withdrawal", "created_on": "2021-10-30T12:09:19.927Z", "updated_on": "2021-10-30T12:09:19.927Z"}}, {"model": "wallet.userwalletwithdrawalrequest", "pk": "17ad3f3f-aa64-488c-9b11-89b35d4a173b", "fields": {"user": "efa59874-e726-4778-a4e9-c8186f4c1661", "account": "d34d1101-e9f3-43d4-b638-722a5400a5e7", "currency": "NGN", "amount": "100.00", "is_accepted": false, "description": "Test wallet withdrawal no bank code in account", "created_on": "2021-11-01T12:34:33.619Z", "updated_on": "2021-11-01T12:34:33.619Z"}}, {"model": "wallet.userwalletwithdrawalrequest", "pk": "19184d5a-3bed-4ae6-9b43-97d6c398f16f", "fields": {"user": "efa59874-e726-4778-a4e9-c8186f4c1661", "account": "1d4240bd-6682-44cc-ad6b-1998662bd4eb", "currency": "NGN", "amount": "100.00", "is_accepted": false, "description": "Test wallet withdrawal", "created_on": "2021-11-01T11:29:25.724Z", "updated_on": "2021-11-01T11:29:25.724Z"}}, {"model": "wallet.userwalletwithdrawalrequest", "pk": "202260ce-1c00-46e9-b1ac-34f8a0ba17f1", "fields": {"user": "efa59874-e726-4778-a4e9-c8186f4c1661", "account": "1d4240bd-6682-44cc-ad6b-1998662bd4eb", "currency": "NGN", "amount": "100.00", "is_accepted": false, "description": "Test wallet withdrawal", "created_on": "2021-10-30T13:12:13.668Z", "updated_on": "2021-10-30T13:12:13.668Z"}}, {"model": "wallet.userwalletwithdrawalrequest", "pk": "233e1b3e-629a-4371-a217-2964c2d91cd2", "fields": {"user": "efa59874-e726-4778-a4e9-c8186f4c1661", "account": null, "currency": "NGN", "amount": "0.00", "is_accepted": false, "description": null, "created_on": "2021-10-30T08:56:25.340Z", "updated_on": "2021-10-30T08:56:25.340Z"}}, {"model": "wallet.userwalletwithdrawalrequest", "pk": "26f4a7e0-b708-4cd1-8ea1-b49906693d3a", "fields": {"user": "efa59874-e726-4778-a4e9-c8186f4c1661", "account": "1d4240bd-6682-44cc-ad6b-1998662bd4eb", "currency": "NGN", "amount": "100.00", "is_accepted": false, "description": "Test wallet withdrawal", "created_on": "2021-10-30T11:21:45.048Z", "updated_on": "2021-10-30T11:21:45.048Z"}}, {"model": "wallet.userwalletwithdrawalrequest", "pk": "284fc1e3-1017-4fa7-a863-861ef585cc6f", "fields": {"user": "efa59874-e726-4778-a4e9-c8186f4c1661", "account": "d34d1101-e9f3-43d4-b638-722a5400a5e7", "currency": "NGN", "amount": "100.00", "is_accepted": false, "description": "Test wallet withdrawal no bank code in account", "created_on": "2021-11-01T12:38:14.643Z", "updated_on": "2021-11-01T12:38:14.643Z"}}, {"model": "wallet.userwalletwithdrawalrequest", "pk": "2ad51446-1537-49a9-bf88-d72677a853aa", "fields": {"user": "efa59874-e726-4778-a4e9-c8186f4c1661", "account": "1d4240bd-6682-44cc-ad6b-1998662bd4eb", "currency": "NGN", "amount": "100.00", "is_accepted": false, "description": "Test wallet withdrawal", "created_on": "2021-10-30T11:15:23.464Z", "updated_on": "2021-10-30T11:15:23.464Z"}}, {"model": "wallet.userwalletwithdrawalrequest", "pk": "311630cd-cd3d-4d96-a4d0-4c25296f5142", "fields": {"user": "efa59874-e726-4778-a4e9-c8186f4c1661", "account": "1d4240bd-6682-44cc-ad6b-1998662bd4eb", "currency": "NGN", "amount": "10.00", "is_accepted": false, "description": "Test wallet withdrawal", "created_on": "2021-11-01T12:01:24.369Z", "updated_on": "2021-11-01T12:01:24.369Z"}}, {"model": "wallet.userwalletwithdrawalrequest", "pk": "33805cb3-539d-4f10-b32e-77ff611f1f87", "fields": {"user": "efa59874-e726-4778-a4e9-c8186f4c1661", "account": "d34d1101-e9f3-43d4-b638-722a5400a5e7", "currency": "NGN", "amount": "100.00", "is_accepted": false, "description": "Test wallet withdrawal no bank code in account", "created_on": "2021-11-01T12:37:23.311Z", "updated_on": "2021-11-01T12:37:23.311Z"}}, {"model": "wallet.userwalletwithdrawalrequest", "pk": "351342cd-f80e-48f4-8588-fe56e410e3fb", "fields": {"user": "efa59874-e726-4778-a4e9-c8186f4c1661", "account": "1d4240bd-6682-44cc-ad6b-1998662bd4eb", "currency": "NGN", "amount": "100.00", "is_accepted": false, "description": "Test wallet withdrawal", "created_on": "2021-11-01T12:05:43.860Z", "updated_on": "2021-11-01T12:05:43.860Z"}}, {"model": "wallet.userwalletwithdrawalrequest", "pk": "3d043100-da49-4384-a44d-85c72f16b6df", "fields": {"user": "efa59874-e726-4778-a4e9-c8186f4c1661", "account": "1d4240bd-6682-44cc-ad6b-1998662bd4eb", "currency": "NGN", "amount": "100.00", "is_accepted": false, "description": "Test wallet withdrawal", "created_on": "2021-11-01T11:09:14.262Z", "updated_on": "2021-11-01T11:09:14.262Z"}}, {"model": "wallet.userwalletwithdrawalrequest", "pk": "3ec7f647-5bf6-44fb-bb0e-40dbad0ee47f", "fields": {"user": "efa59874-e726-4778-a4e9-c8186f4c1661", "account": "1d4240bd-6682-44cc-ad6b-1998662bd4eb", "currency": "NGN", "amount": "100.00", "is_accepted": false, "description": "Test wallet withdrawal", "created_on": "2021-11-01T11:22:33.099Z", "updated_on": "2021-11-01T11:22:33.099Z"}}, {"model": "wallet.userwalletwithdrawalrequest", "pk": "3ef40f52-42ed-4ff4-a467-02d588405545", "fields": {"user": "efa59874-e726-4778-a4e9-c8186f4c1661", "account": "1d4240bd-6682-44cc-ad6b-1998662bd4eb", "currency": "NGN", "amount": "100.00", "is_accepted": false, "description": "Test wallet withdrawal", "created_on": "2021-10-30T11:30:16.874Z", "updated_on": "2021-10-30T11:30:16.874Z"}}, {"model": "wallet.userwalletwithdrawalrequest", "pk": "41192aa8-983b-4a20-9fce-7c91f4350cc1", "fields": {"user": "efa59874-e726-4778-a4e9-c8186f4c1661", "account": "1d4240bd-6682-44cc-ad6b-1998662bd4eb", "currency": "NGN", "amount": "100.00", "is_accepted": false, "description": "Test wallet withdrawal", "created_on": "2021-10-30T11:24:30.789Z", "updated_on": "2021-10-30T11:24:30.789Z"}}, {"model": "wallet.userwalletwithdrawalrequest", "pk": "4a67dcb3-e03b-4a17-a6ef-ad7d28cc466c", "fields": {"user": "efa59874-e726-4778-a4e9-c8186f4c1661", "account": "d34d1101-e9f3-43d4-b638-722a5400a5e7", "currency": "NGN", "amount": "100.00", "is_accepted": false, "description": "Test wallet withdrawal no bank code in account", "created_on": "2021-11-01T12:21:12.763Z", "updated_on": "2021-11-01T12:21:12.763Z"}}, {"model": "wallet.userwalletwithdrawalrequest", "pk": "4c375898-4564-4a29-8809-30ded2e3abe1", "fields": {"user": "efa59874-e726-4778-a4e9-c8186f4c1661", "account": "1d4240bd-6682-44cc-ad6b-1998662bd4eb", "currency": "NGN", "amount": "100.00", "is_accepted": false, "description": "Test wallet withdrawal", "created_on": "2021-10-30T11:49:22.300Z", "updated_on": "2021-10-30T11:49:22.300Z"}}, {"model": "wallet.userwalletwithdrawalrequest", "pk": "4c9c4462-7274-4a47-bae8-f6ddbc3acc25", "fields": {"user": "efa59874-e726-4778-a4e9-c8186f4c1661", "account": "1d4240bd-6682-44cc-ad6b-1998662bd4eb", "currency": "NGN", "amount": "10.00", "is_accepted": false, "description": "Test wallet withdrawal", "created_on": "2021-10-30T11:56:24.637Z", "updated_on": "2021-10-30T11:56:24.637Z"}}, {"model": "wallet.userwalletwithdrawalrequest", "pk": "50857336-6cab-44cd-ab9e-52e6ac01dc7a", "fields": {"user": "efa59874-e726-4778-a4e9-c8186f4c1661", "account": "1d4240bd-6682-44cc-ad6b-1998662bd4eb", "currency": "NGN", "amount": "100.00", "is_accepted": false, "description": "Test wallet withdrawal", "created_on": "2021-10-30T11:21:29.437Z", "updated_on": "2021-10-30T11:21:29.437Z"}}, {"model": "wallet.userwalletwithdrawalrequest", "pk": "5419d965-43e2-4b10-8162-f6a4e176a6d4", "fields": {"user": "efa59874-e726-4778-a4e9-c8186f4c1661", "account": "1d4240bd-6682-44cc-ad6b-1998662bd4eb", "currency": "NGN", "amount": "1000.00", "is_accepted": false, "description": "Test wallet withdrawal", "created_on": "2021-10-30T12:45:54.471Z", "updated_on": "2021-10-30T12:45:54.471Z"}}, {"model": "wallet.userwalletwithdrawalrequest", "pk": "54a37819-32c3-4f28-a315-27321e938432", "fields": {"user": "efa59874-e726-4778-a4e9-c8186f4c1661", "account": "1d4240bd-6682-44cc-ad6b-1998662bd4eb", "currency": "NGN", "amount": "1.00", "is_accepted": false, "description": "wallet withdrawal test", "created_on": "2021-10-30T09:13:52.317Z", "updated_on": "2021-10-30T09:13:52.317Z"}}, {"model": "wallet.userwalletwithdrawalrequest", "pk": "56fff4e8-33e0-4526-beee-1a9747ace649", "fields": {"user": "efa59874-e726-4778-a4e9-c8186f4c1661", "account": "1d4240bd-6682-44cc-ad6b-1998662bd4eb", "currency": "NGN", "amount": "100.00", "is_accepted": false, "description": "Test wallet withdrawal", "created_on": "2021-11-01T11:26:10.999Z", "updated_on": "2021-11-01T11:26:10.999Z"}}, {"model": "wallet.userwalletwithdrawalrequest", "pk": "59c944c2-fbd4-4c42-b4cf-65b2762a6a29", "fields": {"user": "efa59874-e726-4778-a4e9-c8186f4c1661", "account": "d34d1101-e9f3-43d4-b638-722a5400a5e7", "currency": "NGN", "amount": "100.00", "is_accepted": false, "description": "Test wallet withdrawal no bank code in account", "created_on": "2021-11-01T12:34:45.956Z", "updated_on": "2021-11-01T12:34:45.956Z"}}, {"model": "wallet.userwalletwithdrawalrequest", "pk": "5b743073-192b-4de7-ae26-a630c3ac1b94", "fields": {"user": "efa59874-e726-4778-a4e9-c8186f4c1661", "account": "d34d1101-e9f3-43d4-b638-722a5400a5e7", "currency": "NGN", "amount": "100.00", "is_accepted": false, "description": "Test wallet withdrawal no bank code in account", "created_on": "2021-11-01T12:21:27.220Z", "updated_on": "2021-11-01T12:21:27.220Z"}}, {"model": "wallet.userwalletwithdrawalrequest", "pk": "61ecfdbc-120b-4c44-bac8-062e3f02b0b3", "fields": {"user": "efa59874-e726-4778-a4e9-c8186f4c1661", "account": "1d4240bd-6682-44cc-ad6b-1998662bd4eb", "currency": "NGN", "amount": "100.00", "is_accepted": false, "description": "Test wallet withdrawal", "created_on": "2021-11-01T11:10:47.666Z", "updated_on": "2021-11-01T11:10:47.666Z"}}, {"model": "wallet.userwalletwithdrawalrequest", "pk": "64471033-9e16-4d98-bebb-4b4be70781ad", "fields": {"user": "efa59874-e726-4778-a4e9-c8186f4c1661", "account": "1d4240bd-6682-44cc-ad6b-1998662bd4eb", "currency": "NGN", "amount": "10.00", "is_accepted": false, "description": "Test wallet withdrawal", "created_on": "2021-10-30T12:17:19.430Z", "updated_on": "2021-10-30T12:17:19.430Z"}}, {"model": "wallet.userwalletwithdrawalrequest", "pk": "6555030e-50d7-4205-9a11-eee8cbdff61e", "fields": {"user": "efa59874-e726-4778-a4e9-c8186f4c1661", "account": "d34d1101-e9f3-43d4-b638-722a5400a5e7", "currency": "NGN", "amount": "100.00", "is_accepted": false, "description": "Test wallet withdrawal no bank code in account", "created_on": "2021-11-01T12:14:04.810Z", "updated_on": "2021-11-01T12:14:04.810Z"}}, {"model": "wallet.userwalletwithdrawalrequest", "pk": "6f435322-5958-497d-8b5a-cbc3cffefd8f", "fields": {"user": "efa59874-e726-4778-a4e9-c8186f4c1661", "account": "1d4240bd-6682-44cc-ad6b-1998662bd4eb", "currency": "NGN", "amount": "10.00", "is_accepted": false, "description": "Test wallet withdrawal", "created_on": "2021-10-30T12:33:49.912Z", "updated_on": "2021-10-30T12:33:49.913Z"}}, {"model": "wallet.userwalletwithdrawalrequest", "pk": "700b126c-3831-4b61-bbd5-6f86c51c3526", "fields": {"user": "efa59874-e726-4778-a4e9-c8186f4c1661", "account": "d34d1101-e9f3-43d4-b638-722a5400a5e7", "currency": "NGN", "amount": "10.00", "is_accepted": false, "description": "Test wallet withdrawal no bank code in account", "created_on": "2021-11-01T12:39:44.919Z", "updated_on": "2021-11-01T12:39:44.919Z"}}, {"model": "wallet.userwalletwithdrawalrequest", "pk": "70ade619-b6b6-4673-b06d-840946d0261e", "fields": {"user": "efa59874-e726-4778-a4e9-c8186f4c1661", "account": "1d4240bd-6682-44cc-ad6b-1998662bd4eb", "currency": "NGN", "amount": "100.00", "is_accepted": false, "description": "Test wallet withdrawal", "created_on": "2021-11-01T11:27:12.172Z", "updated_on": "2021-11-01T11:27:12.172Z"}}, {"model": "wallet.userwalletwithdrawalrequest", "pk": "70c706c9-77f7-4050-8bac-3b25b65ee81f", "fields": {"user": "efa59874-e726-4778-a4e9-c8186f4c1661", "account": "1d4240bd-6682-44cc-ad6b-1998662bd4eb", "currency": "NGN", "amount": "100.00", "is_accepted": false, "description": "Test wallet withdrawal", "created_on": "2021-10-30T11:17:36.294Z", "updated_on": "2021-10-30T11:17:36.294Z"}}, {"model": "wallet.userwalletwithdrawalrequest", "pk": "7372533e-36d0-4ba2-9742-d4d289f720e7", "fields": {"user": "efa59874-e726-4778-a4e9-c8186f4c1661", "account": "1d4240bd-6682-44cc-ad6b-1998662bd4eb", "currency": "NGN", "amount": "100.00", "is_accepted": false, "description": "Test wallet withdrawal", "created_on": "2021-11-01T11:34:30.400Z", "updated_on": "2021-11-01T11:34:30.400Z"}}, {"model": "wallet.userwalletwithdrawalrequest", "pk": "73ceddac-6e19-4a5e-97c0-0300b17828cf", "fields": {"user": "efa59874-e726-4778-a4e9-c8186f4c1661", "account": "1d4240bd-6682-44cc-ad6b-1998662bd4eb", "currency": "NGN", "amount": "100.00", "is_accepted": false, "description": "Test wallet withdrawal", "created_on": "2021-10-30T13:08:11.237Z", "updated_on": "2021-10-30T13:08:11.237Z"}}, {"model": "wallet.userwalletwithdrawalrequest", "pk": "753326bf-8fb6-4437-afdc-4105d7513620", "fields": {"user": "efa59874-e726-4778-a4e9-c8186f4c1661", "account": "1d4240bd-6682-44cc-ad6b-1998662bd4eb", "currency": "NGN", "amount": "100.00", "is_accepted": false, "description": "Test wallet withdrawal", "created_on": "2021-10-30T11:23:11.939Z", "updated_on": "2021-10-30T11:23:11.939Z"}}, {"model": "wallet.userwalletwithdrawalrequest", "pk": "76d8bb2f-5658-466c-9658-e945beafa431", "fields": {"user": "efa59874-e726-4778-a4e9-c8186f4c1661", "account": "d34d1101-e9f3-43d4-b638-722a5400a5e7", "currency": "NGN", "amount": "100.00", "is_accepted": false, "description": "Test wallet withdrawal no bank code in account", "created_on": "2021-11-01T12:24:14.489Z", "updated_on": "2021-11-01T12:24:14.489Z"}}, {"model": "wallet.userwalletwithdrawalrequest", "pk": "7ca17475-14b1-4e1a-8ad2-781a94ff467b", "fields": {"user": "efa59874-e726-4778-a4e9-c8186f4c1661", "account": "d34d1101-e9f3-43d4-b638-722a5400a5e7", "currency": "NGN", "amount": "100.00", "is_accepted": false, "description": "Test wallet withdrawal no bank code in account", "created_on": "2021-11-01T12:30:14.981Z", "updated_on": "2021-11-01T12:30:14.981Z"}}, {"model": "wallet.userwalletwithdrawalrequest", "pk": "802c2e5a-1c71-4d12-9262-1f03a484bf06", "fields": {"user": "efa59874-e726-4778-a4e9-c8186f4c1661", "account": "1d4240bd-6682-44cc-ad6b-1998662bd4eb", "currency": "NGN", "amount": "100.00", "is_accepted": false, "description": "Test wallet withdrawal", "created_on": "2021-11-01T11:36:30.460Z", "updated_on": "2021-11-01T11:36:30.460Z"}}, {"model": "wallet.userwalletwithdrawalrequest", "pk": "8454792a-ba71-49c6-b599-0cfe42d5f8a0", "fields": {"user": "efa59874-e726-4778-a4e9-c8186f4c1661", "account": "1d4240bd-6682-44cc-ad6b-1998662bd4eb", "currency": "NGN", "amount": "100.00", "is_accepted": false, "description": "Test wallet withdrawal", "created_on": "2021-10-30T11:42:32.284Z", "updated_on": "2021-10-30T11:42:32.284Z"}}, {"model": "wallet.userwalletwithdrawalrequest", "pk": "858dab23-96b1-4ad0-9172-50e35968c639", "fields": {"user": "efa59874-e726-4778-a4e9-c8186f4c1661", "account": "1d4240bd-6682-44cc-ad6b-1998662bd4eb", "currency": "NGN", "amount": "1.00", "is_accepted": false, "description": "wallet withdrawal test", "created_on": "2021-10-30T09:25:06.013Z", "updated_on": "2021-10-30T09:25:06.013Z"}}, {"model": "wallet.userwalletwithdrawalrequest", "pk": "86b15455-499d-4167-9635-1458a0f970f1", "fields": {"user": "efa59874-e726-4778-a4e9-c8186f4c1661", "account": "1d4240bd-6682-44cc-ad6b-1998662bd4eb", "currency": "NGN", "amount": "100.50", "is_accepted": false, "description": "Test wallet withdrawal", "created_on": "2021-10-30T13:13:19.512Z", "updated_on": "2021-10-30T13:13:19.512Z"}}, {"model": "wallet.userwalletwithdrawalrequest", "pk": "8803ab97-2668-4d37-b22c-90c67c9e450d", "fields": {"user": "efa59874-e726-4778-a4e9-c8186f4c1661", "account": "1d4240bd-6682-44cc-ad6b-1998662bd4eb", "currency": "NGN", "amount": "10.00", "is_accepted": false, "description": "Test wallet withdrawal", "created_on": "2021-10-30T12:13:07.235Z", "updated_on": "2021-10-30T12:13:07.235Z"}}, {"model": "wallet.userwalletwithdrawalrequest", "pk": "888b2c40-86e0-4abc-998b-669f8a356e17", "fields": {"user": "efa59874-e726-4778-a4e9-c8186f4c1661", "account": "1d4240bd-6682-44cc-ad6b-1998662bd4eb", "currency": "NGN", "amount": "10.00", "is_accepted": false, "description": "Test wallet withdrawal", "created_on": "2021-10-30T12:06:29.145Z", "updated_on": "2021-10-30T12:06:29.145Z"}}, {"model": "wallet.userwalletwithdrawalrequest", "pk": "8d257cdc-b77d-495d-ae81-821663346682", "fields": {"user": "efa59874-e726-4778-a4e9-c8186f4c1661", "account": "1d4240bd-6682-44cc-ad6b-1998662bd4eb", "currency": "NGN", "amount": "10.00", "is_accepted": false, "description": "Test wallet withdrawal", "created_on": "2021-10-30T11:52:05.168Z", "updated_on": "2021-10-30T11:52:05.168Z"}}, {"model": "wallet.userwalletwithdrawalrequest", "pk": "904df52c-6617-42dc-be1e-445c50c6bb7f", "fields": {"user": "efa59874-e726-4778-a4e9-c8186f4c1661", "account": null, "currency": "NGN", "amount": "0.00", "is_accepted": false, "description": null, "created_on": "2021-10-30T08:51:30.662Z", "updated_on": "2021-10-30T08:51:30.663Z"}}, {"model": "wallet.userwalletwithdrawalrequest", "pk": "9180e7dd-08dc-4575-b2d6-a2274b398fdf", "fields": {"user": "efa59874-e726-4778-a4e9-c8186f4c1661", "account": "1d4240bd-6682-44cc-ad6b-1998662bd4eb", "currency": "NGN", "amount": "1000.00", "is_accepted": false, "description": "wallet withdrawal test", "created_on": "2021-10-30T09:07:48.486Z", "updated_on": "2021-10-30T09:07:48.486Z"}}, {"model": "wallet.userwalletwithdrawalrequest", "pk": "9443876b-0f17-4a4c-92e7-70b8771b8ea5", "fields": {"user": "efa59874-e726-4778-a4e9-c8186f4c1661", "account": "1d4240bd-6682-44cc-ad6b-1998662bd4eb", "currency": "NGN", "amount": "100.00", "is_accepted": false, "description": "Test wallet withdrawal", "created_on": "2021-10-30T13:41:44.512Z", "updated_on": "2021-10-30T13:41:44.512Z"}}, {"model": "wallet.userwalletwithdrawalrequest", "pk": "94d3110f-248e-449e-91d2-936e76eaa1ad", "fields": {"user": "efa59874-e726-4778-a4e9-c8186f4c1661", "account": "1d4240bd-6682-44cc-ad6b-1998662bd4eb", "currency": "NGN", "amount": "100.00", "is_accepted": false, "description": "Test wallet withdrawal", "created_on": "2021-10-30T11:13:24.362Z", "updated_on": "2021-10-30T11:13:24.362Z"}}, {"model": "wallet.userwalletwithdrawalrequest", "pk": "9627a634-40ed-4e4d-a077-3deac6ca82a4", "fields": {"user": "efa59874-e726-4778-a4e9-c8186f4c1661", "account": "d34d1101-e9f3-43d4-b638-722a5400a5e7", "currency": "NGN", "amount": "100.00", "is_accepted": false, "description": "Test wallet withdrawal no bank code in account", "created_on": "2021-11-01T12:30:57.141Z", "updated_on": "2021-11-01T12:30:57.141Z"}}, {"model": "wallet.userwalletwithdrawalrequest", "pk": "96ec3b41-bd9f-46dd-89bb-d044fba019ae", "fields": {"user": "efa59874-e726-4778-a4e9-c8186f4c1661", "account": "1d4240bd-6682-44cc-ad6b-1998662bd4eb", "currency": "NGN", "amount": "10.00", "is_accepted": false, "description": "Test wallet withdrawal", "created_on": "2021-11-01T12:00:51.323Z", "updated_on": "2021-11-01T12:00:51.323Z"}}, {"model": "wallet.userwalletwithdrawalrequest", "pk": "96fbc20f-fb56-4ccb-ba49-0c46c5c0f295", "fields": {"user": "efa59874-e726-4778-a4e9-c8186f4c1661", "account": "1d4240bd-6682-44cc-ad6b-1998662bd4eb", "currency": "NGN", "amount": "1000.00", "is_accepted": false, "description": "Test wallet withdrawal", "created_on": "2021-10-30T12:43:18.482Z", "updated_on": "2021-10-30T12:43:18.482Z"}}, {"model": "wallet.userwalletwithdrawalrequest", "pk": "973cfe7e-461e-4921-a6dd-ea88907289de", "fields": {"user": "efa59874-e726-4778-a4e9-c8186f4c1661", "account": "1d4240bd-6682-44cc-ad6b-1998662bd4eb", "currency": "NGN", "amount": "100.00", "is_accepted": false, "description": "Test wallet withdrawal", "created_on": "2021-10-30T12:55:32.793Z", "updated_on": "2021-10-30T12:55:32.793Z"}}, {"model": "wallet.userwalletwithdrawalrequest", "pk": "a25482bd-2311-4a1a-a560-c837f1ebed3f", "fields": {"user": "efa59874-e726-4778-a4e9-c8186f4c1661", "account": null, "currency": "NGN", "amount": "0.00", "is_accepted": false, "description": null, "created_on": "2021-10-30T08:54:31.726Z", "updated_on": "2021-10-30T08:54:31.726Z"}}, {"model": "wallet.userwalletwithdrawalrequest", "pk": "a27897b7-6656-4313-bb92-03c464405f64", "fields": {"user": "efa59874-e726-4778-a4e9-c8186f4c1661", "account": "1d4240bd-6682-44cc-ad6b-1998662bd4eb", "currency": "NGN", "amount": "10.00", "is_accepted": false, "description": "Test wallet withdrawal", "created_on": "2021-10-30T12:55:05.467Z", "updated_on": "2021-10-30T12:55:05.467Z"}}, {"model": "wallet.userwalletwithdrawalrequest", "pk": "a46bfbf6-9b71-46b8-a212-e78f320bba45", "fields": {"user": "efa59874-e726-4778-a4e9-c8186f4c1661", "account": "d34d1101-e9f3-43d4-b638-722a5400a5e7", "currency": "NGN", "amount": "100.00", "is_accepted": false, "description": "Test wallet withdrawal no bank code in account", "created_on": "2021-11-01T12:37:01.542Z", "updated_on": "2021-11-01T12:37:01.543Z"}}, {"model": "wallet.userwalletwithdrawalrequest", "pk": "a57d50e5-35dd-44e1-b6cc-6c596a76e23d", "fields": {"user": "efa59874-e726-4778-a4e9-c8186f4c1661", "account": "1d4240bd-6682-44cc-ad6b-1998662bd4eb", "currency": "NGN", "amount": "1000.00", "is_accepted": false, "description": "Test wallet withdrawal", "created_on": "2021-10-30T12:36:19.627Z", "updated_on": "2021-10-30T12:36:19.627Z"}}, {"model": "wallet.userwalletwithdrawalrequest", "pk": "aba88f9f-657b-49cb-b300-46f824c6503a", "fields": {"user": "efa59874-e726-4778-a4e9-c8186f4c1661", "account": "1d4240bd-6682-44cc-ad6b-1998662bd4eb", "currency": "NGN", "amount": "10.00", "is_accepted": false, "description": "Test wallet withdrawal", "created_on": "2021-10-30T12:00:32.010Z", "updated_on": "2021-10-30T12:00:32.010Z"}}, {"model": "wallet.userwalletwithdrawalrequest", "pk": "adafe90b-854b-4a13-94df-10640ac38294", "fields": {"user": "efa59874-e726-4778-a4e9-c8186f4c1661", "account": "1d4240bd-6682-44cc-ad6b-1998662bd4eb", "currency": "NGN", "amount": "10.00", "is_accepted": false, "description": "Test wallet withdrawal", "created_on": "2021-10-30T11:55:17.678Z", "updated_on": "2021-10-30T11:55:17.678Z"}}, {"model": "wallet.userwalletwithdrawalrequest", "pk": "b0d47031-685f-464d-9c35-463ee3d09f4e", "fields": {"user": "efa59874-e726-4778-a4e9-c8186f4c1661", "account": "1d4240bd-6682-44cc-ad6b-1998662bd4eb", "currency": "NGN", "amount": "100.00", "is_accepted": false, "description": "Test wallet withdrawal", "created_on": "2021-10-30T13:07:17.464Z", "updated_on": "2021-10-30T13:07:17.464Z"}}, {"model": "wallet.userwalletwithdrawalrequest", "pk": "b191d802-ba2a-484d-b95d-874598d50a14", "fields": {"user": "efa59874-e726-4778-a4e9-c8186f4c1661", "account": "1d4240bd-6682-44cc-ad6b-1998662bd4eb", "currency": "NGN", "amount": "100.00", "is_accepted": false, "description": "Test wallet withdrawal", "created_on": "2021-10-30T13:09:01.269Z", "updated_on": "2021-10-30T13:09:01.269Z"}}, {"model": "wallet.userwalletwithdrawalrequest", "pk": "b2db4414-0280-4b51-a415-31664488f6fa", "fields": {"user": "efa59874-e726-4778-a4e9-c8186f4c1661", "account": "d34d1101-e9f3-43d4-b638-722a5400a5e7", "currency": "NGN", "amount": "100.00", "is_accepted": false, "description": "Test wallet withdrawal no bank code in account", "created_on": "2021-11-01T12:13:22.858Z", "updated_on": "2021-11-01T12:13:22.858Z"}}, {"model": "wallet.userwalletwithdrawalrequest", "pk": "b59c1466-01b6-48f6-9201-44357123f7d1", "fields": {"user": "efa59874-e726-4778-a4e9-c8186f4c1661", "account": "1d4240bd-6682-44cc-ad6b-1998662bd4eb", "currency": "NGN", "amount": "100.00", "is_accepted": false, "description": "wallet withdrawal test", "created_on": "2021-10-30T09:28:21.834Z", "updated_on": "2021-10-30T09:28:21.835Z"}}, {"model": "wallet.userwalletwithdrawalrequest", "pk": "b5a0727f-4a5c-42bf-8927-76cfcc0114d9", "fields": {"user": "efa59874-e726-4778-a4e9-c8186f4c1661", "account": "1d4240bd-6682-44cc-ad6b-1998662bd4eb", "currency": "NGN", "amount": "100.00", "is_accepted": false, "description": "Test wallet withdrawal", "created_on": "2021-10-30T11:15:55.938Z", "updated_on": "2021-10-30T11:15:55.938Z"}}, {"model": "wallet.userwalletwithdrawalrequest", "pk": "b79ff780-dbeb-40f7-a0c5-f0b0cda399ac", "fields": {"user": null, "account": null, "currency": "NGN", "amount": "0.00", "is_accepted": false, "description": null, "created_on": "2021-10-30T08:48:26.523Z", "updated_on": "2021-10-30T08:48:26.523Z"}}, {"model": "wallet.userwalletwithdrawalrequest", "pk": "c3631139-58a8-4a65-97d0-f437a5ee9805", "fields": {"user": "efa59874-e726-4778-a4e9-c8186f4c1661", "account": null, "currency": "NGN", "amount": "0.00", "is_accepted": false, "description": null, "created_on": "2021-10-30T09:01:51.201Z", "updated_on": "2021-10-30T09:01:51.201Z"}}, {"model": "wallet.userwalletwithdrawalrequest", "pk": "c42cf547-4d06-4027-82e1-9f5d93ce7ad6", "fields": {"user": "efa59874-e726-4778-a4e9-c8186f4c1661", "account": "d34d1101-e9f3-43d4-b638-722a5400a5e7", "currency": "NGN", "amount": "100.00", "is_accepted": false, "description": "Test wallet withdrawal no bank code in account", "created_on": "2021-11-01T12:30:00.743Z", "updated_on": "2021-11-01T12:30:00.743Z"}}, {"model": "wallet.userwalletwithdrawalrequest", "pk": "c4938b09-64c1-49e8-9b7e-0bb5366b6298", "fields": {"user": "efa59874-e726-4778-a4e9-c8186f4c1661", "account": "1d4240bd-6682-44cc-ad6b-1998662bd4eb", "currency": "NGN", "amount": "10.00", "is_accepted": false, "description": "Test wallet withdrawal", "created_on": "2021-10-30T12:03:41.236Z", "updated_on": "2021-10-30T12:03:41.236Z"}}, {"model": "wallet.userwalletwithdrawalrequest", "pk": "c51a9eb1-7f5d-4c26-aca6-868ab00c6d54", "fields": {"user": "efa59874-e726-4778-a4e9-c8186f4c1661", "account": "1d4240bd-6682-44cc-ad6b-1998662bd4eb", "currency": "NGN", "amount": "10.00", "is_accepted": false, "description": "Test wallet withdrawal", "created_on": "2021-10-30T12:18:23.632Z", "updated_on": "2021-10-30T12:18:23.632Z"}}, {"model": "wallet.userwalletwithdrawalrequest", "pk": "cd42c030-44a9-4ab9-a9b8-239198577768", "fields": {"user": "efa59874-e726-4778-a4e9-c8186f4c1661", "account": "1d4240bd-6682-44cc-ad6b-1998662bd4eb", "currency": "NGN", "amount": "10.00", "is_accepted": false, "description": "Test wallet withdrawal", "created_on": "2021-10-30T12:05:48.962Z", "updated_on": "2021-10-30T12:05:48.962Z"}}, {"model": "wallet.userwalletwithdrawalrequest", "pk": "d1175893-1c8b-47c2-92d8-b214962038b6", "fields": {"user": "efa59874-e726-4778-a4e9-c8186f4c1661", "account": "d34d1101-e9f3-43d4-b638-722a5400a5e7", "currency": "NGN", "amount": "100.00", "is_accepted": false, "description": "Test wallet withdrawal no bank code in account", "created_on": "2021-11-01T12:31:49.271Z", "updated_on": "2021-11-01T12:31:49.271Z"}}, {"model": "wallet.userwalletwithdrawalrequest", "pk": "d19c35cb-5d09-4e6d-a878-b6f5d269aa0b", "fields": {"user": "efa59874-e726-4778-a4e9-c8186f4c1661", "account": "d34d1101-e9f3-43d4-b638-722a5400a5e7", "currency": "NGN", "amount": "100.00", "is_accepted": false, "description": "Test wallet withdrawal no bank code in account", "created_on": "2021-11-01T14:13:57.264Z", "updated_on": "2021-11-01T14:13:57.264Z"}}, {"model": "wallet.userwalletwithdrawalrequest", "pk": "d42c3f83-66d5-4498-acd6-db4acf5d7983", "fields": {"user": "efa59874-e726-4778-a4e9-c8186f4c1661", "account": "1d4240bd-6682-44cc-ad6b-1998662bd4eb", "currency": "NGN", "amount": "10.00", "is_accepted": false, "description": "Test wallet withdrawal", "created_on": "2021-10-30T12:53:42.111Z", "updated_on": "2021-10-30T12:53:42.111Z"}}, {"model": "wallet.userwalletwithdrawalrequest", "pk": "d7e10f7f-a42d-4431-9ff9-c63f3f1a58be", "fields": {"user": "efa59874-e726-4778-a4e9-c8186f4c1661", "account": "1d4240bd-6682-44cc-ad6b-1998662bd4eb", "currency": "NGN", "amount": "10.00", "is_accepted": false, "description": "Test wallet withdrawal", "created_on": "2021-11-01T12:01:37.156Z", "updated_on": "2021-11-01T12:01:37.156Z"}}, {"model": "wallet.userwalletwithdrawalrequest", "pk": "db002146-fbf9-4a0d-b6d0-c67467db4147", "fields": {"user": "efa59874-e726-4778-a4e9-c8186f4c1661", "account": "1d4240bd-6682-44cc-ad6b-1998662bd4eb", "currency": "NGN", "amount": "1.00", "is_accepted": false, "description": "wallet withdrawal test", "created_on": "2021-10-30T09:24:24.331Z", "updated_on": "2021-10-30T09:24:24.331Z"}}, {"model": "wallet.userwalletwithdrawalrequest", "pk": "dee01f0c-5a79-4f52-9013-072a6ef26daa", "fields": {"user": "efa59874-e726-4778-a4e9-c8186f4c1661", "account": "1d4240bd-6682-44cc-ad6b-1998662bd4eb", "currency": "NGN", "amount": "100.00", "is_accepted": false, "description": "Test wallet withdrawal", "created_on": "2021-11-01T12:04:39.579Z", "updated_on": "2021-11-01T12:04:39.579Z"}}, {"model": "wallet.userwalletwithdrawalrequest", "pk": "df4e9eba-43db-47b8-a983-634005116bc7", "fields": {"user": "efa59874-e726-4778-a4e9-c8186f4c1661", "account": "d34d1101-e9f3-43d4-b638-722a5400a5e7", "currency": "NGN", "amount": "100.00", "is_accepted": false, "description": "Test wallet withdrawal no bank code in account", "created_on": "2021-11-01T12:32:50.910Z", "updated_on": "2021-11-01T12:32:50.910Z"}}, {"model": "wallet.userwalletwithdrawalrequest", "pk": "dfbbd9a5-d778-42fc-8f5d-ec4f40b45b24", "fields": {"user": "efa59874-e726-4778-a4e9-c8186f4c1661", "account": "1d4240bd-6682-44cc-ad6b-1998662bd4eb", "currency": "NGN", "amount": "10.00", "is_accepted": false, "description": "Test wallet withdrawal", "created_on": "2021-10-30T12:34:36.914Z", "updated_on": "2021-10-30T12:34:36.914Z"}}, {"model": "wallet.userwalletwithdrawalrequest", "pk": "dfed0e01-f6f3-45bc-b030-e04e6e122a70", "fields": {"user": "efa59874-e726-4778-a4e9-c8186f4c1661", "account": "d34d1101-e9f3-43d4-b638-722a5400a5e7", "currency": "NGN", "amount": "100.00", "is_accepted": false, "description": "Test wallet withdrawal no bank code in account", "created_on": "2021-11-01T12:14:20.057Z", "updated_on": "2021-11-01T12:14:20.057Z"}}, {"model": "wallet.userwalletwithdrawalrequest", "pk": "e08e6cc8-408c-441b-b908-ddc562170fbb", "fields": {"user": "efa59874-e726-4778-a4e9-c8186f4c1661", "account": "1d4240bd-6682-44cc-ad6b-1998662bd4eb", "currency": "NGN", "amount": "50.00", "is_accepted": false, "description": "Test wallet withdrawal", "created_on": "2021-11-01T09:49:31.284Z", "updated_on": "2021-11-01T09:49:31.284Z"}}, {"model": "wallet.userwalletwithdrawalrequest", "pk": "e67d1ea9-b100-47cf-9e81-4cdf2add7def", "fields": {"user": "efa59874-e726-4778-a4e9-c8186f4c1661", "account": "1d4240bd-6682-44cc-ad6b-1998662bd4eb", "currency": "NGN", "amount": "100.00", "is_accepted": false, "description": "Test wallet withdrawal", "created_on": "2021-11-01T11:15:17.850Z", "updated_on": "2021-11-01T11:15:17.850Z"}}, {"model": "wallet.userwalletwithdrawalrequest", "pk": "eb8d3796-e1c4-4a2c-a802-c01fbf7e0d94", "fields": {"user": "efa59874-e726-4778-a4e9-c8186f4c1661", "account": "1d4240bd-6682-44cc-ad6b-1998662bd4eb", "currency": "NGN", "amount": "100.00", "is_accepted": false, "description": "Test wallet withdrawal", "created_on": "2021-10-30T09:56:16.089Z", "updated_on": "2021-10-30T09:56:16.089Z"}}, {"model": "wallet.userwalletwithdrawalrequest", "pk": "ed4592c4-5c70-4492-bf72-b655692a0776", "fields": {"user": "efa59874-e726-4778-a4e9-c8186f4c1661", "account": "1d4240bd-6682-44cc-ad6b-1998662bd4eb", "currency": "NGN", "amount": "100.00", "is_accepted": false, "description": "Test wallet withdrawal", "created_on": "2021-10-30T11:43:05.562Z", "updated_on": "2021-10-30T11:43:05.562Z"}}, {"model": "wallet.userwalletwithdrawalrequest", "pk": "ef753f68-fcf5-4cbc-bd58-4c682af34ad8", "fields": {"user": "efa59874-e726-4778-a4e9-c8186f4c1661", "account": "d34d1101-e9f3-43d4-b638-722a5400a5e7", "currency": "NGN", "amount": "100.00", "is_accepted": false, "description": "Test wallet withdrawal no bank code in account", "created_on": "2021-11-01T12:30:30.311Z", "updated_on": "2021-11-01T12:30:30.311Z"}}, {"model": "wallet.userwalletwithdrawalrequest", "pk": "f23fde27-81f2-4b51-a7b0-eb07cdd77f84", "fields": {"user": "efa59874-e726-4778-a4e9-c8186f4c1661", "account": "d34d1101-e9f3-43d4-b638-722a5400a5e7", "currency": "NGN", "amount": "100.00", "is_accepted": false, "description": "Test wallet withdrawal no bank code in account", "created_on": "2021-11-01T13:12:14.528Z", "updated_on": "2021-11-01T13:12:14.528Z"}}, {"model": "wallet.userwalletwithdrawalrequest", "pk": "f24a9401-0d6b-485a-a273-47236622bda8", "fields": {"user": "efa59874-e726-4778-a4e9-c8186f4c1661", "account": "1d4240bd-6682-44cc-ad6b-1998662bd4eb", "currency": "NGN", "amount": "10.00", "is_accepted": false, "description": "Test wallet withdrawal", "created_on": "2021-10-30T12:10:38.667Z", "updated_on": "2021-10-30T12:10:38.667Z"}}, {"model": "wallet.userwalletwithdrawalrequest", "pk": "f27a4c76-99cf-4576-b628-806ba89b19c5", "fields": {"user": "efa59874-e726-4778-a4e9-c8186f4c1661", "account": "d34d1101-e9f3-43d4-b638-722a5400a5e7", "currency": "NGN", "amount": "100.00", "is_accepted": false, "description": "Test wallet withdrawal no bank code in account", "created_on": "2021-11-01T13:12:00.394Z", "updated_on": "2021-11-01T13:12:00.394Z"}}, {"model": "wallet.userwalletwithdrawalrequest", "pk": "f388d61a-0d75-4734-9cfe-deaa34a5ebcf", "fields": {"user": "efa59874-e726-4778-a4e9-c8186f4c1661", "account": "d34d1101-e9f3-43d4-b638-722a5400a5e7", "currency": "NGN", "amount": "100.00", "is_accepted": false, "description": "Test wallet withdrawal no bank code in account", "created_on": "2021-11-01T14:13:48.300Z", "updated_on": "2021-11-01T14:13:48.300Z"}}, {"model": "wallet.userwalletwithdrawalrequest", "pk": "f3b61522-3c22-45d7-8f7a-9660faad38ed", "fields": {"user": "efa59874-e726-4778-a4e9-c8186f4c1661", "account": "d34d1101-e9f3-43d4-b638-722a5400a5e7", "currency": "NGN", "amount": "10.00", "is_accepted": false, "description": "Test wallet withdrawal no bank code in account", "created_on": "2021-11-01T12:39:15.344Z", "updated_on": "2021-11-01T12:39:15.344Z"}}, {"model": "wallet.userwalletwithdrawalrequest", "pk": "f889945f-4933-48c6-84d6-b9eef03b0aec", "fields": {"user": "efa59874-e726-4778-a4e9-c8186f4c1661", "account": "1d4240bd-6682-44cc-ad6b-1998662bd4eb", "currency": "NGN", "amount": "1000.00", "is_accepted": false, "description": "Test wallet withdrawal", "created_on": "2021-10-30T12:38:20.891Z", "updated_on": "2021-10-30T12:38:20.891Z"}}, {"model": "wallet.userwalletwithdrawalrequest", "pk": "ffc3bf0d-a647-4cf8-9763-a22c310fd1f4", "fields": {"user": "efa59874-e726-4778-a4e9-c8186f4c1661", "account": "1d4240bd-6682-44cc-ad6b-1998662bd4eb", "currency": "NGN", "amount": "100.00", "is_accepted": false, "description": "wallet withdrawal test", "created_on": "2021-10-30T09:27:35.631Z", "updated_on": "2021-10-30T09:27:35.632Z"}}, {"model": "wallet.userwalletwithdrawalrequest", "pk": "fffeaac5-bd7d-4e5c-8efb-5aee48c9e739", "fields": {"user": "efa59874-e726-4778-a4e9-c8186f4c1661", "account": "1d4240bd-6682-44cc-ad6b-1998662bd4eb", "currency": "NGN", "amount": "1.00", "is_accepted": false, "description": "wallet withdrawal test", "created_on": "2021-10-30T09:10:06.142Z", "updated_on": "2021-10-30T09:10:06.142Z"}}, {"model": "wallet.userwallet", "pk": "03fa4dfc-0838-442b-859f-c246cc09142f", "fields": {"user": "f6c2efbd-d06b-48f1-8a2d-63f645a540d8", "currency": "NGN", "balance": "0.00", "available": "0.00", "promo_credit": "0.00", "promo_credit_unlock_date": "2021-09-15", "is_active": true, "created_on": "2021-09-15T16:45:08.072Z", "updated_on": "2021-09-15T16:45:08.072Z"}}, {"model": "wallet.userwallet", "pk": "0aeaa602-650e-485e-9907-07f8f5939165", "fields": {"user": "8919976a-254a-4553-80a6-c264666e7034", "currency": "NGN", "balance": "0.00", "available": "0.00", "promo_credit": "0.00", "promo_credit_unlock_date": "2021-09-15", "is_active": true, "created_on": "2021-09-15T18:34:04.335Z", "updated_on": "2021-09-15T18:34:04.335Z"}}, {"model": "wallet.userwallet", "pk": "1991cdba-9ba4-419d-b4a2-20e03e1920f8", "fields": {"user": "aed3f7cf-c920-4b97-8ac4-e307f127d038", "currency": "NGN", "balance": "0.00", "available": "0.00", "promo_credit": "0.00", "promo_credit_unlock_date": "2021-09-14", "is_active": true, "created_on": "2021-09-14T16:20:44.940Z", "updated_on": "2021-09-14T16:20:44.940Z"}}, {"model": "wallet.userwallet", "pk": "1cff84e3-f6e0-4ce7-8521-e6787cecc448", "fields": {"user": "e748044b-9c53-473a-8000-e97038ddcb83", "currency": "NGN", "balance": "0.00", "available": "0.00", "promo_credit": "0.00", "promo_credit_unlock_date": "2021-09-14", "is_active": true, "created_on": "2021-09-14T10:54:37.527Z", "updated_on": "2021-09-14T10:54:37.527Z"}}, {"model": "wallet.userwallet", "pk": "25c583c5-f7ee-4922-b9a0-c69574fb6711", "fields": {"user": "ec1d3096-b998-4c4d-9c4e-b8bc9a178f8c", "currency": "NGN", "balance": "100.00", "available": "100.00", "promo_credit": "0.00", "promo_credit_unlock_date": "2021-09-26", "is_active": true, "created_on": "2021-09-26T20:19:15.556Z", "updated_on": "2021-09-27T10:46:53.527Z"}}, {"model": "wallet.userwallet", "pk": "2ea277e9-0516-4dd9-9762-9019c75d1faa", "fields": {"user": "5585d6b9-d98a-4e71-a83e-ed026dd49e34", "currency": "NGN", "balance": "0.00", "available": "0.00", "promo_credit": "0.00", "promo_credit_unlock_date": "2021-09-14", "is_active": true, "created_on": "2021-09-14T15:40:36.881Z", "updated_on": "2021-09-15T18:12:31.331Z"}}, {"model": "wallet.userwallet", "pk": "369c2757-44fa-445c-838d-b8aecb5f73ba", "fields": {"user": "efa59874-e726-4778-a4e9-c8186f4c1661", "currency": "NGN", "balance": "8430.55", "available": "8430.55", "promo_credit": "0.00", "promo_credit_unlock_date": "2021-09-12", "is_active": true, "created_on": "2021-09-12T12:59:26.009Z", "updated_on": "2021-11-01T14:15:01.310Z"}}, {"model": "wallet.userwallet", "pk": "3ba20e36-4e68-4afa-8270-992c326ec2eb", "fields": {"user": "cbe295b9-830e-45df-8a80-537fddc2f63f", "currency": "NGN", "balance": "0.00", "available": "0.00", "promo_credit": "0.00", "promo_credit_unlock_date": "2021-09-15", "is_active": true, "created_on": "2021-09-15T17:57:28.269Z", "updated_on": "2021-09-15T17:59:17.581Z"}}, {"model": "wallet.userwallet", "pk": "50411a0e-5012-4bb0-8d9f-dc07885506fa", "fields": {"user": "765780cc-b422-445e-8557-1d63b1cbcb50", "currency": "NGN", "balance": "0.00", "available": "0.00", "promo_credit": "0.00", "promo_credit_unlock_date": "2021-09-25", "is_active": true, "created_on": "2021-09-25T16:45:31.077Z", "updated_on": "2021-09-25T16:45:31.077Z"}}, {"model": "wallet.userwallet", "pk": "5bccb9f0-2de7-46b7-8fb6-e0fccb9077b5", "fields": {"user": "865cfa51-0cea-4842-a315-75137c11aeab", "currency": "NGN", "balance": "942.52", "available": "942.52", "promo_credit": "0.00", "promo_credit_unlock_date": "2021-10-22", "is_active": true, "created_on": "2021-10-22T14:55:18.413Z", "updated_on": "2021-10-22T16:51:32.350Z"}}, {"model": "wallet.userwallet", "pk": "6191da6b-03cf-4732-a983-6f539f17d29b", "fields": {"user": "d7e2f682-7e38-4093-aaa1-f5e5f35367c4", "currency": "NGN", "balance": "0.00", "available": "0.00", "promo_credit": "0.00", "promo_credit_unlock_date": "2021-10-28", "is_active": true, "created_on": "2021-10-28T12:42:17.931Z", "updated_on": "2021-10-28T12:42:17.931Z"}}, {"model": "wallet.userwallet", "pk": "80a3b436-e6b3-47ca-9ca0-f3be15bd0d03", "fields": {"user": "205ce7ab-02ea-432d-acef-a596fcef4950", "currency": "NGN", "balance": "589.29", "available": "589.29", "promo_credit": "0.00", "promo_credit_unlock_date": "2021-09-15", "is_active": true, "created_on": "2021-09-15T16:34:01.359Z", "updated_on": "2021-09-17T08:07:59.667Z"}}, {"model": "wallet.userwallet", "pk": "8266784f-552b-463f-a1f7-dbfe34f60256", "fields": {"user": "09a033ba-6c35-4ac8-a3a4-169900e9191a", "currency": "NGN", "balance": "9352.79", "available": "9352.79", "promo_credit": "0.00", "promo_credit_unlock_date": "2021-09-12", "is_active": true, "created_on": "2021-09-12T13:02:24.744Z", "updated_on": "2021-10-12T07:26:00.248Z"}}, {"model": "wallet.userwallet", "pk": "b5660cdd-4173-4e40-8271-6d3555fed903", "fields": {"user": "2de5f7a9-929a-4f6e-9a71-ff91694c167d", "currency": "NGN", "balance": "0.00", "available": "0.00", "promo_credit": "0.00", "promo_credit_unlock_date": "2021-10-28", "is_active": true, "created_on": "2021-10-28T12:25:43.495Z", "updated_on": "2021-10-28T12:25:43.495Z"}}, {"model": "wallet.userwallet", "pk": "bb74ce2a-205f-4244-9cff-6a37e0f65de9", "fields": {"user": "67e6e51a-7014-49f4-b4c3-e703f4bb839e", "currency": "NGN", "balance": "-27331.40", "available": "-27331.40", "promo_credit": "0.00", "promo_credit_unlock_date": "2021-09-13", "is_active": true, "created_on": "2021-09-13T09:36:55.204Z", "updated_on": "2021-09-13T10:01:30.190Z"}}, {"model": "wallet.userwallet", "pk": "c32a3c65-00b3-4f4c-947a-4cdb6218aaab", "fields": {"user": "cb6036ee-8329-47d2-aaf9-8ab20dc795b0", "currency": "NGN", "balance": "4023.00", "available": "4023.00", "promo_credit": "0.00", "promo_credit_unlock_date": "2021-09-12", "is_active": true, "created_on": "2021-09-12T12:30:54.210Z", "updated_on": "2021-09-17T22:05:44.996Z"}}, {"model": "wallet.userwalletentry", "pk": "0128afdb-911d-4915-a5fb-563ce471083c", "fields": {"wallet": "bb74ce2a-205f-4244-9cff-6a37e0f65de9", "entry_type": "DEBIT", "currency": "NGN", "amount": "10857.90", "ref": "ORDER-PYT_7e542fd9-f1bc-48dc-8b9b-423ae5e31f29", "description": "Order #7e542fd9-f1bc-48dc-8b9b-423ae5e31f29 Payment", "entered_on": "2021-09-13T09:48:05.417Z", "updated_on": "2021-09-13T09:48:05.417Z"}}, {"model": "wallet.userwalletentry", "pk": "0cf9a760-dec1-4380-a06a-927c05e56f19", "fields": {"wallet": "8266784f-552b-463f-a1f7-dbfe34f60256", "entry_type": "CREDIT", "currency": "NGN", "amount": "1000.00", "ref": "WALLET-TOP-UP_6eda35e3-3bb2-4e36-ab08-b412912ec712", "description": "Wallet amount received WALLET-TOP-UP_6eda35e3-3bb2-4e36-ab08-b412912ec712", "entered_on": "2021-09-14T10:38:43.921Z", "updated_on": "2021-09-14T10:38:43.921Z"}}, {"model": "wallet.userwalletentry", "pk": "102487ee-a45e-4535-8930-3944f963b28d", "fields": {"wallet": "369c2757-44fa-445c-838d-b8aecb5f73ba", "entry_type": "DEBIT", "currency": "NGN", "amount": "100.00", "ref": "WITHDRAWAL_5bfc56ca-147a-44dd-8ee6-20db2cbff99b", "description": "Test wallet withdrawal", "entered_on": "2021-10-30T13:41:45.308Z", "updated_on": "2021-10-30T13:41:45.308Z"}}, {"model": "wallet.userwalletentry", "pk": "10c845dd-58e5-4400-889c-49438ba4e39e", "fields": {"wallet": "369c2757-44fa-445c-838d-b8aecb5f73ba", "entry_type": "DEBIT", "currency": "NGN", "amount": "10.00", "ref": "WITHDRAWAL_9ad1a0c0-aaa9-4dd2-a23a-8d264deb118f", "description": "Test wallet withdrawal", "entered_on": "2021-10-30T11:56:26.363Z", "updated_on": "2021-10-30T11:56:26.363Z"}}, {"model": "wallet.userwalletentry", "pk": "14dd1a6b-d615-4011-a430-60689cbe17f3", "fields": {"wallet": "369c2757-44fa-445c-838d-b8aecb5f73ba", "entry_type": "CREDIT", "currency": "NGN", "amount": "10.00", "ref": "WITHRAWAL-REVERSAL_2d7f15f5-1a28-4fb6-8215-32c009a8347c", "description": "Withrawal reversal", "entered_on": "2021-11-01T12:39:53.959Z", "updated_on": "2021-11-01T12:39:53.959Z"}}, {"model": "wallet.userwalletentry", "pk": "1518a950-c5f9-4d59-a6a8-2cd016679cbf", "fields": {"wallet": "369c2757-44fa-445c-838d-b8aecb5f73ba", "entry_type": "DEBIT", "currency": "NGN", "amount": "1000.00", "ref": "WITHDRAWAL_73d33c29-9634-4611-b1f2-ca022c7913fa", "description": "Test wallet withdrawal", "entered_on": "2021-10-30T12:43:19.199Z", "updated_on": "2021-10-30T12:43:19.199Z"}}, {"model": "wallet.userwalletentry", "pk": "17f602ee-77d7-467b-84a4-e810871ec0fc", "fields": {"wallet": "369c2757-44fa-445c-838d-b8aecb5f73ba", "entry_type": "DEBIT", "currency": "NGN", "amount": "10.00", "ref": "WITHDRAWAL_48a5699c-febd-4882-82e1-7f697312bec8", "description": "Test wallet withdrawal", "entered_on": "2021-10-30T12:09:20.558Z", "updated_on": "2021-10-30T12:09:20.558Z"}}, {"model": "wallet.userwalletentry", "pk": "200f8ca2-b662-49cd-9de9-2e77cd4fdc66", "fields": {"wallet": "369c2757-44fa-445c-838d-b8aecb5f73ba", "entry_type": "DEBIT", "currency": "NGN", "amount": "10.00", "ref": "WITHDRAWAL_5e78b281-15b5-4768-bb28-2c6368ecffcb", "description": "Test wallet withdrawal", "entered_on": "2021-10-30T12:19:02.555Z", "updated_on": "2021-10-30T12:19:02.555Z"}}, {"model": "wallet.userwalletentry", "pk": "26630bd4-6269-4358-b11f-a09d64075041", "fields": {"wallet": "369c2757-44fa-445c-838d-b8aecb5f73ba", "entry_type": "DEBIT", "currency": "NGN", "amount": "100.00", "ref": "WITHDRAWAL_dfd8d775-bb6f-4e07-aa65-f8a979c76c7f", "description": "Test wallet withdrawal", "entered_on": "2021-11-01T11:36:32.327Z", "updated_on": "2021-11-01T11:36:32.327Z"}}, {"model": "wallet.userwalletentry", "pk": "268a4ae6-3418-40cc-92a1-23fcde815a0b", "fields": {"wallet": "369c2757-44fa-445c-838d-b8aecb5f73ba", "entry_type": "DEBIT", "currency": "NGN", "amount": "100.00", "ref": "WITHDRAWAL_3c72b316-d7c3-4fdb-b631-f99fafa18445", "description": "Test wallet withdrawal", "entered_on": "2021-10-30T11:24:31.504Z", "updated_on": "2021-10-30T11:24:31.504Z"}}, {"model": "wallet.userwalletentry", "pk": "26c4bcb7-093f-4963-91a3-c88d3ed81930", "fields": {"wallet": "369c2757-44fa-445c-838d-b8aecb5f73ba", "entry_type": "DEBIT", "currency": "NGN", "amount": "100.00", "ref": "WITHDRAWAL_fc0be0b5-c814-4e8a-9795-10f8af120c0e", "description": "Test wallet withdrawal no bank code in account", "entered_on": "2021-11-01T12:32:51.435Z", "updated_on": "2021-11-01T12:32:51.435Z"}}, {"model": "wallet.userwalletentry", "pk": "280c94a9-374f-46c2-819d-6c6ffb52ea9c", "fields": {"wallet": "8266784f-552b-463f-a1f7-dbfe34f60256", "entry_type": "CREDIT", "currency": "NGN", "amount": "1000.00", "ref": "WALLET-TOP-UP_577c0098-8059-4ecb-aa9c-c0b2ee0bed33", "description": "Wallet amount received WALLET-TOP-UP_577c0098-8059-4ecb-aa9c-c0b2ee0bed33", "entered_on": "2021-09-15T12:00:18.457Z", "updated_on": "2021-09-15T12:00:18.457Z"}}, {"model": "wallet.userwalletentry", "pk": "29cbe87f-474f-40ea-93cc-bbe9f1983c55", "fields": {"wallet": "369c2757-44fa-445c-838d-b8aecb5f73ba", "entry_type": "DEBIT", "currency": "NGN", "amount": "10.00", "ref": "WITHDRAWAL_bcb91489-e858-42a7-b8d3-be9f11d788e9", "description": "Test wallet withdrawal", "entered_on": "2021-10-30T12:03:41.760Z", "updated_on": "2021-10-30T12:03:41.761Z"}}, {"model": "wallet.userwalletentry", "pk": "2aeda9ff-4612-4aa5-8c52-bc7f0320c823", "fields": {"wallet": "369c2757-44fa-445c-838d-b8aecb5f73ba", "entry_type": "DEBIT", "currency": "NGN", "amount": "50.00", "ref": "WITHDRAWAL_9524d35f-0942-476b-97cb-fd8c8b587583", "description": "Test wallet withdrawal", "entered_on": "2021-11-01T09:49:31.898Z", "updated_on": "2021-11-01T09:49:31.898Z"}}, {"model": "wallet.userwalletentry", "pk": "2bcc9dc6-8c3d-4f10-b717-a2dab5846476", "fields": {"wallet": "369c2757-44fa-445c-838d-b8aecb5f73ba", "entry_type": "DEBIT", "currency": "NGN", "amount": "100.00", "ref": "WITHDRAWAL_49a27208-46ce-43f6-9b78-6c19fbb9e276", "description": "Test wallet withdrawal no bank code in account", "entered_on": "2021-11-01T12:34:46.805Z", "updated_on": "2021-11-01T12:34:46.805Z"}}, {"model": "wallet.userwalletentry", "pk": "2bd83eab-a52b-4510-8bc7-66cea0cb4d5b", "fields": {"wallet": "369c2757-44fa-445c-838d-b8aecb5f73ba", "entry_type": "DEBIT", "currency": "NGN", "amount": "10.00", "ref": "WITHDRAWAL_4ca3e1ad-73a7-4c06-8742-1581775d76a1", "description": "Test wallet withdrawal", "entered_on": "2021-10-30T12:17:20.188Z", "updated_on": "2021-10-30T12:17:20.188Z"}}, {"model": "wallet.userwalletentry", "pk": "2d717596-dd58-4e57-bbb2-dbc0d197526a", "fields": {"wallet": "3ba20e36-4e68-4afa-8270-992c326ec2eb", "entry_type": "DEBIT", "currency": "NGN", "amount": "44234.40", "ref": "ORDER-PYT_33cc2bdf-9f06-4eb3-afc9-d2f7803ac8f5", "description": "Order #33cc2bdf-9f06-4eb3-afc9-d2f7803ac8f5 Payment", "entered_on": "2021-09-15T17:59:17.576Z", "updated_on": "2021-09-15T17:59:17.576Z"}}, {"model": "wallet.userwalletentry", "pk": "32e8e163-2d67-464a-8682-cf67f207ba6d", "fields": {"wallet": "8266784f-552b-463f-a1f7-dbfe34f60256", "entry_type": "DEBIT", "currency": "NGN", "amount": "6368.55", "ref": "ORDER-PYT_5684fec7-03c4-4839-b5f4-1c2ff178eb08", "description": "Order #5684fec7-03c4-4839-b5f4-1c2ff178eb08 Payment", "entered_on": "2021-09-17T17:33:16.782Z", "updated_on": "2021-09-17T17:33:16.782Z"}}, {"model": "wallet.userwalletentry", "pk": "33dfa807-723e-4bb6-8177-cfaa80a9dbe3", "fields": {"wallet": "8266784f-552b-463f-a1f7-dbfe34f60256", "entry_type": "DEBIT", "currency": "NGN", "amount": "1000.00", "ref": "WALLET-SEND_a393fc29-1efb-4d1c-83db-78b6cfaacda7", "description": "Test", "entered_on": "2021-09-14T10:39:32.939Z", "updated_on": "2021-09-14T10:39:32.939Z"}}, {"model": "wallet.userwalletentry", "pk": "378eb6a4-b98a-4353-be88-c2e68104884c", "fields": {"wallet": "369c2757-44fa-445c-838d-b8aecb5f73ba", "entry_type": "DEBIT", "currency": "NGN", "amount": "100.00", "ref": "WITHDRAWAL_36e98216-007d-4fa8-ad48-ffd95f113562", "description": "Test wallet withdrawal no bank code in account", "entered_on": "2021-11-01T14:13:57.267Z", "updated_on": "2021-11-01T14:13:57.267Z"}}, {"model": "wallet.userwalletentry", "pk": "3b375a48-e7d0-4f4a-9f24-4062422772d0", "fields": {"wallet": "369c2757-44fa-445c-838d-b8aecb5f73ba", "entry_type": "DEBIT", "currency": "NGN", "amount": "100.00", "ref": "WITHDRAWAL_5f258ae9-2a50-4c2f-8415-f025a75917a1", "description": "Test wallet withdrawal", "entered_on": "2021-10-30T11:15:56.669Z", "updated_on": "2021-10-30T11:15:56.669Z"}}, {"model": "wallet.userwalletentry", "pk": "3cfa0826-b96d-47b9-9f01-b6216df1e46f", "fields": {"wallet": "369c2757-44fa-445c-838d-b8aecb5f73ba", "entry_type": "DEBIT", "currency": "NGN", "amount": "100.00", "ref": "WITHDRAWAL_1aa7bbe3-eff7-481e-a663-15529524ebda", "description": "Test wallet withdrawal", "entered_on": "2021-11-01T11:22:34.188Z", "updated_on": "2021-11-01T11:22:34.188Z"}}, {"model": "wallet.userwalletentry", "pk": "3fd1e6ab-b837-42a1-a558-fedf08bc8312", "fields": {"wallet": "369c2757-44fa-445c-838d-b8aecb5f73ba", "entry_type": "DEBIT", "currency": "NGN", "amount": "1.00", "ref": "WALLET_WIHDRAWAL_<function uuid4 at 0x7fc768ece0d0>", "description": "wallet withdrawal test", "entered_on": "2021-10-30T09:24:25.351Z", "updated_on": "2021-10-30T09:24:25.351Z"}}, {"model": "wallet.userwalletentry", "pk": "428683bf-29f3-4497-9857-2f41ec441044", "fields": {"wallet": "369c2757-44fa-445c-838d-b8aecb5f73ba", "entry_type": "DEBIT", "currency": "NGN", "amount": "1000.00", "ref": "WALLET_WIHDRAWAL_<function uuid4 at 0x7fd71ef290d0>", "description": "wallet withdrawal test", "entered_on": "2021-10-30T09:07:49.306Z", "updated_on": "2021-10-30T09:07:49.306Z"}}, {"model": "wallet.userwalletentry", "pk": "44966969-8b38-4510-9675-62e03c380b45", "fields": {"wallet": "369c2757-44fa-445c-838d-b8aecb5f73ba", "entry_type": "DEBIT", "currency": "NGN", "amount": "9595.00", "ref": "ORDER-PYT_627d59b8-9872-41f6-88f8-e86e2014adf7", "description": "Order Payment ref: 627d59b8-9872-41f6-88f8-e86e2014adf7", "entered_on": "2021-10-29T21:17:22.440Z", "updated_on": "2021-10-29T21:17:22.440Z"}}, {"model": "wallet.userwalletentry", "pk": "48215409-dbbb-4918-a739-990d176b6347", "fields": {"wallet": "369c2757-44fa-445c-838d-b8aecb5f73ba", "entry_type": "DEBIT", "currency": "NGN", "amount": "100.00", "ref": "WITHDRAWAL_1817810c-34f9-4723-9330-7df4791d719c", "description": "Test wallet withdrawal", "entered_on": "2021-11-01T11:15:18.778Z", "updated_on": "2021-11-01T11:15:18.778Z"}}, {"model": "wallet.userwalletentry", "pk": "4831f427-9160-4ef4-b566-4729a8d7a9d8", "fields": {"wallet": "369c2757-44fa-445c-838d-b8aecb5f73ba", "entry_type": "DEBIT", "currency": "NGN", "amount": "10.00", "ref": "WITHDRAWAL_79e771fa-b289-46e6-944e-5143b1d62723", "description": "Test wallet withdrawal", "entered_on": "2021-10-30T12:16:57.390Z", "updated_on": "2021-10-30T12:16:57.390Z"}}, {"model": "wallet.userwalletentry", "pk": "4c57b5c9-65a2-47bd-bf36-9c92df34d0e7", "fields": {"wallet": "369c2757-44fa-445c-838d-b8aecb5f73ba", "entry_type": "DEBIT", "currency": "NGN", "amount": "100.00", "ref": "WITHDRAWAL_9b0a09a2-589c-4a5e-a227-cab04a625084", "description": "Test wallet withdrawal no bank code in account", "entered_on": "2021-11-01T12:30:57.755Z", "updated_on": "2021-11-01T12:30:57.755Z"}}, {"model": "wallet.userwalletentry", "pk": "4cd3ca0f-0849-43f5-b8c4-885ac7b12155", "fields": {"wallet": "c32a3c65-00b3-4f4c-947a-4cdb6218aaab", "entry_type": "CREDIT", "currency": "NGN", "amount": "5000.00", "ref": "WALLET-TOP-UP_65dd79ee-bf7c-4c27-83e6-38b8a204d4d1", "description": "Wallet amount received WALLET-TOP-UP_65dd79ee-bf7c-4c27-83e6-38b8a204d4d1", "entered_on": "2021-09-17T17:09:51.846Z", "updated_on": "2021-09-17T17:09:51.846Z"}}, {"model": "wallet.userwalletentry", "pk": "4ea7cab0-59a4-4778-afd7-3c330def9ef0", "fields": {"wallet": "369c2757-44fa-445c-838d-b8aecb5f73ba", "entry_type": "DEBIT", "currency": "NGN", "amount": "1000.00", "ref": "WITHDRAWAL_435069be-6a59-41be-9d0d-f42368099fcc", "description": "Test wallet withdrawal", "entered_on": "2021-10-30T12:36:20.337Z", "updated_on": "2021-10-30T12:36:20.338Z"}}, {"model": "wallet.userwalletentry", "pk": "4fae6d38-dc74-404a-ba2f-b2cdc3f21ab7", "fields": {"wallet": "369c2757-44fa-445c-838d-b8aecb5f73ba", "entry_type": "DEBIT", "currency": "NGN", "amount": "10.00", "ref": "WITHDRAWAL_4acc6e1e-413d-44de-9da2-286b5cb2ef69", "description": "Test wallet withdrawal", "entered_on": "2021-10-30T12:13:08.261Z", "updated_on": "2021-10-30T12:13:08.261Z"}}, {"model": "wallet.userwalletentry", "pk": "52f73ba8-9bc1-4992-99f1-5b6f19d8b83d", "fields": {"wallet": "8266784f-552b-463f-a1f7-dbfe34f60256", "entry_type": "DEBIT", "currency": "NGN", "amount": "1000.00", "ref": "WALLET-SEND_abb25e5d-6be5-40cc-9c3a-cd63c9b1b0d2", "description": "Test", "entered_on": "2021-09-12T14:02:26.876Z", "updated_on": "2021-09-12T14:02:26.876Z"}}, {"model": "wallet.userwalletentry", "pk": "54313e49-4396-46ea-ab48-194d4e3a3d9c", "fields": {"wallet": "369c2757-44fa-445c-838d-b8aecb5f73ba", "entry_type": "DEBIT", "currency": "NGN", "amount": "100.00", "ref": "WITHDRAWAL_6a9ea641-b84f-4bb7-a894-8083898c5148", "description": "Test wallet withdrawal no bank code in account", "entered_on": "2021-11-01T12:30:30.963Z", "updated_on": "2021-11-01T12:30:30.963Z"}}, {"model": "wallet.userwalletentry", "pk": "56b19038-0f3b-4fd1-85eb-83642a0f1d0a", "fields": {"wallet": "369c2757-44fa-445c-838d-b8aecb5f73ba", "entry_type": "DEBIT", "currency": "NGN", "amount": "10.00", "ref": "WITHDRAWAL_29bd4f87-fedf-405e-9b43-79530d8dbcb4", "description": "Test wallet withdrawal", "entered_on": "2021-10-30T12:34:37.936Z", "updated_on": "2021-10-30T12:34:37.936Z"}}, {"model": "wallet.userwalletentry", "pk": "5d5bd9e6-2488-480d-8b21-09940b66a896", "fields": {"wallet": "369c2757-44fa-445c-838d-b8aecb5f73ba", "entry_type": "DEBIT", "currency": "NGN", "amount": "100.00", "ref": "WITHDRAWAL_267beef7-d40f-409a-9334-c104f1723aeb", "description": "Test wallet withdrawal", "entered_on": "2021-10-30T11:21:30.257Z", "updated_on": "2021-10-30T11:21:30.257Z"}}, {"model": "wallet.userwalletentry", "pk": "5def5c28-3130-47a1-9b7e-b81249f3e70f", "fields": {"wallet": "369c2757-44fa-445c-838d-b8aecb5f73ba", "entry_type": "DEBIT", "currency": "NGN", "amount": "10.00", "ref": "WITHDRAWAL_f9052e71-0e7a-493e-9ac7-9b2d20e9dc17", "description": "Test wallet withdrawal no bank code in account", "entered_on": "2021-11-01T12:39:16.041Z", "updated_on": "2021-11-01T12:39:16.041Z"}}, {"model": "wallet.userwalletentry", "pk": "5e50c1c8-ae37-44d4-be71-7b821f9dfbce", "fields": {"wallet": "8266784f-552b-463f-a1f7-dbfe34f60256", "entry_type": "CREDIT", "currency": "NGN", "amount": "8929.00", "ref": "ORDER-PYT_115b1f28-f437-4225-a739-b4be4201faf3_55ecc19f-1abd-41a3-ac4c-9a6bb043bbba", "description": "Wallet amount received ORDER-PYT_115b1f28-f437-4225-a739-b4be4201faf3_55ecc19f-1abd-41a3-ac4c-9a6bb043bbba", "entered_on": "2021-09-15T11:31:43.286Z", "updated_on": "2021-09-15T11:31:43.286Z"}}, {"model": "wallet.userwalletentry", "pk": "5fec0b86-4b2b-41c9-a529-ce7f67b57435", "fields": {"wallet": "bb74ce2a-205f-4244-9cff-6a37e0f65de9", "entry_type": "DEBIT", "currency": "NGN", "amount": "16473.50", "ref": "ORDER-PYT_0a2cc7bd-2bb6-4437-88c0-3ce9f4b4217d", "description": "Order #0a2cc7bd-2bb6-4437-88c0-3ce9f4b4217d Payment", "entered_on": "2021-09-13T10:01:29.474Z", "updated_on": "2021-09-13T10:01:29.474Z"}}, {"model": "wallet.userwalletentry", "pk": "632af447-18ff-4287-a57c-44304c7146ea", "fields": {"wallet": "8266784f-552b-463f-a1f7-dbfe34f60256", "entry_type": "DEBIT", "currency": "NGN", "amount": "4000.00", "ref": "ORDER-PYT_b76b9591-bc13-409a-8ea0-25b761644faa", "description": "Order #b76b9591-bc13-409a-8ea0-25b761644faa Payment", "entered_on": "2021-09-14T14:44:28.796Z", "updated_on": "2021-09-14T14:44:28.796Z"}}, {"model": "wallet.userwalletentry", "pk": "63b61195-44bf-4f27-b96e-61b6f23e8567", "fields": {"wallet": "5bccb9f0-2de7-46b7-8fb6-e0fccb9077b5", "entry_type": "DEBIT", "currency": "NGN", "amount": "7057.48", "ref": "ORDER-PYT_75a40927-3462-42eb-be6e-c06e7b7c4810", "description": "Order Payment ref: 75a40927-3462-42eb-be6e-c06e7b7c4810", "entered_on": "2021-10-22T16:51:28.282Z", "updated_on": "2021-10-22T16:51:28.282Z"}}, {"model": "wallet.userwalletentry", "pk": "63f63d73-ea4c-40e7-9454-4a3e96915865", "fields": {"wallet": "369c2757-44fa-445c-838d-b8aecb5f73ba", "entry_type": "DEBIT", "currency": "NGN", "amount": "100.00", "ref": "WITHDRAWAL_a83ba876-6cfa-48ad-a189-981dbe56fec5", "description": "Test wallet withdrawal", "entered_on": "2021-10-30T11:43:06.197Z", "updated_on": "2021-10-30T11:43:06.197Z"}}, {"model": "wallet.userwalletentry", "pk": "654f6714-33e9-482e-8296-da0ed4dc3610", "fields": {"wallet": "369c2757-44fa-445c-838d-b8aecb5f73ba", "entry_type": "DEBIT", "currency": "NGN", "amount": "100.00", "ref": "WITHDRAWAL_dce36352-db02-4c32-be8d-37c4aa61ebce", "description": "Test wallet withdrawal staging", "entered_on": "2021-11-01T14:15:01.206Z", "updated_on": "2021-11-01T14:15:01.206Z"}}, {"model": "wallet.userwalletentry", "pk": "69d49fcf-bad3-45ac-b26f-dc550c290fd3", "fields": {"wallet": "8266784f-552b-463f-a1f7-dbfe34f60256", "entry_type": "DEBIT", "currency": "NGN", "amount": "2000.00", "ref": "WALLET-SEND_63b363fc-bd93-41bf-bd50-11d13a588c54", "description": "Test", "entered_on": "2021-09-14T14:45:44.419Z", "updated_on": "2021-09-14T14:45:44.419Z"}}, {"model": "wallet.userwalletentry", "pk": "6afe26fd-7824-431e-852b-cee8b48e9148", "fields": {"wallet": "369c2757-44fa-445c-838d-b8aecb5f73ba", "entry_type": "DEBIT", "currency": "NGN", "amount": "100.00", "ref": "WITHDRAWAL_eff2c7da-a389-490e-a379-9b6ea9a9fa47", "description": "Test wallet withdrawal no bank code in account", "entered_on": "2021-11-01T12:21:27.881Z", "updated_on": "2021-11-01T12:21:27.881Z"}}, {"model": "wallet.userwalletentry", "pk": "6b9c3b1b-57d3-4314-908a-f8604ff1c1d2", "fields": {"wallet": "8266784f-552b-463f-a1f7-dbfe34f60256", "entry_type": "CREDIT", "currency": "NGN", "amount": "1000.00", "ref": "WALLET-TOP-UP_b66dee3b-7af9-4351-b016-f54f50a9f597", "description": "Wallet amount received WALLET-TOP-UP_b66dee3b-7af9-4351-b016-f54f50a9f597", "entered_on": "2021-09-14T15:12:42.736Z", "updated_on": "2021-09-14T15:12:42.736Z"}}, {"model": "wallet.userwalletentry", "pk": "6ba5e8f4-5e6b-4f46-82ed-90061156e474", "fields": {"wallet": "369c2757-44fa-445c-838d-b8aecb5f73ba", "entry_type": "CREDIT", "currency": "NGN", "amount": "2000.00", "ref": "WALLET-RCV_63b363fc-bd93-41bf-bd50-11d13a588c54", "description": "Test", "entered_on": "2021-09-14T14:45:44.424Z", "updated_on": "2021-09-14T14:45:44.424Z"}}, {"model": "wallet.userwalletentry", "pk": "6be92271-773f-461d-b534-32e7873ae880", "fields": {"wallet": "369c2757-44fa-445c-838d-b8aecb5f73ba", "entry_type": "DEBIT", "currency": "NGN", "amount": "100.00", "ref": "WITHDRAWAL_0db97495-91eb-4ad0-b37c-95c122ea49b5", "description": "Test wallet withdrawal no bank code in account", "entered_on": "2021-11-01T12:37:02.102Z", "updated_on": "2021-11-01T12:37:02.102Z"}}, {"model": "wallet.userwalletentry", "pk": "6dcf076f-1c3f-4a2c-8ddb-b39f5b219aac", "fields": {"wallet": "8266784f-552b-463f-a1f7-dbfe34f60256", "entry_type": "CREDIT", "currency": "NGN", "amount": "1000.00", "ref": "MANUAL-CREDIT_dashboard Test", "description": "Dashbord Test", "entered_on": "2021-09-16T17:55:29.879Z", "updated_on": "2021-09-16T17:55:29.879Z"}}, {"model": "wallet.userwalletentry", "pk": "6e395318-1cbc-45b2-a580-59b557d6ea0b", "fields": {"wallet": "369c2757-44fa-445c-838d-b8aecb5f73ba", "entry_type": "DEBIT", "currency": "NGN", "amount": "100.00", "ref": "WITHDRAWAL_e7ef4aa6-c164-4b14-9e4b-c504c81ecc35", "description": "Test wallet withdrawal", "entered_on": "2021-10-30T11:23:12.484Z", "updated_on": "2021-10-30T11:23:12.484Z"}}, {"model": "wallet.userwalletentry", "pk": "6efae350-8986-469f-abd9-9a18c2d1a422", "fields": {"wallet": "369c2757-44fa-445c-838d-b8aecb5f73ba", "entry_type": "DEBIT", "currency": "NGN", "amount": "10.00", "ref": "WITHDRAWAL_fc85a8c2-7699-42f9-b71a-e4b6780285b6", "description": "Test wallet withdrawal", "entered_on": "2021-10-30T12:53:42.808Z", "updated_on": "2021-10-30T12:53:42.808Z"}}, {"model": "wallet.userwalletentry", "pk": "6fa34723-10b9-4f50-b172-c3076dd0d7f3", "fields": {"wallet": "369c2757-44fa-445c-838d-b8aecb5f73ba", "entry_type": "DEBIT", "currency": "NGN", "amount": "10.00", "ref": "WITHDRAWAL_97768824-d755-4b7c-8459-5d8f7cc98d72", "description": "Test wallet withdrawal", "entered_on": "2021-10-30T11:52:05.938Z", "updated_on": "2021-10-30T11:52:05.938Z"}}, {"model": "wallet.userwalletentry", "pk": "7093787c-6d88-497c-beed-02f2cb7afd9c", "fields": {"wallet": "369c2757-44fa-445c-838d-b8aecb5f73ba", "entry_type": "DEBIT", "currency": "NGN", "amount": "1.00", "ref": "WALLET_WIHDRAWAL_<function uuid4 at 0x7f6e1ad8c0d0>", "description": "wallet withdrawal test", "entered_on": "2021-10-30T09:13:53.543Z", "updated_on": "2021-10-30T09:13:53.543Z"}}, {"model": "wallet.userwalletentry", "pk": "71b73627-bb91-42b9-90fe-2f5d5d3a620c", "fields": {"wallet": "369c2757-44fa-445c-838d-b8aecb5f73ba", "entry_type": "DEBIT", "currency": "NGN", "amount": "100.00", "ref": "WITHDRAWAL_febfc69c-a268-40e7-a82a-fbd2ba857977", "description": "Test wallet withdrawal", "entered_on": "2021-10-30T12:55:33.409Z", "updated_on": "2021-10-30T12:55:33.409Z"}}, {"model": "wallet.userwalletentry", "pk": "720a05d4-a0bc-448b-9084-b9474a7ce2b9", "fields": {"wallet": "369c2757-44fa-445c-838d-b8aecb5f73ba", "entry_type": "CREDIT", "currency": "NGN", "amount": "10.00", "ref": "WITHDRAWAL-REVERSAL_0bc8ee1e-dcc5-4f44-b980-ac12ac882525", "description": "Withrawal reversal", "entered_on": "2021-11-01T12:01:50.131Z", "updated_on": "2021-11-01T12:01:50.131Z"}}, {"model": "wallet.userwalletentry", "pk": "7228130c-448d-445c-853a-5cbb60d75229", "fields": {"wallet": "369c2757-44fa-445c-838d-b8aecb5f73ba", "entry_type": "DEBIT", "currency": "NGN", "amount": "10.00", "ref": "WITHDRAWAL_94cf0b63-1993-417e-94e1-16eedfcbe4e8", "description": "Test wallet withdrawal", "entered_on": "2021-10-30T12:00:32.487Z", "updated_on": "2021-10-30T12:00:32.487Z"}}, {"model": "wallet.userwalletentry", "pk": "7961cc23-df78-4434-8f65-0c907205a40c", "fields": {"wallet": "369c2757-44fa-445c-838d-b8aecb5f73ba", "entry_type": "DEBIT", "currency": "NGN", "amount": "100.00", "ref": "WITHDRAWAL_766bb997-36bc-49b1-bdb3-7d09d80bfd3d", "description": "Test wallet withdrawal", "entered_on": "2021-10-30T13:07:18.061Z", "updated_on": "2021-10-30T13:07:18.061Z"}}, {"model": "wallet.userwalletentry", "pk": "7a0bdd05-66a3-436c-8d40-3656782f5757", "fields": {"wallet": "369c2757-44fa-445c-838d-b8aecb5f73ba", "entry_type": "DEBIT", "currency": "NGN", "amount": "10.00", "ref": "WITHDRAWAL_d811781f-1353-407c-a05d-74a704fd04ba", "description": "Test wallet withdrawal", "entered_on": "2021-11-01T12:00:51.930Z", "updated_on": "2021-11-01T12:00:51.930Z"}}, {"model": "wallet.userwalletentry", "pk": "7cd632a4-38ef-43b6-93d7-b759a71d6f79", "fields": {"wallet": "369c2757-44fa-445c-838d-b8aecb5f73ba", "entry_type": "DEBIT", "currency": "NGN", "amount": "100.00", "ref": "WITHDRAWAL_606efabf-ad0c-4823-8a54-ed3fe591db2a", "description": "Test wallet withdrawal no bank code in account", "entered_on": "2021-11-01T12:14:20.676Z", "updated_on": "2021-11-01T12:14:20.676Z"}}, {"model": "wallet.userwalletentry", "pk": "7cf45055-3e3d-48ea-8b1b-b38acf87ef80", "fields": {"wallet": "2ea277e9-0516-4dd9-9762-9019c75d1faa", "entry_type": "CREDIT", "currency": "NGN", "amount": "43295.00", "ref": "ORDER-PYT_037a6db1-747f-4cb1-a37c-a7e6f879c028_8a04420d-52e2-47ac-be70-393d09787b49", "description": "Wallet amount received ORDER-PYT_037a6db1-747f-4cb1-a37c-a7e6f879c028_8a04420d-52e2-47ac-be70-393d09787b49", "entered_on": "2021-09-15T18:12:31.315Z", "updated_on": "2021-09-15T18:12:31.315Z"}}, {"model": "wallet.userwalletentry", "pk": "7ebbaa5e-8016-4ead-9da3-56625ea83638", "fields": {"wallet": "8266784f-552b-463f-a1f7-dbfe34f60256", "entry_type": "CREDIT", "currency": "NGN", "amount": "8839.71", "ref": "TRIP-EARNING-73e5ee1f-423a-4de9-be0a-59d1d8347672", "description": "payment for trip #73e5ee1f-423a-4de9-be0a-59d1d8347672", "entered_on": "2021-09-16T18:19:22.637Z", "updated_on": "2021-09-16T18:19:22.637Z"}}, {"model": "wallet.userwalletentry", "pk": "7f05151d-175d-4164-b139-20b29b847d5c", "fields": {"wallet": "369c2757-44fa-445c-838d-b8aecb5f73ba", "entry_type": "DEBIT", "currency": "NGN", "amount": "100.00", "ref": "WITHDRAWAL_3fde674d-5ace-4da4-bf2c-60860e55d317", "description": "Test wallet withdrawal", "entered_on": "2021-10-30T11:49:22.812Z", "updated_on": "2021-10-30T11:49:22.812Z"}}, {"model": "wallet.userwalletentry", "pk": "7f3c3715-a10a-46af-a697-2bffab3e6484", "fields": {"wallet": "8266784f-552b-463f-a1f7-dbfe34f60256", "entry_type": "CREDIT", "currency": "NGN", "amount": "10857.90", "ref": "BRIG-PYT_123459", "description": "test brig", "entered_on": "2021-09-13T09:14:22.996Z", "updated_on": "2021-09-13T09:14:22.996Z"}}, {"model": "wallet.userwalletentry", "pk": "85a05881-df0f-458b-a759-4b7a92d1c964", "fields": {"wallet": "369c2757-44fa-445c-838d-b8aecb5f73ba", "entry_type": "DEBIT", "currency": "NGN", "amount": "4000.00", "ref": "ORDER-PYT_92b55d16-cb74-4a04-8191-8f21793f72fc", "description": "Order #92b55d16-cb74-4a04-8191-8f21793f72fc Payment", "entered_on": "2021-09-13T08:38:11.803Z", "updated_on": "2021-09-13T08:38:11.803Z"}}, {"model": "wallet.userwalletentry", "pk": "86bd9055-5b13-4449-a34e-42db0a3ebbd9", "fields": {"wallet": "369c2757-44fa-445c-838d-b8aecb5f73ba", "entry_type": "DEBIT", "currency": "NGN", "amount": "100.00", "ref": "WITHDRAWAL_023d27ef-4dad-43e3-b89e-ca3bbf61dd2d", "description": "Test wallet withdrawal", "entered_on": "2021-11-01T12:05:44.466Z", "updated_on": "2021-11-01T12:05:44.466Z"}}, {"model": "wallet.userwalletentry", "pk": "881ed7ef-04cb-41c0-ac8b-09bf07f7ee08", "fields": {"wallet": "369c2757-44fa-445c-838d-b8aecb5f73ba", "entry_type": "DEBIT", "currency": "NGN", "amount": "100.00", "ref": "WITHDRAWAL_839157c5-7951-4027-bebc-e3ba91ca781f", "description": "Test wallet withdrawal", "entered_on": "2021-10-30T11:21:45.760Z", "updated_on": "2021-10-30T11:21:45.760Z"}}, {"model": "wallet.userwalletentry", "pk": "89059598-7c48-48ab-9e58-ba3b28c0bed6", "fields": {"wallet": "369c2757-44fa-445c-838d-b8aecb5f73ba", "entry_type": "CREDIT", "currency": "NGN", "amount": "10025.00", "ref": "MANUAL-CREDIT_76ff2567-3a2d-41e1-bad4-606efaf31fc8", "description": "test manual credit for wallet withdrawal", "entered_on": "2021-11-01T11:08:09.116Z", "updated_on": "2021-11-01T11:08:09.116Z"}}, {"model": "wallet.userwalletentry", "pk": "89592786-653b-4029-be2f-a8c5c1e5d6d4", "fields": {"wallet": "369c2757-44fa-445c-838d-b8aecb5f73ba", "entry_type": "DEBIT", "currency": "NGN", "amount": "1000.00", "ref": "WITHDRAWAL_ff6d63c5-9066-45bf-9e63-3701b605ba96", "description": "Test wallet withdrawal", "entered_on": "2021-10-30T12:45:11.880Z", "updated_on": "2021-10-30T12:45:11.880Z"}}, {"model": "wallet.userwalletentry", "pk": "8b94f96d-5702-4957-b3d9-936001990cb7", "fields": {"wallet": "2ea277e9-0516-4dd9-9762-9019c75d1faa", "entry_type": "DEBIT", "currency": "NGN", "amount": "43295.00", "ref": "ORDER-PYT_037a6db1-747f-4cb1-a37c-a7e6f879c028", "description": "Order #037a6db1-747f-4cb1-a37c-a7e6f879c028 Payment", "entered_on": "2021-09-15T18:12:31.330Z", "updated_on": "2021-09-15T18:12:31.330Z"}}, {"model": "wallet.userwalletentry", "pk": "8cd758b5-f37f-4357-a03a-89eafc1e753b", "fields": {"wallet": "369c2757-44fa-445c-838d-b8aecb5f73ba", "entry_type": "DEBIT", "currency": "NGN", "amount": "100.00", "ref": "WITHDRAWAL_eebed854-b95a-4277-b272-06f56e98a6d3", "description": "Test wallet withdrawal", "entered_on": "2021-10-30T11:15:24.077Z", "updated_on": "2021-10-30T11:15:24.077Z"}}, {"model": "wallet.userwalletentry", "pk": "8f0c47d6-a133-4191-9339-76ea3bce5cac", "fields": {"wallet": "369c2757-44fa-445c-838d-b8aecb5f73ba", "entry_type": "DEBIT", "currency": "NGN", "amount": "10.00", "ref": "WITHDRAWAL_31d47d80-7b13-4091-aa90-57d2be592e27", "description": "Test wallet withdrawal", "entered_on": "2021-10-30T11:55:18.467Z", "updated_on": "2021-10-30T11:55:18.467Z"}}, {"model": "wallet.userwalletentry", "pk": "8fa132bb-c86e-4e21-929c-21a675e514ea", "fields": {"wallet": "8266784f-552b-463f-a1f7-dbfe34f60256", "entry_type": "DEBIT", "currency": "NGN", "amount": "5976.27", "ref": "ORDER-PYT_d56438ef-b219-47ff-a05f-57d05ab06156", "description": "Order Payment ref: d56438ef-b219-47ff-a05f-57d05ab06156", "entered_on": "2021-10-12T07:26:00.146Z", "updated_on": "2021-10-12T07:26:00.146Z"}}, {"model": "wallet.userwalletentry", "pk": "91433839-475a-4883-b31e-a20e8d225c71", "fields": {"wallet": "369c2757-44fa-445c-838d-b8aecb5f73ba", "entry_type": "DEBIT", "currency": "NGN", "amount": "10.00", "ref": "WITHDRAWAL_3c36bd8a-84cb-4d98-ac7d-e728be2bd99a", "description": "Test wallet withdrawal", "entered_on": "2021-10-30T12:18:24.348Z", "updated_on": "2021-10-30T12:18:24.348Z"}}, {"model": "wallet.userwalletentry", "pk": "92b257ad-b56f-4d9a-8ffe-9138003290ee", "fields": {"wallet": "369c2757-44fa-445c-838d-b8aecb5f73ba", "entry_type": "DEBIT", "currency": "NGN", "amount": "100.00", "ref": "WITHDRAWAL_494f64ff-2035-44a3-a5f0-3acb361b352c", "description": "Test wallet withdrawal", "entered_on": "2021-10-30T11:13:25.090Z", "updated_on": "2021-10-30T11:13:25.090Z"}}, {"model": "wallet.userwalletentry", "pk": "96892a19-9777-4dac-897f-f1a81780beac", "fields": {"wallet": "25c583c5-f7ee-4922-b9a0-c69574fb6711", "entry_type": "CREDIT", "currency": "NGN", "amount": "100.00", "ref": "MANUAL-CREDIT_test", "description": "test", "entered_on": "2021-09-27T10:46:53.526Z", "updated_on": "2021-09-27T10:46:53.526Z"}}, {"model": "wallet.userwalletentry", "pk": "98dee710-d393-418f-8c56-5a1ec8cb9009", "fields": {"wallet": "369c2757-44fa-445c-838d-b8aecb5f73ba", "entry_type": "CREDIT", "currency": "NGN", "amount": "100.00", "ref": "WITHRAWAL-REVERSAL_d4102568-8881-4314-b5db-1b04cea9486f", "description": "Withrawal reversal", "entered_on": "2021-11-01T12:34:56.044Z", "updated_on": "2021-11-01T12:34:56.045Z"}}, {"model": "wallet.userwalletentry", "pk": "9e62cdde-426e-4e9f-b85c-8fb25f93cd34", "fields": {"wallet": "369c2757-44fa-445c-838d-b8aecb5f73ba", "entry_type": "DEBIT", "currency": "NGN", "amount": "100.00", "ref": "WITHDRAWAL_ef22362a-b146-4a37-9444-7b7d26a868c3", "description": "Test wallet withdrawal", "entered_on": "2021-10-30T11:17:36.993Z", "updated_on": "2021-10-30T11:17:36.994Z"}}, {"model": "wallet.userwalletentry", "pk": "a07ea7f4-93e3-4d53-92f2-04bcb28483c8", "fields": {"wallet": "8266784f-552b-463f-a1f7-dbfe34f60256", "entry_type": "DEBIT", "currency": "NGN", "amount": "8929.00", "ref": "ORDER-PYT_115b1f28-f437-4225-a739-b4be4201faf3", "description": "Order #115b1f28-f437-4225-a739-b4be4201faf3 Payment", "entered_on": "2021-09-15T11:31:43.299Z", "updated_on": "2021-09-15T11:31:43.299Z"}}, {"model": "wallet.userwalletentry", "pk": "a0c21e82-a0ec-4809-ae9f-c1f18c7f9903", "fields": {"wallet": "369c2757-44fa-445c-838d-b8aecb5f73ba", "entry_type": "DEBIT", "currency": "NGN", "amount": "10.00", "ref": "WITHDRAWAL_8cedffd9-d47b-4ff5-87d5-268082b622cf", "description": "Test wallet withdrawal", "entered_on": "2021-10-30T12:05:49.397Z", "updated_on": "2021-10-30T12:05:49.397Z"}}, {"model": "wallet.userwalletentry", "pk": "a5789778-99be-43b4-a0e9-09ad6fdcba63", "fields": {"wallet": "369c2757-44fa-445c-838d-b8aecb5f73ba", "entry_type": "DEBIT", "currency": "NGN", "amount": "1000.00", "ref": "WITHDRAWAL_91ea3f89-bda0-4799-ae36-f3121cded6ae", "description": "Test wallet withdrawal", "entered_on": "2021-10-30T12:38:21.501Z", "updated_on": "2021-10-30T12:38:21.501Z"}}, {"model": "wallet.userwalletentry", "pk": "a7912246-71d4-4e73-a763-e60a5adaa8db", "fields": {"wallet": "369c2757-44fa-445c-838d-b8aecb5f73ba", "entry_type": "DEBIT", "currency": "NGN", "amount": "100.00", "ref": "WITHDRAWAL_00d7cfc0-1546-472b-ab15-5a2bd5f324da", "description": "Test wallet withdrawal", "entered_on": "2021-10-30T09:56:16.806Z", "updated_on": "2021-10-30T09:56:16.806Z"}}, {"model": "wallet.userwalletentry", "pk": "a7a7524f-9a29-438e-895c-13137c0d2739", "fields": {"wallet": "369c2757-44fa-445c-838d-b8aecb5f73ba", "entry_type": "DEBIT", "currency": "NGN", "amount": "100.00", "ref": "WITHDRAWAL_32721b36-27df-4fab-9536-9a9561182556", "description": "Test wallet withdrawal no bank code in account", "entered_on": "2021-11-01T12:24:15.394Z", "updated_on": "2021-11-01T12:24:15.394Z"}}, {"model": "wallet.userwalletentry", "pk": "adcce7cc-895c-4c7a-a5e2-1600c35d7b40", "fields": {"wallet": "8266784f-552b-463f-a1f7-dbfe34f60256", "entry_type": "CREDIT", "currency": "NGN", "amount": "10000.00", "ref": "WALLET-TOP-UP_61af2593-80f5-4b0f-a196-74e25a172fa1", "description": "Wallet amount received WALLET-TOP-UP_61af2593-80f5-4b0f-a196-74e25a172fa1", "entered_on": "2021-10-12T07:24:44.228Z", "updated_on": "2021-10-12T07:24:44.228Z"}}, {"model": "wallet.userwalletentry", "pk": "b00ae86a-d114-4d0e-9ba0-63d40ea9135f", "fields": {"wallet": "369c2757-44fa-445c-838d-b8aecb5f73ba", "entry_type": "DEBIT", "currency": "NGN", "amount": "10.00", "ref": "WITHDRAWAL_1c3ced6f-846c-40c5-a5dd-43d48a098d43", "description": "Test wallet withdrawal", "entered_on": "2021-10-30T12:10:39.494Z", "updated_on": "2021-10-30T12:10:39.494Z"}}, {"model": "wallet.userwalletentry", "pk": "b182ef21-e4b8-4ad0-b4ab-d1f227e17207", "fields": {"wallet": "369c2757-44fa-445c-838d-b8aecb5f73ba", "entry_type": "DEBIT", "currency": "NGN", "amount": "100.00", "ref": "WITHDRAWAL_99328ab2-e97c-4236-9821-093fa8eef227", "description": "Test wallet withdrawal no bank code in account", "entered_on": "2021-11-01T12:31:49.893Z", "updated_on": "2021-11-01T12:31:49.893Z"}}, {"model": "wallet.userwalletentry", "pk": "b4cb3c75-38db-4729-a0a7-6d58a6811294", "fields": {"wallet": "8266784f-552b-463f-a1f7-dbfe34f60256", "entry_type": "DEBIT", "currency": "NGN", "amount": "10802.35", "ref": "ORDER-PYT_fa57633b-4e16-4d49-9781-39149d61a9a9", "description": "Order #fa57633b-4e16-4d49-9781-39149d61a9a9 Payment", "entered_on": "2021-09-13T09:32:05.515Z", "updated_on": "2021-09-13T09:32:05.515Z"}}, {"model": "wallet.userwalletentry", "pk": "b5759ad3-8184-47cc-b7f5-11fd37da4005", "fields": {"wallet": "3ba20e36-4e68-4afa-8270-992c326ec2eb", "entry_type": "CREDIT", "currency": "NGN", "amount": "44234.40", "ref": "ORDER-PYT_33cc2bdf-9f06-4eb3-afc9-d2f7803ac8f5_9089b249-01ee-4d91-a630-dfc24c05ab92", "description": "Wallet amount received ORDER-PYT_33cc2bdf-9f06-4eb3-afc9-d2f7803ac8f5_9089b249-01ee-4d91-a630-dfc24c05ab92", "entered_on": "2021-09-15T17:59:17.561Z", "updated_on": "2021-09-15T17:59:17.561Z"}}, {"model": "wallet.userwalletentry", "pk": "b59e3cb9-2d8b-4465-8145-e2bfd6b00902", "fields": {"wallet": "8266784f-552b-463f-a1f7-dbfe34f60256", "entry_type": "DEBIT", "currency": "NGN", "amount": "2000.00", "ref": "MANUAL-DEBIT_Test 2", "description": "Dashboard Test 2", "entered_on": "2021-09-16T17:57:40.699Z", "updated_on": "2021-09-16T17:57:40.699Z"}}, {"model": "wallet.userwalletentry", "pk": "b5b4ab14-270e-4d9d-9b94-6430698cfc55", "fields": {"wallet": "369c2757-44fa-445c-838d-b8aecb5f73ba", "entry_type": "DEBIT", "currency": "NGN", "amount": "100.50", "ref": "WITHDRAWAL_4b5e2b37-1e79-403e-b6fd-3c49fdc5e60f", "description": "Test wallet withdrawal", "entered_on": "2021-10-30T13:13:20.331Z", "updated_on": "2021-10-30T13:13:20.331Z"}}, {"model": "wallet.userwalletentry", "pk": "b82f36c6-dfb4-464e-8f44-5b26845dd376", "fields": {"wallet": "369c2757-44fa-445c-838d-b8aecb5f73ba", "entry_type": "DEBIT", "currency": "NGN", "amount": "100.00", "ref": "WITHDRAWAL_8a4015f7-d3e4-4158-a73e-0f58e2db0447", "description": "Test wallet withdrawal no bank code in account", "entered_on": "2021-11-01T12:21:45.321Z", "updated_on": "2021-11-01T12:21:45.321Z"}}, {"model": "wallet.userwalletentry", "pk": "bceda96d-bed1-459a-bafd-b6ab7489c47f", "fields": {"wallet": "369c2757-44fa-445c-838d-b8aecb5f73ba", "entry_type": "DEBIT", "currency": "NGN", "amount": "7944.05", "ref": "ORDER-PYT_713a8e6c-fc2c-44de-b8c0-733ff7534785", "description": "Order #713a8e6c-fc2c-44de-b8c0-733ff7534785 Payment", "entered_on": "2021-09-13T08:48:08.081Z", "updated_on": "2021-09-13T08:48:08.081Z"}}, {"model": "wallet.userwalletentry", "pk": "bd317b9d-f599-41f3-a7c5-41815beddc4c", "fields": {"wallet": "8266784f-552b-463f-a1f7-dbfe34f60256", "entry_type": "CREDIT", "currency": "NGN", "amount": "2000.00", "ref": "WALLET-TOP-UP_6f74bcce-6177-4976-ab1e-45b307e52c60", "description": "Wallet amount received WALLET-TOP-UP_6f74bcce-6177-4976-ab1e-45b307e52c60", "entered_on": "2021-09-12T13:57:08.609Z", "updated_on": "2021-09-12T13:57:08.609Z"}}, {"model": "wallet.userwalletentry", "pk": "bd9d0e19-1a4b-4540-aff3-ff7bb5739d1c", "fields": {"wallet": "369c2757-44fa-445c-838d-b8aecb5f73ba", "entry_type": "DEBIT", "currency": "NGN", "amount": "100.00", "ref": "WITHDRAWAL_328b0691-879f-4fa8-8598-dbc66cdf30ab", "description": "Test wallet withdrawal no bank code in account", "entered_on": "2021-11-01T13:12:15.296Z", "updated_on": "2021-11-01T13:12:15.296Z"}}, {"model": "wallet.userwalletentry", "pk": "bfe6944d-110e-4a1e-86b0-ae6a6ec4a82d", "fields": {"wallet": "369c2757-44fa-445c-838d-b8aecb5f73ba", "entry_type": "DEBIT", "currency": "NGN", "amount": "10.00", "ref": "WITHDRAWAL_63902b5c-6e9d-451b-8aed-4789fe71e77d", "description": "Test wallet withdrawal no bank code in account", "entered_on": "2021-11-01T12:39:45.637Z", "updated_on": "2021-11-01T12:39:45.637Z"}}, {"model": "wallet.userwalletentry", "pk": "c106a920-b307-4c18-9822-d8c8e8dc0ae0", "fields": {"wallet": "369c2757-44fa-445c-838d-b8aecb5f73ba", "entry_type": "CREDIT", "currency": "NGN", "amount": "1000.00", "ref": "WALLET-RCV_abb25e5d-6be5-40cc-9c3a-cd63c9b1b0d2", "description": "Test", "entered_on": "2021-09-12T14:02:26.881Z", "updated_on": "2021-09-12T14:02:26.881Z"}}, {"model": "wallet.userwalletentry", "pk": "c154c453-76cf-41fe-873c-7965b3073a77", "fields": {"wallet": "369c2757-44fa-445c-838d-b8aecb5f73ba", "entry_type": "DEBIT", "currency": "NGN", "amount": "10.00", "ref": "WITHDRAWAL_1de02536-beb2-4fd2-b7ce-919bae30eadb", "description": "Test wallet withdrawal", "entered_on": "2021-10-30T12:55:06.474Z", "updated_on": "2021-10-30T12:55:06.474Z"}}, {"model": "wallet.userwalletentry", "pk": "c38090ae-02e3-4835-8037-92106969d9f0", "fields": {"wallet": "369c2757-44fa-445c-838d-b8aecb5f73ba", "entry_type": "DEBIT", "currency": "NGN", "amount": "100.00", "ref": "WITHDRAWAL_405cd7ab-96fa-444d-87d9-4bb56c1790ff", "description": "Test wallet withdrawal", "entered_on": "2021-10-30T13:09:02.084Z", "updated_on": "2021-10-30T13:09:02.084Z"}}, {"model": "wallet.userwalletentry", "pk": "c441d7ef-278a-421a-a07f-1950708c1ecc", "fields": {"wallet": "80a3b436-e6b3-47ca-9ca0-f3be15bd0d03", "entry_type": "CREDIT", "currency": "NGN", "amount": "1000.00", "ref": "MANUAL-CREDIT_Test", "description": "Test", "entered_on": "2021-09-17T08:04:35.854Z", "updated_on": "2021-09-17T08:04:35.854Z"}}, {"model": "wallet.userwalletentry", "pk": "c52f6c35-2cad-4cc0-bb0d-537bcf32816d", "fields": {"wallet": "8266784f-552b-463f-a1f7-dbfe34f60256", "entry_type": "DEBIT", "currency": "NGN", "amount": "10857.90", "ref": "ORDER-PYT_9f44184b-d38b-4623-845a-faf35d86fc3b", "description": "Order #9f44184b-d38b-4623-845a-faf35d86fc3b Payment", "entered_on": "2021-09-13T09:14:24.738Z", "updated_on": "2021-09-13T09:14:24.738Z"}}, {"model": "wallet.userwalletentry", "pk": "cb73fc3a-183e-4337-bc82-ab14b48b1154", "fields": {"wallet": "369c2757-44fa-445c-838d-b8aecb5f73ba", "entry_type": "DEBIT", "currency": "NGN", "amount": "100.00", "ref": "WITHDRAWAL_1c3a5fad-dc23-4c07-b292-cc5f1904ef8f", "description": "Test wallet withdrawal", "entered_on": "2021-11-01T11:27:14.131Z", "updated_on": "2021-11-01T11:27:14.131Z"}}, {"model": "wallet.userwalletentry", "pk": "cc61f78c-7456-42aa-b4c7-704f44b54a7b", "fields": {"wallet": "369c2757-44fa-445c-838d-b8aecb5f73ba", "entry_type": "DEBIT", "currency": "NGN", "amount": "10.00", "ref": "WITHDRAWAL_6ea063eb-b208-432f-a15a-eb52dea5a5cf", "description": "Test wallet withdrawal", "entered_on": "2021-10-30T12:06:29.963Z", "updated_on": "2021-10-30T12:06:29.963Z"}}, {"model": "wallet.userwalletentry", "pk": "cc6dc81c-1826-4537-9fcd-ccb917684c9c", "fields": {"wallet": "c32a3c65-00b3-4f4c-947a-4cdb6218aaab", "entry_type": "CREDIT", "currency": "NGN", "amount": "23.00", "ref": "WALLET-TOP-UP_b44b4171-4bfa-4147-8be1-ed3244f8c0bf", "description": "Wallet amount received WALLET-TOP-UP_b44b4171-4bfa-4147-8be1-ed3244f8c0bf", "entered_on": "2021-09-17T16:58:40.456Z", "updated_on": "2021-09-17T16:58:40.456Z"}}, {"model": "wallet.userwalletentry", "pk": "cea76dff-b40b-4d59-ae1a-dddf4f989327", "fields": {"wallet": "369c2757-44fa-445c-838d-b8aecb5f73ba", "entry_type": "DEBIT", "currency": "NGN", "amount": "1000.00", "ref": "WITHDRAWAL_804ed9c8-53b1-407a-ae5d-f26d521ff10c", "description": "Test wallet withdrawal", "entered_on": "2021-10-30T12:45:55.087Z", "updated_on": "2021-10-30T12:45:55.087Z"}}, {"model": "wallet.userwalletentry", "pk": "cf994c31-d5c5-4878-8afa-ce506699b200", "fields": {"wallet": "369c2757-44fa-445c-838d-b8aecb5f73ba", "entry_type": "DEBIT", "currency": "NGN", "amount": "100.00", "ref": "WITHDRAWAL_af4a31bf-233e-4f37-82bc-efd1fd721f9d", "description": "Test wallet withdrawal", "entered_on": "2021-10-30T13:36:57.153Z", "updated_on": "2021-10-30T13:36:57.153Z"}}, {"model": "wallet.userwalletentry", "pk": "d00aadf9-04bd-489f-8610-18b4f5f86a53", "fields": {"wallet": "369c2757-44fa-445c-838d-b8aecb5f73ba", "entry_type": "CREDIT", "currency": "NGN", "amount": "1000.00", "ref": "WALLET-RCV_a393fc29-1efb-4d1c-83db-78b6cfaacda7", "description": "Test", "entered_on": "2021-09-14T10:39:32.944Z", "updated_on": "2021-09-14T10:39:32.944Z"}}, {"model": "wallet.userwalletentry", "pk": "d158794e-2ff4-4d36-9ab9-8d0a5e428478", "fields": {"wallet": "369c2757-44fa-445c-838d-b8aecb5f73ba", "entry_type": "DEBIT", "currency": "NGN", "amount": "100.00", "ref": "WITHDRAWAL_369bed7c-9c6e-4965-bdeb-28037c79a228", "description": "Test wallet withdrawal no bank code in account", "entered_on": "2021-11-01T12:15:49.755Z", "updated_on": "2021-11-01T12:15:49.755Z"}}, {"model": "wallet.userwalletentry", "pk": "d66178b0-2f90-4235-a51f-fc9d573ac42a", "fields": {"wallet": "369c2757-44fa-445c-838d-b8aecb5f73ba", "entry_type": "CREDIT", "currency": "NGN", "amount": "100.00", "ref": "WITHDRAWAL-WITHDRAWAL_<function uuid4 at 0x7f13fcc580d0>", "description": "Withrawal reversal", "entered_on": "2021-11-01T11:27:42.910Z", "updated_on": "2021-11-01T11:27:42.910Z"}}, {"model": "wallet.userwalletentry", "pk": "d85af69c-0602-4731-b377-b4518a584b8d", "fields": {"wallet": "369c2757-44fa-445c-838d-b8aecb5f73ba", "entry_type": "DEBIT", "currency": "NGN", "amount": "100.00", "ref": "WITHDRAWAL_4d0f0819-7bc7-411b-b869-a6eca416530d", "description": "Test wallet withdrawal no bank code in account", "entered_on": "2021-11-01T12:20:48.761Z", "updated_on": "2021-11-01T12:20:48.761Z"}}, {"model": "wallet.userwalletentry", "pk": "dce8f8b3-16d8-4660-8d19-4b6ac636bd89", "fields": {"wallet": "369c2757-44fa-445c-838d-b8aecb5f73ba", "entry_type": "DEBIT", "currency": "NGN", "amount": "10.00", "ref": "WITHDRAWAL_2cb83d85-1abc-4a2a-a4c7-b0780a413af6", "description": "Test wallet withdrawal", "entered_on": "2021-11-01T12:01:37.868Z", "updated_on": "2021-11-01T12:01:37.868Z"}}, {"model": "wallet.userwalletentry", "pk": "ddd977b0-f59e-43e4-97d9-b8ef84c4a31b", "fields": {"wallet": "369c2757-44fa-445c-838d-b8aecb5f73ba", "entry_type": "DEBIT", "currency": "NGN", "amount": "10.00", "ref": "WITHDRAWAL_8d3e7bb9-60f5-4796-96c2-5b319675c1f7", "description": "Test wallet withdrawal", "entered_on": "2021-10-30T12:33:50.539Z", "updated_on": "2021-10-30T12:33:50.539Z"}}, {"model": "wallet.userwalletentry", "pk": "df5d6455-0289-48da-a395-651a7109f8de", "fields": {"wallet": "369c2757-44fa-445c-838d-b8aecb5f73ba", "entry_type": "DEBIT", "currency": "NGN", "amount": "100.00", "ref": "WITHDRAWAL_a7c0954c-fb5e-4b5e-aad1-310522ce5f31", "description": "Test wallet withdrawal no bank code in account", "entered_on": "2021-11-01T12:28:35.649Z", "updated_on": "2021-11-01T12:28:35.649Z"}}, {"model": "wallet.userwalletentry", "pk": "dfcf386e-2524-4156-b227-1b0e7bdbe15e", "fields": {"wallet": "369c2757-44fa-445c-838d-b8aecb5f73ba", "entry_type": "DEBIT", "currency": "NGN", "amount": "100.00", "ref": "WITHDRAWAL_216fb843-d503-4ebe-9e68-ed493d7634bb", "description": "Test wallet withdrawal", "entered_on": "2021-10-30T11:30:17.331Z", "updated_on": "2021-10-30T11:30:17.331Z"}}, {"model": "wallet.userwalletentry", "pk": "e2266358-f899-4c6b-8a48-a2d74a4cfb7a", "fields": {"wallet": "c32a3c65-00b3-4f4c-947a-4cdb6218aaab", "entry_type": "DEBIT", "currency": "NGN", "amount": "1000.00", "ref": "MANUAL-DEBIT_test", "description": "test", "entered_on": "2021-09-17T22:05:44.993Z", "updated_on": "2021-09-17T22:05:44.993Z"}}, {"model": "wallet.userwalletentry", "pk": "e2801992-f943-4b57-88ed-bb79241eaa5c", "fields": {"wallet": "369c2757-44fa-445c-838d-b8aecb5f73ba", "entry_type": "CREDIT", "currency": "NGN", "amount": "100.00", "ref": "WITHRAWAL-REVERSAL_ae3a8705-3cd4-4124-b681-07b68731b76b", "description": "Withrawal reversal", "entered_on": "2021-11-01T12:24:22.479Z", "updated_on": "2021-11-01T12:24:22.479Z"}}, {"model": "wallet.userwalletentry", "pk": "e4a8bbc2-0899-47d5-830b-3d2347981034", "fields": {"wallet": "369c2757-44fa-445c-838d-b8aecb5f73ba", "entry_type": "DEBIT", "currency": "NGN", "amount": "1.00", "ref": "WALLET_WIHDRAWAL_<function uuid4 at 0x7f4ce850d0d0>", "description": "wallet withdrawal test", "entered_on": "2021-10-30T09:10:07.345Z", "updated_on": "2021-10-30T09:10:07.345Z"}}, {"model": "wallet.userwalletentry", "pk": "e508f4c4-72f3-401d-a600-3e1a54d3043e", "fields": {"wallet": "369c2757-44fa-445c-838d-b8aecb5f73ba", "entry_type": "CREDIT", "currency": "NGN", "amount": "100.00", "ref": "WITHRAWAL-REVERSAL_e1e1b379-d949-45e7-9068-8702143f8972", "description": "Withrawal reversal", "entered_on": "2021-11-01T12:37:34.688Z", "updated_on": "2021-11-01T12:37:34.688Z"}}, {"model": "wallet.userwalletentry", "pk": "e542d215-a73f-4a8f-9c95-356ceb140b74", "fields": {"wallet": "5bccb9f0-2de7-46b7-8fb6-e0fccb9077b5", "entry_type": "CREDIT", "currency": "NGN", "amount": "8000.00", "ref": "MANUAL-CREDIT_7cebb402-b9e3-4ea2-bc67-a0f58a3f7dab", "description": "test manual credit", "entered_on": "2021-10-22T16:46:50.675Z", "updated_on": "2021-10-22T16:46:50.675Z"}}, {"model": "wallet.userwalletentry", "pk": "e7ef3010-d99d-4ed8-980d-2ab1427549a5", "fields": {"wallet": "369c2757-44fa-445c-838d-b8aecb5f73ba", "entry_type": "DEBIT", "currency": "NGN", "amount": "10.00", "ref": "WITHDRAWAL_07c8cf27-379b-4c38-9b7a-b2b3245d7b61", "description": "Test wallet withdrawal", "entered_on": "2021-10-30T12:35:43.675Z", "updated_on": "2021-10-30T12:35:43.675Z"}}, {"model": "wallet.userwalletentry", "pk": "ea1899ed-f9db-47a6-a2f6-196d450342c6", "fields": {"wallet": "369c2757-44fa-445c-838d-b8aecb5f73ba", "entry_type": "DEBIT", "currency": "NGN", "amount": "100.00", "ref": "WITHDRAWAL_a2c8f625-8d4c-41c7-bc4e-3157c91dadc0", "description": "Test wallet withdrawal", "entered_on": "2021-10-30T13:08:12.222Z", "updated_on": "2021-10-30T13:08:12.222Z"}}, {"model": "wallet.userwalletentry", "pk": "ebbaa2fa-5bbf-41b2-92ff-1503ffa60c69", "fields": {"wallet": "369c2757-44fa-445c-838d-b8aecb5f73ba", "entry_type": "DEBIT", "currency": "NGN", "amount": "100.00", "ref": "WITHDRAWAL_915b78c0-b15a-4089-88b5-31b32e57654f", "description": "Test wallet withdrawal", "entered_on": "2021-11-01T11:10:48.778Z", "updated_on": "2021-11-01T11:10:48.778Z"}}, {"model": "wallet.userwalletentry", "pk": "ed386b6a-0f15-4612-a5f8-112b0dec7567", "fields": {"wallet": "369c2757-44fa-445c-838d-b8aecb5f73ba", "entry_type": "CREDIT", "currency": "NGN", "amount": "7944.05", "ref": "BRIG-PYT_12345", "description": "test brig", "entered_on": "2021-09-13T08:48:06.544Z", "updated_on": "2021-09-13T08:48:06.544Z"}}, {"model": "wallet.userwalletentry", "pk": "eed95167-a2eb-4e72-8499-d9c6d14962f6", "fields": {"wallet": "369c2757-44fa-445c-838d-b8aecb5f73ba", "entry_type": "DEBIT", "currency": "NGN", "amount": "100.00", "ref": "WITHDRAWAL_c9baa6d7-c8e8-47d1-bffc-175e9c7650cf", "description": "Test wallet withdrawal no bank code in account", "entered_on": "2021-11-01T12:30:15.566Z", "updated_on": "2021-11-01T12:30:15.566Z"}}, {"model": "wallet.userwalletentry", "pk": "f06ed79b-53d3-4b18-b06d-6d57670e2dc3", "fields": {"wallet": "369c2757-44fa-445c-838d-b8aecb5f73ba", "entry_type": "CREDIT", "currency": "NGN", "amount": "100.00", "ref": "WITHDRAWAL-WITHDRAWAL_d8c9b176-6a52-4357-ad02-97e5e89e54ba", "description": "Withrawal reversal", "entered_on": "2021-11-01T11:34:54.549Z", "updated_on": "2021-11-01T11:34:54.549Z"}}, {"model": "wallet.userwalletentry", "pk": "f0f3e696-d571-49f7-8ddf-fff4ef27bc9f", "fields": {"wallet": "80a3b436-e6b3-47ca-9ca0-f3be15bd0d03", "entry_type": "CREDIT", "currency": "NGN", "amount": "89.29", "ref": "TRIP-COMMISSION-73e5ee1f-423a-4de9-be0a-59d1d8347672", "description": "payment for trip #73e5ee1f-423a-4de9-be0a-59d1d8347672", "entered_on": "2021-09-16T18:19:22.645Z", "updated_on": "2021-09-16T18:19:22.645Z"}}, {"model": "wallet.userwalletentry", "pk": "f28de1ee-def4-4bfd-8321-c52bb8a290ca", "fields": {"wallet": "369c2757-44fa-445c-838d-b8aecb5f73ba", "entry_type": "DEBIT", "currency": "NGN", "amount": "100.00", "ref": "WITHDRAWAL_0cd59757-2d1f-428b-b026-d19d1ce74bcc", "description": "Test wallet withdrawal no bank code in account", "entered_on": "2021-11-01T12:38:15.356Z", "updated_on": "2021-11-01T12:38:15.356Z"}}, {"model": "wallet.userwalletentry", "pk": "f5755f64-3a10-4c0f-a896-bbcd57ad0fba", "fields": {"wallet": "8266784f-552b-463f-a1f7-dbfe34f60256", "entry_type": "DEBIT", "currency": "NGN", "amount": "4000.00", "ref": "ORDER-PYT_81506055-94fc-41cb-ba2c-89c04bdda680", "description": "Order #81506055-94fc-41cb-ba2c-89c04bdda680 Payment", "entered_on": "2021-09-14T15:40:56.092Z", "updated_on": "2021-09-14T15:40:56.092Z"}}, {"model": "wallet.userwalletentry", "pk": "f69cc742-34c3-4c2a-a446-2859d635d1be", "fields": {"wallet": "369c2757-44fa-445c-838d-b8aecb5f73ba", "entry_type": "CREDIT", "currency": "NGN", "amount": "10000.00", "ref": "MANUAL-CREDIT_abb033c8-6067-4a5a-9223-d00235f51392", "description": "test manual credit", "entered_on": "2021-09-13T08:38:01.987Z", "updated_on": "2021-09-13T08:38:01.987Z"}}, {"model": "wallet.userwalletentry", "pk": "f7ad33e1-445f-4316-982e-aaae181636b5", "fields": {"wallet": "369c2757-44fa-445c-838d-b8aecb5f73ba", "entry_type": "DEBIT", "currency": "NGN", "amount": "100.00", "ref": "WITHDRAWAL_12b5d44d-0f55-44eb-8594-3e57d29a24b8", "description": "Test wallet withdrawal no bank code in account", "entered_on": "2021-11-01T12:37:24.076Z", "updated_on": "2021-11-01T12:37:24.076Z"}}, {"model": "wallet.userwalletentry", "pk": "fdf551af-138f-4d65-bf4e-6b60023827ba", "fields": {"wallet": "369c2757-44fa-445c-838d-b8aecb5f73ba", "entry_type": "DEBIT", "currency": "NGN", "amount": "100.00", "ref": "WITHDRAWAL_9eaf2b2a-40c7-46b2-b836-6e7ec9e7240a", "description": "Test wallet withdrawal", "entered_on": "2021-11-01T11:34:30.939Z", "updated_on": "2021-11-01T11:34:30.940Z"}}, {"model": "wallet.userwalletentry", "pk": "fe2b4e19-afe8-4455-98b8-052c18274cc2", "fields": {"wallet": "369c2757-44fa-445c-838d-b8aecb5f73ba", "entry_type": "DEBIT", "currency": "NGN", "amount": "100.00", "ref": "WITHDRAWAL_47dc8876-02fc-43ef-afe7-a3b93fa37897", "description": "Test wallet withdrawal", "entered_on": "2021-10-30T13:12:14.382Z", "updated_on": "2021-10-30T13:12:14.382Z"}}, {"model": "wallet.userwalletentry", "pk": "fe85e45a-b8bd-4ffb-b385-936259f21f95", "fields": {"wallet": "80a3b436-e6b3-47ca-9ca0-f3be15bd0d03", "entry_type": "DEBIT", "currency": "NGN", "amount": "500.00", "ref": "MANUAL-DEBIT_Test", "description": "Test", "entered_on": "2021-09-17T08:07:59.665Z", "updated_on": "2021-09-17T08:07:59.665Z"}}, {"model": "wallet.userwalletentry", "pk": "fefd1cc6-3273-49bc-bd73-2ee4c0fd8732", "fields": {"wallet": "369c2757-44fa-445c-838d-b8aecb5f73ba", "entry_type": "DEBIT", "currency": "NGN", "amount": "100.00", "ref": "WITHDRAWAL_41e27f12-0914-4efb-82c9-404bebee7543", "description": "Test wallet withdrawal", "entered_on": "2021-10-30T11:42:33.204Z", "updated_on": "2021-10-30T11:42:33.204Z"}}]